FACTOR,FACTOR_NUM,CARACTERISTICA,VARIABLE,CLAVE,PROB_PF,PROB_PM,MULTIPLICADOR,PESO_PCT,APLICA_FID
PRODUCTO,F1,INHERENTE,CUENTA SUELDOS Y SALARIOS CON INTERES ,1001,3,3,7,0.07,NO — sustituido por FF1 (tipología)
PRODUCTO,F1,INHERENTE,CUENTA SUELDOS Y SALARIOS SIN INTERES,1002,3,3,7,0.07,NO — sustituido por FF1 (tipología)
PRODUCTO,F1,INHERENTE,CUENTA SIN CHEQUERA CON INTERESES (VERDE),1003,3,3,7,0.07,NO — sustituido por FF1 (tipología)
PRODUCTO,F1,INHERENTE,CUENTA SIN CHEQUERA SIN INTERESES (VISTA),1004,2,2,7,0.07,NO — sustituido por FF1 (tipología)
PRODUCTO,F1,INHERENTE,CUENTA CON CHEQUERA (BÁSICA CON Y SIN INTERES),1007,3,3,7,0.07,NO — sustituido por FF1 (tipología)
PRODUCTO,F1,INHERENTE,CTA. CON CHQ CON INT - SALARIOS,1008,3,3,7,0.07,NO — sustituido por FF1 (tipología)
PRODUCTO,F1,INHERENTE,CTA CON INTERESES 360,1010,3,3,7,0.07,NO — sustituido por FF1 (tipología)
PRODUCTO,F1,INHERENTE,CUENTA BX+ BENEFICIOS PF/PFAE,1013,3,3,7,0.07,NO — sustituido por FF1 (tipología)
PRODUCTO,F1,INHERENTE,CUENTA BX+ SERVICIOS PF/FAE,1014,3,3,7,0.07,NO — sustituido por FF1 (tipología)
PRODUCTO,F1,INHERENTE,CUENTA BX+ USD PF (VISTA),1015,2,2,7,0.07,NO — sustituido por FF1 (tipología)
PRODUCTO,F1,INHERENTE,CUENTA BX+ EMPRESAS PM/FID,1016,3,3,7,0.07,NO — sustituido por FF1 (tipología)
PRODUCTO,F1,INHERENTE,CUENTA BX+ EMPRESAS USD PM/FID,1017,3,3,7,0.07,NO — sustituido por FF1 (tipología)
PRODUCTO,F1,INHERENTE,CUENTA BX+ CORPORATIVA PM/FID ,1018,3,3,7,0.07,NO — sustituido por FF1 (tipología)
PRODUCTO,F1,INHERENTE,CUENTA BENEFICIOS PUBLICO EN GRAL,1019,3,3,7,0.07,NO — sustituido por FF1 (tipología)
PRODUCTO,F1,INHERENTE,CUENTA GARANTIA PREMIUM 25,1020,2,2,7,0.07,NO — sustituido por FF1 (tipología)
PRODUCTO,F1,INHERENTE,CUENTA GARANTIA PREMIUM 50,1021,2,2,7,0.07,NO — sustituido por FF1 (tipología)
PRODUCTO,F1,INHERENTE,CUENTA BX+ DEPOSITO EN GARANTIA,1022,2,2,7,0.07,NO — sustituido por FF1 (tipología)
PRODUCTO,F1,INHERENTE,CUENTA BX+ EMPRESA PM/PFAE S/INT,1023,3,3,7,0.07,NO — sustituido por FF1 (tipología)
PRODUCTO,F1,INHERENTE,INVERSIÓN EMPRESARIAL BX+,1024,2,2,7,0.07,NO — sustituido por FF1 (tipología)
PRODUCTO,F1,INHERENTE,CTA DE GARANTIA,1025,2,2,7,0.07,NO — sustituido por FF1 (tipología)
PRODUCTO,F1,INHERENTE,CUENTA VERDE,1026,2,2,7,0.07,NO — sustituido por FF1 (tipología)
PRODUCTO,F1,INHERENTE,BX+ EMPRESA CAMBIOS DOLARES,1027,2,2,7,0.07,NO — sustituido por FF1 (tipología)
PRODUCTO,F1,INHERENTE,CUENTA VERDE EMPLEADOS,1028,2,2,7,0.07,NO — sustituido por FF1 (tipología)
PRODUCTO,F1,INHERENTE,CUENTA BÁSICA DE NÓMINA,1029,1,1,7,0.07,NO — sustituido por FF1 (tipología)
PRODUCTO,F1,INHERENTE,CUENTA ENLAZADOS,1030,2,2,7,0.07,NO — sustituido por FF1 (tipología)
PRODUCTO,F1,INHERENTE,CUENTA GARANTIA EN DOLARES,1032,2,2,7,0.07,NO — sustituido por FF1 (tipología)
PRODUCTO,F1,INHERENTE,CUENTA BENEFICIOS APE DIGITAL,1033,1,1,7,0.07,NO — sustituido por FF1 (tipología)
PRODUCTO,F1,INHERENTE,CUENTA VERDE APE DIGITAL,1034,1,1,7,0.07,NO — sustituido por FF1 (tipología)
PRODUCTO,F1,INHERENTE,CUENTA BX+ GOBIERNO,1036,1,1,7,0.07,NO — sustituido por FF1 (tipología)
PRODUCTO,F1,INHERENTE,Cuenta Global Art. 61,1037,1,1,7,0.07,NO — sustituido por FF1 (tipología)
PRODUCTO,F1,INHERENTE,CUENTA BX+ EMPRESARIAL PLUS,1039,2,2,7,0.07,NO — sustituido por FF1 (tipología)
PRODUCTO,F1,INHERENTE,CUENTA BX+ EMPRESA DÓLARES,1040,3,3,7,0.07,NO — sustituido por FF1 (tipología)
PRODUCTO,F1,INHERENTE,CUENTA BX+ DOLARES FRONTERA,1043,1,1,7,0.07,NO — sustituido por FF1 (tipología)
PRODUCTO,F1,INHERENTE,CONTRATO DE CAMBIOS,999990,1,1,7,0.07,NO — sustituido por FF1 (tipología)
Actividad económica / giro mercantil,F12,INHERENTE,SE DESCONOCE (TENTATIVA),0,5,5,8,0.08,SÍ — integrante
Actividad económica / giro mercantil,F12,INHERENTE,AGRICULTURA,100008,2,2,8,0.08,SÍ — integrante
Actividad económica / giro mercantil,F12,INHERENTE,1.Agricultura,100101,2,2,8,0.08,SÍ — integrante
Actividad económica / giro mercantil,F12,INHERENTE,2. Ganadería,100102,2,2,8,0.08,SÍ — integrante
Actividad económica / giro mercantil,F12,INHERENTE,Silvicultura,100103,2,2,8,0.08,SÍ — integrante
Actividad económica / giro mercantil,F12,INHERENTE,Caza y pesca,100104,2,2,8,0.08,SÍ — integrante
Actividad económica / giro mercantil,F12,INHERENTE,CULTIVO DE ALPISTE,111013,2,2,8,0.08,SÍ — integrante
Actividad económica / giro mercantil,F12,INHERENTE,CULTIVO DE ARROZ,111021,3,3,8,0.08,SÍ — integrante
Actividad económica / giro mercantil,F12,INHERENTE,CULTIVO DE AVENA,111039,2,2,8,0.08,SÍ — integrante
Actividad económica / giro mercantil,F12,INHERENTE,CULTIVO DE CEBADA,111047,2,2,8,0.08,SÍ — integrante
Actividad económica / giro mercantil,F12,INHERENTE,CULTIVO DE LINAZA,111055,2,2,8,0.08,SÍ — integrante
Actividad económica / giro mercantil,F12,INHERENTE,CULTIVO DE MAIZ,111063,2,2,8,0.08,SÍ — integrante
Actividad económica / giro mercantil,F12,INHERENTE,CULTIVO DE MILO,111071,2,2,8,0.08,SÍ — integrante
Actividad económica / giro mercantil,F12,INHERENTE,CULTIVO DE SORGO,111089,2,2,8,0.08,SÍ — integrante
Actividad económica / giro mercantil,F12,INHERENTE,CULTIVO DE SOYA,111097,2,2,8,0.08,SÍ — integrante
Actividad económica / giro mercantil,F12,INHERENTE,CULTIVO DE TRIGO,111104,2,2,8,0.08,SÍ — integrante
Actividad económica / giro mercantil,F12,INHERENTE,CULTIVO DE AJO,112011,2,2,8,0.08,SÍ — integrante
Actividad económica / giro mercantil,F12,INHERENTE,CULTIVO DE CALABAZA,112029,2,2,8,0.08,SÍ — integrante
Actividad económica / giro mercantil,F12,INHERENTE,CULTIVO DE CAMOTE,112037,2,2,8,0.08,SÍ — integrante
Actividad económica / giro mercantil,F12,INHERENTE,CULTIVO DE CEBOLLA,112045,2,2,8,0.08,SÍ — integrante
Actividad económica / giro mercantil,F12,INHERENTE,CULTIVO DE CHILE,112053,2,2,8,0.08,SÍ — integrante
Actividad económica / giro mercantil,F12,INHERENTE,CULTIVO DE ESPARRAGO,112061,2,2,8,0.08,SÍ — integrante
Actividad económica / giro mercantil,F12,INHERENTE,CULTIVO DE FRIJOL,112079,2,2,8,0.08,SÍ — integrante
Actividad económica / giro mercantil,F12,INHERENTE,CULTIVO DE GARBANZO,112087,2,2,8,0.08,SÍ — integrante
Actividad económica / giro mercantil,F12,INHERENTE,CULTIVO DE JITOMATE,112095,2,2,8,0.08,SÍ — integrante
Actividad económica / giro mercantil,F12,INHERENTE,CULTIVO DE LENTEJA,112102,2,2,8,0.08,SÍ — integrante
Actividad económica / giro mercantil,F12,INHERENTE,CULTIVO DE NOPAL,112110,2,2,8,0.08,SÍ — integrante
Actividad económica / giro mercantil,F12,INHERENTE,CULTIVO DE OTRAS HORTALIZAS,112128,2,2,8,0.08,SÍ — integrante
Actividad económica / giro mercantil,F12,INHERENTE,CULTIVO DE PAPA,112136,2,2,8,0.08,SÍ — integrante
Actividad económica / giro mercantil,F12,INHERENTE,CULTIVO DE REMOLACHA,112144,2,2,8,0.08,SÍ — integrante
Actividad económica / giro mercantil,F12,INHERENTE,CULTIVO DE TOMATE,112152,2,2,8,0.08,SÍ — integrante
Actividad económica / giro mercantil,F12,INHERENTE,CULTIVO DE YUCA,112160,2,2,8,0.08,SÍ — integrante
Actividad económica / giro mercantil,F12,INHERENTE,CULTIVO DE ALFALFA,113019,2,2,8,0.08,SÍ — integrante
Actividad económica / giro mercantil,F12,INHERENTE,CULTIVO DE FRESA,119017,2,2,8,0.08,SÍ — integrante
Actividad económica / giro mercantil,F12,INHERENTE,CULTIVO DE MELON,119025,2,2,8,0.08,SÍ — integrante
Actividad económica / giro mercantil,F12,INHERENTE,CULTIVO DE PIÑA,119033,2,2,8,0.08,SÍ — integrante
Actividad económica / giro mercantil,F12,INHERENTE,CULTIVO DE SANDIA,119041,2,2,8,0.08,SÍ — integrante
Actividad económica / giro mercantil,F12,INHERENTE,CULTIVO DE ALGODON,121012,2,2,8,0.08,SÍ — integrante
Actividad económica / giro mercantil,F12,INHERENTE,CULTIVO DE CAÑA DE AZUCAR,122010,2,2,8,0.08,SÍ — integrante
Actividad económica / giro mercantil,F12,INHERENTE,CULTIVO DE TABACO,123018,3,3,8,0.08,SÍ — integrante
Actividad económica / giro mercantil,F12,INHERENTE,CULTIVO DE AJONJOLI,124016,2,2,8,0.08,SÍ — integrante
Actividad económica / giro mercantil,F12,INHERENTE,CULTIVO DE CACAHUATE,124024,2,2,8,0.08,SÍ — integrante
Actividad económica / giro mercantil,F12,INHERENTE,CULTIVO DE CARTAMO,124032,2,2,8,0.08,SÍ — integrante
Actividad económica / giro mercantil,F12,INHERENTE,CULTIVO DE NUEZ,124040,2,2,8,0.08,SÍ — integrante
Actividad económica / giro mercantil,F12,INHERENTE,CULTIVO DE OLIVO,124058,2,2,8,0.08,SÍ — integrante
Actividad económica / giro mercantil,F12,INHERENTE,CULTIVO DE ESPECIAS,129016,2,2,8,0.08,SÍ — integrante
Actividad económica / giro mercantil,F12,INHERENTE,CULTIVO DE OTRAS SEMILLAS,129024,4,4,8,0.08,SÍ — integrante
Actividad económica / giro mercantil,F12,INHERENTE,CULTIVO DE SEMILLAS MEJORADAS,129032,2,2,8,0.08,SÍ — integrante
Actividad económica / giro mercantil,F12,INHERENTE,CULTIVO DE VAINILLA,129040,3,3,8,0.08,SÍ — integrante
Actividad económica / giro mercantil,F12,INHERENTE,CULTIVO DE FLORES Y PLANTAS DE ORNATO,131011,2,2,8,0.08,SÍ — integrante
Actividad económica / giro mercantil,F12,INHERENTE,CULTIVO DE CAFE,141010,2,2,8,0.08,SÍ — integrante
Actividad económica / giro mercantil,F12,INHERENTE,CULTIVO DE AGUACATE,142018,2,2,8,0.08,SÍ — integrante
Actividad económica / giro mercantil,F12,INHERENTE,CULTIVO DE DURAZNO,142026,2,2,8,0.08,SÍ — integrante
Actividad económica / giro mercantil,F12,INHERENTE,CULTIVO DE GUAYABA,142034,2,2,8,0.08,SÍ — integrante
Actividad económica / giro mercantil,F12,INHERENTE,CULTIVO DE LIMON,142042,2,2,8,0.08,SÍ — integrante
Actividad económica / giro mercantil,F12,INHERENTE,CULTIVO DE MANGO,142050,2,2,8,0.08,SÍ — integrante
Actividad económica / giro mercantil,F12,INHERENTE,CULTIVO DE MANZANA,142068,2,2,8,0.08,SÍ — integrante
Actividad económica / giro mercantil,F12,INHERENTE,CULTIVO DE NARANJA,142076,2,2,8,0.08,SÍ — integrante
Actividad económica / giro mercantil,F12,INHERENTE,CULTIVO DE OTROS ARBOLES FRUTALES,142084,2,2,8,0.08,SÍ — integrante
Actividad económica / giro mercantil,F12,INHERENTE,CULTIVO DE PAPAYA,142092,2,2,8,0.08,SÍ — integrante
Actividad económica / giro mercantil,F12,INHERENTE,CULTIVO DE PLATANO,142109,2,2,8,0.08,SÍ — integrante
Actividad económica / giro mercantil,F12,INHERENTE,CULTIVO DE TAMARINDO,142117,2,2,8,0.08,SÍ — integrante
Actividad económica / giro mercantil,F12,INHERENTE,CULTIVO DE TORONJA,142125,2,2,8,0.08,SÍ — integrante
Actividad económica / giro mercantil,F12,INHERENTE,CULTIVO DE VID,143016,2,2,8,0.08,SÍ — integrante
Actividad económica / giro mercantil,F12,INHERENTE,CULTIVO DE HENEQUEN,144014,2,2,8,0.08,SÍ — integrante
Actividad económica / giro mercantil,F12,INHERENTE,CULTIVO DE LINO,144022,2,2,8,0.08,SÍ — integrante
Actividad económica / giro mercantil,F12,INHERENTE,CULTIVO DE OTRAS FIBRAS DURAS,144030,2,2,8,0.08,SÍ — integrante
Actividad económica / giro mercantil,F12,INHERENTE,CULTIVO DE AGAVE O MEZCAL,145012,3,3,8,0.08,SÍ — integrante
Actividad económica / giro mercantil,F12,INHERENTE,CULTIVO DE MAGUEY,145020,2,2,8,0.08,SÍ — integrante
Actividad económica / giro mercantil,F12,INHERENTE,CULTIVO DE COPRA,146010,2,2,8,0.08,SÍ — integrante
Actividad económica / giro mercantil,F12,INHERENTE,CULTIVO DE CACAO,147018,2,2,8,0.08,SÍ — integrante
Actividad económica / giro mercantil,F12,INHERENTE,OTROS CULTIVOS PERMANENTES,149014,2,2,8,0.08,SÍ — integrante
Actividad económica / giro mercantil,F12,INHERENTE,USUARIOS MENORES AGRICULTURA,149907,2,2,8,0.08,SÍ — integrante
Actividad económica / giro mercantil,F12,INHERENTE,CARTERA AGRICOLA DE ESTADOS ANALITICOS,149915,2,2,8,0.08,SÍ — integrante
Actividad económica / giro mercantil,F12,INHERENTE,IRRIGACION DE TIERRAS,191015,1,1,8,0.08,SÍ — integrante
Actividad económica / giro mercantil,F12,INHERENTE,PREPARACION DE TIERRAS DE CULTIVO Y OTROS SERVICIOS AGRICOLAS,191023,1,1,8,0.08,SÍ — integrante
Actividad económica / giro mercantil,F12,INHERENTE,GANADERÍA,200006,2,2,8,0.08,SÍ — integrante
Actividad económica / giro mercantil,F12,INHERENTE,Carbón y derivados,200105,2,2,8,0.08,SÍ — integrante
Actividad económica / giro mercantil,F12,INHERENTE,Extracción de petróleo,200106,2,2,8,0.08,SÍ — integrante
Actividad económica / giro mercantil,F12,INHERENTE,Mineral de hierro,200107,2,2,8,0.08,SÍ — integrante
Actividad económica / giro mercantil,F12,INHERENTE,8.Minerales met#licos no ferrosos,200108,2,2,8,0.08,SÍ — integrante
Actividad económica / giro mercantil,F12,INHERENTE,"9.Arena, grava, arcilla",200109,1,1,8,0.08,SÍ — integrante
Actividad económica / giro mercantil,F12,INHERENTE,Minerales no metálicos,200110,2,2,8,0.08,SÍ — integrante
Actividad económica / giro mercantil,F12,INHERENTE,Productos cárnicos y lácteos,200211,2,2,8,0.08,SÍ — integrante
Actividad económica / giro mercantil,F12,INHERENTE,Envasado de frutas y legumbres,200212,1,1,8,0.08,SÍ — integrante
Actividad económica / giro mercantil,F12,INHERENTE,Molienda de trigo y sus producto,200213,1,1,8,0.08,SÍ — integrante
Actividad económica / giro mercantil,F12,INHERENTE,"Molienda, nixtamal, sus productos derivados",200214,1,1,8,0.08,SÍ — integrante
Actividad económica / giro mercantil,F12,INHERENTE,Procesamiento de café,200215,3,3,8,0.08,SÍ — integrante
Actividad económica / giro mercantil,F12,INHERENTE,Azúcar y sus derivados,200216,3,3,8,0.08,SÍ — integrante
Actividad económica / giro mercantil,F12,INHERENTE,Aceites grasas vegetales domésticos,200217,1,1,8,0.08,SÍ — integrante
Actividad económica / giro mercantil,F12,INHERENTE,Alimentos para animales,200218,1,1,8,0.08,SÍ — integrante
Actividad económica / giro mercantil,F12,INHERENTE,Otros productos alimenticios,200219,1,1,8,0.08,SÍ — integrante
Actividad económica / giro mercantil,F12,INHERENTE,Bebidas alcohólicas,200220,3,3,8,0.08,SÍ — integrante
Actividad económica / giro mercantil,F12,INHERENTE,Cerveza,200221,3,3,8,0.08,SÍ — integrante
Actividad económica / giro mercantil,F12,INHERENTE,Refrescos y bebidas embotelladas,200222,2,2,8,0.08,SÍ — integrante
Actividad económica / giro mercantil,F12,INHERENTE,Tabaco y sus productos,200223,3,3,8,0.08,SÍ — integrante
Actividad económica / giro mercantil,F12,INHERENTE,Hilados y tejidos fibras blandas,200324,1,1,8,0.08,SÍ — integrante
Actividad económica / giro mercantil,F12,INHERENTE,Hilados y tejidos fibras duras,200325,1,1,8,0.08,SÍ — integrante
Actividad económica / giro mercantil,F12,INHERENTE,Otras industrias textiles,200326,1,1,8,0.08,SÍ — integrante
Actividad económica / giro mercantil,F12,INHERENTE,Prendas de vestir,200327,1,1,8,0.08,SÍ — integrante
Actividad económica / giro mercantil,F12,INHERENTE,Cuero y sus productos,200328,1,1,8,0.08,SÍ — integrante
Actividad económica / giro mercantil,F12,INHERENTE,Aserraderos incluso triplay,200429,1,1,8,0.08,SÍ — integrante
Actividad económica / giro mercantil,F12,INHERENTE,Otras industrias de la madera,200430,1,1,8,0.08,SÍ — integrante
Actividad económica / giro mercantil,F12,INHERENTE,31.Papel y cartón,200531,1,1,8,0.08,SÍ — integrante
Actividad económica / giro mercantil,F12,INHERENTE,Imprentas y editoriales,200532,1,1,8,0.08,SÍ — integrante
Actividad económica / giro mercantil,F12,INHERENTE,33.Refinación de petróleo,200633,2,2,8,0.08,SÍ — integrante
Actividad económica / giro mercantil,F12,INHERENTE,Petroquímica básica,200634,2,2,8,0.08,SÍ — integrante
Actividad económica / giro mercantil,F12,INHERENTE,Química básica,200635,3,3,8,0.08,SÍ — integrante
Actividad económica / giro mercantil,F12,INHERENTE,36.Abonos y fertilizantes,200636,1,1,8,0.08,SÍ — integrante
Actividad económica / giro mercantil,F12,INHERENTE,"Resinas sintéticas, plástico.",200637,2,2,8,0.08,SÍ — integrante
Actividad económica / giro mercantil,F12,INHERENTE,Productos farmacéuticos,200638,2,2,8,0.08,SÍ — integrante
Actividad económica / giro mercantil,F12,INHERENTE,Jabones detergentes perfumes y c,200639,2,2,8,0.08,SÍ — integrante
Actividad económica / giro mercantil,F12,INHERENTE,Otras industrias químicas,200640,3,3,8,0.08,SÍ — integrante
Actividad económica / giro mercantil,F12,INHERENTE,Productos de hule,200641,2,2,8,0.08,SÍ — integrante
Actividad económica / giro mercantil,F12,INHERENTE,Productos de plástico,200642,2,2,8,0.08,SÍ — integrante
Actividad económica / giro mercantil,F12,INHERENTE,Vidrio y sus productos,200743,1,1,8,0.08,SÍ — integrante
Actividad económica / giro mercantil,F12,INHERENTE,Cemento,200744,1,1,8,0.08,SÍ — integrante
Actividad económica / giro mercantil,F12,INHERENTE,45.Otros productos minerales no met,200745,2,2,8,0.08,SÍ — integrante
Actividad económica / giro mercantil,F12,INHERENTE,Industrias básicas de hierro,200846,2,2,8,0.08,SÍ — integrante
Actividad económica / giro mercantil,F12,INHERENTE,Ind. básicas de metales no ferro,200847,2,2,8,0.08,SÍ — integrante
Actividad económica / giro mercantil,F12,INHERENTE,Muebles y accesorios metálicos,200948,2,2,8,0.08,SÍ — integrante
Actividad económica / giro mercantil,F12,INHERENTE,Productos metálicos estructurales,200949,2,2,8,0.08,SÍ — integrante
Actividad económica / giro mercantil,F12,INHERENTE,Otros productos metálicos,200950,3,3,8,0.08,SÍ — integrante
Actividad económica / giro mercantil,F12,INHERENTE,51.Maquinaria y equipo no eléctrico,200951,2,2,8,0.08,SÍ — integrante
Actividad económica / giro mercantil,F12,INHERENTE,Maquinaria y aparatos eléctricos,200952,2,2,8,0.08,SÍ — integrante
Actividad económica / giro mercantil,F12,INHERENTE,Aparatos electrodomésticos,200953,2,2,8,0.08,SÍ — integrante
Actividad económica / giro mercantil,F12,INHERENTE,Equipos y aparatos electrónicos,200954,2,2,8,0.08,SÍ — integrante
Actividad económica / giro mercantil,F12,INHERENTE,Equipos y aparatos eléctricos,200955,2,2,8,0.08,SÍ — integrante
Actividad económica / giro mercantil,F12,INHERENTE,56.Vehículos y automóviles,200956,5,5,8,0.08,SÍ — integrante
Actividad económica / giro mercantil,F12,INHERENTE,"Carrocerías, Motores, Partes y A",200957,2,2,8,0.08,SÍ — integrante
Actividad económica / giro mercantil,F12,INHERENTE,58.Equipos y materiales de transp.,200958,1,1,8,0.08,SÍ — integrante
Actividad económica / giro mercantil,F12,INHERENTE,FABRICACION DE ARMAS,200959,5,5,8,0.08,SÍ — integrante
Actividad económica / giro mercantil,F12,INHERENTE,59.Otras ind. manufacturera,201059,1,1,8,0.08,SÍ — integrante
Actividad económica / giro mercantil,F12,INHERENTE,60.Construcción,201160,5,5,8,0.08,SÍ — integrante
Actividad económica / giro mercantil,F12,INHERENTE,"61. Electricidad, gas y agua",201261,1,1,8,0.08,SÍ — integrante
Actividad económica / giro mercantil,F12,INHERENTE,CRIA Y EXPLOTACION DE GANADO VACUNO PARA CARNE,211011,2,2,8,0.08,SÍ — integrante
Actividad económica / giro mercantil,F12,INHERENTE,CRIA Y EXPLOTACION DE GANADO VACUNO PARA LECHE,212019,2,2,8,0.08,SÍ — integrante
Actividad económica / giro mercantil,F12,INHERENTE,CRIA DE GANADO DE LIDIA,213017,2,2,8,0.08,SÍ — integrante
Actividad económica / giro mercantil,F12,INHERENTE,CRIA DE GANADO CABALLAR,214015,2,2,8,0.08,SÍ — integrante
Actividad económica / giro mercantil,F12,INHERENTE,CRIA DE OTROS EQUINOS Y GANADO PARA EL TRABAJO,219015,2,2,8,0.08,SÍ — integrante
Actividad económica / giro mercantil,F12,INHERENTE,USUARIOS MENORES GANADERIA,219908,1,1,8,0.08,SÍ — integrante
Actividad económica / giro mercantil,F12,INHERENTE,CARTERA GANADERA DE ESTADOS ANALITICOS,219916,2,2,8,0.08,SÍ — integrante
Actividad económica / giro mercantil,F12,INHERENTE,CRIA Y EXPLOTACION DE GANADO PORCINO,221010,2,2,8,0.08,SÍ — integrante
Actividad económica / giro mercantil,F12,INHERENTE,CRIA Y EXPLOTACION DE GANADO OVINO,222018,2,2,8,0.08,SÍ — integrante
Actividad económica / giro mercantil,F12,INHERENTE,CRIA Y EXPLOTACION DE GANADO CAPRINO,223016,2,2,8,0.08,SÍ — integrante
Actividad económica / giro mercantil,F12,INHERENTE,CRIA Y EXPLOTACION DE GALLINA PARA PRODUCCION DE HUEVO,231019,2,2,8,0.08,SÍ — integrante
Actividad económica / giro mercantil,F12,INHERENTE,CRIA Y EXPLOTACION DE POLLOS,232017,2,2,8,0.08,SÍ — integrante
Actividad económica / giro mercantil,F12,INHERENTE,CRIA Y EXPLOTACION DE OTRAS AVES PARA ALIMENTACION,233015,2,2,8,0.08,SÍ — integrante
Actividad económica / giro mercantil,F12,INHERENTE,CRIA Y EXPLOTACION DE ABEJAS,241018,2,2,8,0.08,SÍ — integrante
Actividad económica / giro mercantil,F12,INHERENTE,CRIA Y EXPLOTACION DE CONEJOS Y LIEBRES,251017,2,2,8,0.08,SÍ — integrante
Actividad económica / giro mercantil,F12,INHERENTE,"CRIA Y EXPLOTACION DE ANIMALES DOMESTICOS, PARA LABORATORIO Y OTROS FINES NO ALIMENTICIOS",259011,2,2,8,0.08,SÍ — integrante
Actividad económica / giro mercantil,F12,INHERENTE,CRIA Y EXPLOTACION DE GUSANO DE SEDA,259029,2,2,8,0.08,SÍ — integrante
Actividad económica / giro mercantil,F12,INHERENTE,FORMACION DE PRADERAS Y POTREROS ARTIFICIALES,291013,1,1,8,0.08,SÍ — integrante
Actividad económica / giro mercantil,F12,INHERENTE,INSEMINACION ARTIFICIAL Y OTROS SERVICIOS DE GANADERIA,291021,1,1,8,0.08,SÍ — integrante
Actividad económica / giro mercantil,F12,INHERENTE,SILVICULTURA,300004,2,2,8,0.08,SÍ — integrante
Actividad económica / giro mercantil,F12,INHERENTE,62. Comercio,300162,4,4,8,0.08,SÍ — integrante
Actividad económica / giro mercantil,F12,INHERENTE,"Casinos, Loterías y Juegos de Azar",300163,5,5,8,0.08,SÍ — integrante
Actividad económica / giro mercantil,F12,INHERENTE,Comercio de antigüedades,300164,5,5,8,0.08,SÍ — integrante
Actividad económica / giro mercantil,F12,INHERENTE,Bares y cantinas,300165,5,5,8,0.08,SÍ — integrante
Actividad económica / giro mercantil,F12,INHERENTE,Servicios financieros,300166,2,2,8,0.08,SÍ — integrante
Actividad económica / giro mercantil,F12,INHERENTE,JUEGOS DE FERIA,300167,5,5,8,0.08,SÍ — integrante
Actividad económica / giro mercantil,F12,INHERENTE,GALERIAS DE ARTES GRAFICAS Y MUSEOS,300168,5,5,8,0.08,SÍ — integrante
Actividad económica / giro mercantil,F12,INHERENTE,COMPRA VENTA DE OTRAS JOYAS,300169,5,5,8,0.08,SÍ — integrante
Actividad económica / giro mercantil,F12,INHERENTE,TALLADO DE PIEDRAS PRECIOSAS,300170,5,5,8,0.08,SÍ — integrante
Actividad económica / giro mercantil,F12,INHERENTE,COMPRA VENTA DE ARMAS DE FUEGO,300171,5,5,8,0.08,SÍ — integrante
Actividad económica / giro mercantil,F12,INHERENTE,QUEHACERES DEL HOGAR,300172,2,2,8,0.08,SÍ — integrante
Actividad económica / giro mercantil,F12,INHERENTE,PLANTACION Y REFORESTACION,311019,1,1,8,0.08,SÍ — integrante
Actividad económica / giro mercantil,F12,INHERENTE,EXTRACCION DE TRONCOS PARA ASERRADEROS Y PARA PULPA INCLUSO LA MADERA TOSCAMENTE ASERRADA,312017,2,2,8,0.08,SÍ — integrante
Actividad económica / giro mercantil,F12,INHERENTE,EXTRACCION DE CARBON VEGETAL,313015,1,1,8,0.08,SÍ — integrante
Actividad económica / giro mercantil,F12,INHERENTE,EXTRACCION DE CHICLE,321018,1,1,8,0.08,SÍ — integrante
Actividad económica / giro mercantil,F12,INHERENTE,EXPLOTACION DE CANDELILLA,322016,1,1,8,0.08,SÍ — integrante
Actividad económica / giro mercantil,F12,INHERENTE,EXPLOTACION DE HULE,322024,1,1,8,0.08,SÍ — integrante
Actividad económica / giro mercantil,F12,INHERENTE,EXTRACCION DE COLOFONIA,322032,1,1,8,0.08,SÍ — integrante
Actividad económica / giro mercantil,F12,INHERENTE,EXTRACCION DE OTRAS RESINAS,322040,1,1,8,0.08,SÍ — integrante
Actividad económica / giro mercantil,F12,INHERENTE,EXPLOTACION DE RAICES,323014,1,1,8,0.08,SÍ — integrante
Actividad económica / giro mercantil,F12,INHERENTE,EXTRACCION DE ALQUITRAN VEGETAL,323022,1,1,8,0.08,SÍ — integrante
Actividad económica / giro mercantil,F12,INHERENTE,EXTRACCION DE TREMENTINA,323030,1,1,8,0.08,SÍ — integrante
Actividad económica / giro mercantil,F12,INHERENTE,CULTIVO Y EXPLOTACION DE PALMA Y LECHUGUILLA,329012,2,2,8,0.08,SÍ — integrante
Actividad económica / giro mercantil,F12,INHERENTE,EXPLOTACION DE BARBASCO ARBORESCENTES Y ARBUSTOS,329020,1,1,8,0.08,SÍ — integrante
Actividad económica / giro mercantil,F12,INHERENTE,"USUARIOS MENORES SILVICULTURA, PESCA Y PRESERVACION DE ANIMALES SALVAJES",329905,1,1,8,0.08,SÍ — integrante
Actividad económica / giro mercantil,F12,INHERENTE,CARTERA SILVICOLA DE ESTADOS ANALITICOS,329913,2,2,8,0.08,SÍ — integrante
Actividad económica / giro mercantil,F12,INHERENTE,SERVICIOS DE CORTADO ESTIMACION DEL VOLUMEN DE MADERA PROTECCION DE BOSQUES Y OTROS SERVICIOS RELATIVOS A LA EXPLOTACION FORESTAL,391011,1,1,8,0.08,SÍ — integrante
Actividad económica / giro mercantil,F12,INHERENTE,PESCA,400002,2,2,8,0.08,SÍ — integrante
Actividad económica / giro mercantil,F12,INHERENTE,Restaurantes y hoteles,400163,4,4,8,0.08,SÍ — integrante
Actividad económica / giro mercantil,F12,INHERENTE,64. Transporte y almacenaje,400164,3,3,8,0.08,SÍ — integrante
Actividad económica / giro mercantil,F12,INHERENTE,65. Comunicaciones,400165,2,2,8,0.08,SÍ — integrante
Actividad económica / giro mercantil,F12,INHERENTE,66. Servicios financieros,400166,2,2,8,0.08,SÍ — integrante
Actividad económica / giro mercantil,F12,INHERENTE,67. Actividades inmobiliarias y de,400167,5,5,8,0.08,SÍ — integrante
Actividad económica / giro mercantil,F12,INHERENTE,68. Servicos profesionales,400168,2,2,8,0.08,SÍ — integrante
Actividad económica / giro mercantil,F12,INHERENTE,69. Servicios de educaci#n,400169,2,2,8,0.08,SÍ — integrante
Actividad económica / giro mercantil,F12,INHERENTE,Servicios médicos,400170,2,2,8,0.08,SÍ — integrante
Actividad económica / giro mercantil,F12,INHERENTE,Servicios de esparcimiento,400171,4,4,8,0.08,SÍ — integrante
Actividad económica / giro mercantil,F12,INHERENTE,72. Otros servicios,400172,5,5,8,0.08,SÍ — integrante
Actividad económica / giro mercantil,F12,INHERENTE,Aviacion,400173,4,4,8,0.08,SÍ — integrante
Actividad económica / giro mercantil,F12,INHERENTE,INSTITUCIONES DE ASISTENCIA PRIVADA,400174,5,5,8,0.08,SÍ — integrante
Actividad económica / giro mercantil,F12,INHERENTE,ORGANIZACIONES RELIGIOSAS,400175,5,5,8,0.08,SÍ — integrante
Actividad económica / giro mercantil,F12,INHERENTE,Panteones y funerarias.,400176,4,4,8,0.08,SÍ — integrante
Actividad económica / giro mercantil,F12,INHERENTE,AGENCIA DE INHUMACIONES,400177,4,4,8,0.08,SÍ — integrante
Actividad económica / giro mercantil,F12,INHERENTE,Transportación marítima y/o embarcaciones,400178,4,4,8,0.08,SÍ — integrante
Actividad económica / giro mercantil,F12,INHERENTE,CENTROS CAMBIARIOS,400179,5,5,8,0.08,SÍ — integrante
Actividad económica / giro mercantil,F12,INHERENTE,CASA DE CAMBIO,400180,5,5,8,0.08,SÍ — integrante
Actividad económica / giro mercantil,F12,INHERENTE,CENTRO NOCTURNO,400181,5,5,8,0.08,SÍ — integrante
Actividad económica / giro mercantil,F12,INHERENTE,SALA DE CINE,400182,3,3,8,0.08,SÍ — integrante
Actividad económica / giro mercantil,F12,INHERENTE,TEATRO,400183,3,3,8,0.08,SÍ — integrante
Actividad económica / giro mercantil,F12,INHERENTE,ESTADIOS Y ARENAS,400184,5,5,8,0.08,SÍ — integrante
Actividad económica / giro mercantil,F12,INHERENTE,AGENCIA ADUANAL,400185,5,5,8,0.08,SÍ — integrante
Actividad económica / giro mercantil,F12,INHERENTE,Publicación de periódicos y/o revistas y periodistas en gene,400186,2,2,8,0.08,SÍ — integrante
Actividad económica / giro mercantil,F12,INHERENTE,CAPTURA DE ATUN BONITO BARRILETE Y SIMILARES,411017,2,2,8,0.08,SÍ — integrante
Actividad económica / giro mercantil,F12,INHERENTE,CAPTURA DE SARDINA Y SIMILARES,412015,1,1,8,0.08,SÍ — integrante
Actividad económica / giro mercantil,F12,INHERENTE,CAPTURA DE TIBURON CAZON RAYA Y SIMILARES,413013,2,2,8,0.08,SÍ — integrante
Actividad económica / giro mercantil,F12,INHERENTE,CAPTURA DE OTROS PECES EN ESTUARIOS COSTAS O ALTA MAR,419011,1,1,8,0.08,SÍ — integrante
Actividad económica / giro mercantil,F12,INHERENTE,CARTERA PESQUERA DE ESTADOS ANALITICOS,419912,2,2,8,0.08,SÍ — integrante
Actividad económica / giro mercantil,F12,INHERENTE,CAPTURA DE CAMARON,421016,1,1,8,0.08,SÍ — integrante
Actividad económica / giro mercantil,F12,INHERENTE,CAPTURA DE OSTION,422014,1,1,8,0.08,SÍ — integrante
Actividad económica / giro mercantil,F12,INHERENTE,CAPTURA DE OTROS CRUSTACEOS Y MOLUSCOS MARINOS,429010,1,1,8,0.08,SÍ — integrante
Actividad económica / giro mercantil,F12,INHERENTE,CAPTURA DE TORTUGA Y OTROS REPTILES MARINOS,431015,3,3,8,0.08,SÍ — integrante
Actividad económica / giro mercantil,F12,INHERENTE,CAPTURA DE MAMIFEROS ANFIBIOS Y DIVERSOS INVERTEBRADOS DE MAR,439019,1,1,8,0.08,SÍ — integrante
Actividad económica / giro mercantil,F12,INHERENTE,RECOLECCION DE CONCHAS HUEVOS CORALES ESPONJAS Y PERLAS,441014,1,1,8,0.08,SÍ — integrante
Actividad económica / giro mercantil,F12,INHERENTE,RECOLECCION DE ALGAS Y OTRAS PLANTAS ACUATICAS,442012,1,1,8,0.08,SÍ — integrante
Actividad económica / giro mercantil,F12,INHERENTE,CAPTURA DE PECES EN RIOS  LAGOS Y ESTUARIOS,451013,1,1,8,0.08,SÍ — integrante
Actividad económica / giro mercantil,F12,INHERENTE,CAPTURA DE CRUSTACEOS MOLUSCOS REPTILES ANFIBIOS Y OTRA FAUNA DE AGUA DULCE,452011,1,1,8,0.08,SÍ — integrante
Actividad económica / giro mercantil,F12,INHERENTE,CRIA Y EXPLOTACION DE OSTRAS,459017,2,2,8,0.08,SÍ — integrante
Actividad económica / giro mercantil,F12,INHERENTE,CRIA Y EXPLOTACION DE PECES  OTRAS ESPECIES ANIMALES Y PLANTAS ACUATICAS,459025,2,2,8,0.08,SÍ — integrante
Actividad económica / giro mercantil,F12,INHERENTE,SERVICIOS DE PESQUERIAS MARITIMAS Y DE AGUA DULCE POR CONTRATO,491019,1,1,8,0.08,SÍ — integrante
Actividad económica / giro mercantil,F12,INHERENTE,CAZA,500000,1,1,8,0.08,SÍ — integrante
Actividad económica / giro mercantil,F12,INHERENTE,73. Administración publica y defens,500173,2,2,8,0.08,SÍ — integrante
Actividad económica / giro mercantil,F12,INHERENTE,Organizaciones de caridad.,500174,5,5,8,0.08,SÍ — integrante
Actividad económica / giro mercantil,F12,INHERENTE,Organizaciones religiosas.,500175,5,5,8,0.08,SÍ — integrante
Actividad económica / giro mercantil,F12,INHERENTE,Partidos u organizaciones políticas.,500176,5,5,8,0.08,SÍ — integrante
Actividad económica / giro mercantil,F12,INHERENTE,Sindicatos.,500177,5,5,8,0.08,SÍ — integrante
Actividad económica / giro mercantil,F12,INHERENTE,ORGANIZACIONES CIVICAS,500178,5,5,8,0.08,SÍ — integrante
Actividad económica / giro mercantil,F12,INHERENTE,ORGANIZACIONES LABORALES Y SINDICALES,500179,5,5,8,0.08,SÍ — integrante
Actividad económica / giro mercantil,F12,INHERENTE,ORGANIZACIONES POLITICAS,500180,5,5,8,0.08,SÍ — integrante
Actividad económica / giro mercantil,F12,INHERENTE,GOBIERNO FEDERAL,500181,2,2,8,0.08,SÍ — integrante
Actividad económica / giro mercantil,F12,INHERENTE,GOBIERNO ESTATAL,500182,2,2,8,0.08,SÍ — integrante
Actividad económica / giro mercantil,F12,INHERENTE,GOBIERNO MUNICIPAL,500183,2,2,8,0.08,SÍ — integrante
Actividad económica / giro mercantil,F12,INHERENTE,CAPTURA Y PRESERVACION DE ESPECIES ANIMALES SALVAJES,511015,3,3,8,0.08,SÍ — integrante
Actividad económica / giro mercantil,F12,INHERENTE,EXTRACCIÓN Y BENEFICIO DE CARBÓN MINERAL Y GRAFITO,1100007,2,2,8,0.08,SÍ — integrante
Actividad económica / giro mercantil,F12,INHERENTE,EXTRACCION Y BENEFICIO DE CARBON MINERAL Y GRAFITO,1111012,2,2,8,0.08,SÍ — integrante
Actividad económica / giro mercantil,F12,INHERENTE,CULTIVO DE PIÐA,1119033,2,2,8,0.08,SÍ — integrante
Actividad económica / giro mercantil,F12,INHERENTE,CULTIVO DE CAÐA DE AZUCAR,1122010,2,2,8,0.08,SÍ — integrante
Actividad económica / giro mercantil,F12,INHERENTE,IRRIGACION DE TIERRAS,1191015,2,2,8,0.08,SÍ — integrante
Actividad económica / giro mercantil,F12,INHERENTE,EXTRACCIÓN DE PETRÓLEO CRUDO Y GAS NATURAL,1200005,2,2,8,0.08,SÍ — integrante
Actividad económica / giro mercantil,F12,INHERENTE,EXPLORACION DE PETROLEO POR COMPAÑIAS,1211010,5,5,8,0.08,SÍ — integrante
Actividad económica / giro mercantil,F12,INHERENTE,EXTRACCION DE PETROLEO CRUDO Y GAS NATURAL,1211028,5,5,8,0.08,SÍ — integrante
Actividad económica / giro mercantil,F12,INHERENTE,USUARIOS MENORES PETROLEO,1211903,2,2,8,0.08,SÍ — integrante
Actividad económica / giro mercantil,F12,INHERENTE,CARTERA PETROLERA DE ESTADOS ANALITICOS,1211911,2,2,8,0.08,SÍ — integrante
Actividad económica / giro mercantil,F12,INHERENTE,PIDIREGAS PETROLEO,1221019,2,2,8,0.08,SÍ — integrante
Actividad económica / giro mercantil,F12,INHERENTE,EXTRACCIÓN Y BENEFICIO DE MINERALES METÁLICOS,1300003,2,2,8,0.08,SÍ — integrante
Actividad económica / giro mercantil,F12,INHERENTE,EXTRACCION Y BENEFICIO DE MINERAL DE HIERRO,1311018,2,2,8,0.08,SÍ — integrante
Actividad económica / giro mercantil,F12,INHERENTE,EXTRACCION Y BENEFICIO DE ORO PLATA Y OTROS METALES PRECIOSOS,1321017,5,5,8,0.08,SÍ — integrante
Actividad económica / giro mercantil,F12,INHERENTE,EXTRACCION Y BENEFICIO DE MERCURIO Y ANTIMONIO,1322015,5,5,8,0.08,SÍ — integrante
Actividad económica / giro mercantil,F12,INHERENTE,EXTRACCION Y BENEFICIO DE COBRE  PLOMO  ZINC Y OTROS MINERALES NO FERROSOS,1329011,2,2,8,0.08,SÍ — integrante
Actividad económica / giro mercantil,F12,INHERENTE,EXPLOTACION DE BARBASCO,1329020,2,2,8,0.08,SÍ — integrante
Actividad económica / giro mercantil,F12,INHERENTE,USUARIOS MENORES MINERIA,1329904,1,1,8,0.08,SÍ — integrante
Actividad económica / giro mercantil,F12,INHERENTE,USUARIOS MENORES DE SILVICULTURA,1329905,2,2,8,0.08,SÍ — integrante
Actividad económica / giro mercantil,F12,INHERENTE,CARTERA MINERA DE ESTADOS ANALITICOS,1329912,2,2,8,0.08,SÍ — integrante
Actividad económica / giro mercantil,F12,INHERENTE,"EXTRACCION DE ORO, PLATA Y OTROS METALES PRECIOSOS",1330001,5,5,8,0.08,SÍ — integrante
Actividad económica / giro mercantil,F12,INHERENTE,"EXTRACCIÓN DE MINERALES NO METÁLICOS, EXCEPTO SAL",1400001,1,1,8,0.08,SÍ — integrante
Actividad económica / giro mercantil,F12,INHERENTE,EXTRACCION Y BENEFICIO DE PIEDRA,1411016,2,2,8,0.08,SÍ — integrante
Actividad económica / giro mercantil,F12,INHERENTE,EXTRACCION DE YESO,1412014,1,1,8,0.08,SÍ — integrante
Actividad económica / giro mercantil,F12,INHERENTE,EXTRACCION Y BENEFICIO DE ARENA Y GRAVA,1413012,2,2,8,0.08,SÍ — integrante
Actividad económica / giro mercantil,F12,INHERENTE,EXTRACCION Y BENEFICIO DE OTROS MATERIALES PARA CONSTRUCCION,1419010,2,2,8,0.08,SÍ — integrante
Actividad económica / giro mercantil,F12,INHERENTE,CAPTURA DE OTROS PECES EN ESTUARIOS,1419011,2,2,8,0.08,SÍ — integrante
Actividad económica / giro mercantil,F12,INHERENTE,EXTRACCION Y BENEFICIO DE ARCILLAS REFRACTARIAS,1421015,2,2,8,0.08,SÍ — integrante
Actividad económica / giro mercantil,F12,INHERENTE,EXTRACCION Y BENEFICIO DE BARITA Y ROCA FOSFORICA,1431014,2,2,8,0.08,SÍ — integrante
Actividad económica / giro mercantil,F12,INHERENTE,EXTRACCION Y BENEFICIO DE FLUORITA,1432012,2,2,8,0.08,SÍ — integrante
Actividad económica / giro mercantil,F12,INHERENTE,EXTRACCION Y BENEFICIO DE SILICE,1433010,2,2,8,0.08,SÍ — integrante
Actividad económica / giro mercantil,F12,INHERENTE,EXTRACCION Y BENEFICIO DE OTROS MINERALES NO METALICOS EXCEPTO SAL,1439018,2,2,8,0.08,SÍ — integrante
Actividad económica / giro mercantil,F12,INHERENTE,CAPTURA DE PECES EN RIOS,1451013,2,2,8,0.08,SÍ — integrante
Actividad económica / giro mercantil,F12,INHERENTE,CRIA Y EXPLOTACION DE PECES,1459025,2,2,8,0.08,SÍ — integrante
Actividad económica / giro mercantil,F12,INHERENTE,EXPLOTACIÓN DE SAL,1500009,1,1,8,0.08,SÍ — integrante
Actividad económica / giro mercantil,F12,INHERENTE,EXPLOTACION DE SAL MARINA Y DE YACIMIENTOS,1511014,1,1,8,0.08,SÍ — integrante
Actividad económica / giro mercantil,F12,INHERENTE,FABRICACIÓN DE ALIMENTOS,2000008,1,1,8,0.08,SÍ — integrante
Actividad económica / giro mercantil,F12,INHERENTE,DESHIDRATACION DE FRUTAS,2011013,1,1,8,0.08,SÍ — integrante
Actividad económica / giro mercantil,F12,INHERENTE,EMPACADORA DE CONSERVAS ALIMENTICIAS,2012011,1,1,8,0.08,SÍ — integrante
Actividad económica / giro mercantil,F12,INHERENTE,EMPACADORA DE FRUTAS Y LEGUMBRES,2012029,1,1,8,0.08,SÍ — integrante
Actividad económica / giro mercantil,F12,INHERENTE,FABRICACION DE CONCENTRADOS DE FRUTAS,2012037,1,1,8,0.08,SÍ — integrante
Actividad económica / giro mercantil,F12,INHERENTE,FABRICACION DE ENCURTIDOS,2012045,1,1,8,0.08,SÍ — integrante
Actividad económica / giro mercantil,F12,INHERENTE,FABRICACION DE ATES,2013019,1,1,8,0.08,SÍ — integrante
Actividad económica / giro mercantil,F12,INHERENTE,FABRICACION DE QUESO Y MIEL DE TUNA,2013027,1,1,8,0.08,SÍ — integrante
Actividad económica / giro mercantil,F12,INHERENTE,FABRICACION DE SALSAS,2014017,1,1,8,0.08,SÍ — integrante
Actividad económica / giro mercantil,F12,INHERENTE,MOLINO DE TRIGO,2021012,1,1,8,0.08,SÍ — integrante
Actividad económica / giro mercantil,F12,INHERENTE,MOLINO DE MAIZ,2022010,1,1,8,0.08,SÍ — integrante
Actividad económica / giro mercantil,F12,INHERENTE,MOLINO DE NIXTAMAL,2023018,1,1,8,0.08,SÍ — integrante
Actividad económica / giro mercantil,F12,INHERENTE,MOLINO DE ARROZ,2024016,1,1,8,0.08,SÍ — integrante
Actividad económica / giro mercantil,F12,INHERENTE,BENEFICIO DE CAFE EXCEPTO MOLIENDA Y TOSTADO,2025014,1,1,8,0.08,SÍ — integrante
Actividad económica / giro mercantil,F12,INHERENTE,MOLINO Y TOSTADOR DE CAFE,2026012,1,1,8,0.08,SÍ — integrante
Actividad económica / giro mercantil,F12,INHERENTE,EMPACADORA DE TE,2027010,1,1,8,0.08,SÍ — integrante
Actividad económica / giro mercantil,F12,INHERENTE,BENEFICIO DE ARROZ EXCEPTO MOLIENDA,2028018,1,1,8,0.08,SÍ — integrante
Actividad económica / giro mercantil,F12,INHERENTE,DESCASCARADO Y TOSTADO DE CACAHUATE Y NUEZ,2028026,1,1,8,0.08,SÍ — integrante
Actividad económica / giro mercantil,F12,INHERENTE,DESCASCARADORA Y TOSTADORA DE SEMILLA DE CALABAZA,2028034,1,1,8,0.08,SÍ — integrante
Actividad económica / giro mercantil,F12,INHERENTE,MOLINO PARA OTROS GRANOS EXCEPTO CEREALES,2028042,1,1,8,0.08,SÍ — integrante
Actividad económica / giro mercantil,F12,INHERENTE,MOLINO DE AVENA,2029016,1,1,8,0.08,SÍ — integrante
Actividad económica / giro mercantil,F12,INHERENTE,MOLINO DE CEBADA,2029024,1,1,8,0.08,SÍ — integrante
Actividad económica / giro mercantil,F12,INHERENTE,MOLINO DE OTROS CEREALES,2029032,1,1,8,0.08,SÍ — integrante
Actividad económica / giro mercantil,F12,INHERENTE,FABRICACION DE MARQUETAS Y ESTUCHADOS DE AZUCAR,2031011,1,1,8,0.08,SÍ — integrante
Actividad económica / giro mercantil,F12,INHERENTE,INGENIO AZUCARERO,2031029,1,1,8,0.08,SÍ — integrante
Actividad económica / giro mercantil,F12,INHERENTE,FABRICACION DE PILONCILLO,2032019,1,1,8,0.08,SÍ — integrante
Actividad económica / giro mercantil,F12,INHERENTE,DESTILACION DE ALCOHOL ETILICO,2033017,1,1,8,0.08,SÍ — integrante
Actividad económica / giro mercantil,F12,INHERENTE,RASTRO,2041010,1,1,8,0.08,SÍ — integrante
Actividad económica / giro mercantil,F12,INHERENTE,EMPACADORA DE CARNE,2049014,1,1,8,0.08,SÍ — integrante
Actividad económica / giro mercantil,F12,INHERENTE,FABRICACION DE CARNES FRIAS Y EMBUTIDOS,2049022,1,1,8,0.08,SÍ — integrante
Actividad económica / giro mercantil,F12,INHERENTE,REFRIGERACION DE CARNES,2049030,1,1,8,0.08,SÍ — integrante
Actividad económica / giro mercantil,F12,INHERENTE,FABRICACION Y PREHIDRATACION DE LECHE,2051019,1,1,8,0.08,SÍ — integrante
Actividad económica / giro mercantil,F12,INHERENTE,PASTEURIZACION HOMOGENEIZACION Y ENVASADO DE LECHE,2051027,1,1,8,0.08,SÍ — integrante
Actividad económica / giro mercantil,F12,INHERENTE,FABRICACION DE CREMA MANTEQUILLA Y QUESO,2052017,1,1,8,0.08,SÍ — integrante
Actividad económica / giro mercantil,F12,INHERENTE,FABRICACION DE LECHE CONDENSADA EVAPORADA Y PULVERIZADA,2053015,1,1,8,0.08,SÍ — integrante
Actividad económica / giro mercantil,F12,INHERENTE,FABRICACION DE GELATINAS,2054013,1,1,8,0.08,SÍ — integrante
Actividad económica / giro mercantil,F12,INHERENTE,FABRICACION DE GRENETINA,2054021,1,1,8,0.08,SÍ — integrante
Actividad económica / giro mercantil,F12,INHERENTE,FABRICACION DE CAJETAS YOGURTS Y OTROS PRODUCTOS A BASE DE LECHE,2059013,1,1,8,0.08,SÍ — integrante
Actividad económica / giro mercantil,F12,INHERENTE,CONGELADORA DE PRODUCTOS MARINOS,2061018,1,1,8,0.08,SÍ — integrante
Actividad económica / giro mercantil,F12,INHERENTE,EMPACADORA DE OTROS MARISCOS,2061026,1,1,8,0.08,SÍ — integrante
Actividad económica / giro mercantil,F12,INHERENTE,EMPACADORA DE PESCADO,2061034,1,1,8,0.08,SÍ — integrante
Actividad económica / giro mercantil,F12,INHERENTE,FABRICACION DE PAN Y PASTELES,2071017,1,1,8,0.08,SÍ — integrante
Actividad económica / giro mercantil,F12,INHERENTE,FABRICACION DE CONOS PARA NIEVE,2072015,1,1,8,0.08,SÍ — integrante
Actividad económica / giro mercantil,F12,INHERENTE,FABRICACION DE GALLETAS,2072023,1,1,8,0.08,SÍ — integrante
Actividad económica / giro mercantil,F12,INHERENTE,FABRICACION DE PASTAS ALIMENTICIAS,2072031,1,1,8,0.08,SÍ — integrante
Actividad económica / giro mercantil,F12,INHERENTE,FABRICACION DE CHOCOLATES,2081016,1,1,8,0.08,SÍ — integrante
Actividad económica / giro mercantil,F12,INHERENTE,FABRICACION DE DULCES BOMBONES Y CONFITES,2082014,1,1,8,0.08,SÍ — integrante
Actividad económica / giro mercantil,F12,INHERENTE,FABRICACION DE GOMA DE MASCAR,2083012,1,1,8,0.08,SÍ — integrante
Actividad económica / giro mercantil,F12,INHERENTE,TRATAMIENTO Y ENVASE DE MIEL DE ABEJA,2084010,1,1,8,0.08,SÍ — integrante
Actividad económica / giro mercantil,F12,INHERENTE,FABRICACION DE JARABES,2089010,1,1,8,0.08,SÍ — integrante
Actividad económica / giro mercantil,F12,INHERENTE,FABRICACION DE ACEITES VEGETALES COMESTIBLES,2091015,1,1,8,0.08,SÍ — integrante
Actividad económica / giro mercantil,F12,INHERENTE,FABRICACION DE MANTECAS VEGETALES COMESTIBLES,2091023,1,1,8,0.08,SÍ — integrante
Actividad económica / giro mercantil,F12,INHERENTE,FABRICACION DE ALMIDON,2092013,1,1,8,0.08,SÍ — integrante
Actividad económica / giro mercantil,F12,INHERENTE,FABRICACION DE LEVADURAS,2092021,1,1,8,0.08,SÍ — integrante
Actividad económica / giro mercantil,F12,INHERENTE,TORTILLERIA,2093011,2,2,8,0.08,SÍ — integrante
Actividad económica / giro mercantil,F12,INHERENTE,FABRICACION DE FRITURAS,2094019,1,1,8,0.08,SÍ — integrante
Actividad económica / giro mercantil,F12,INHERENTE,FABRICACION DE OTROS PREPARADOS ALIMENTICIOS DERIVADOS DE CEREALES,2094027,1,1,8,0.08,SÍ — integrante
Actividad económica / giro mercantil,F12,INHERENTE,FABRICACION DE VINAGRE,2095017,1,1,8,0.08,SÍ — integrante
Actividad económica / giro mercantil,F12,INHERENTE,REFINACION DE SAL,2095025,1,1,8,0.08,SÍ — integrante
Actividad económica / giro mercantil,F12,INHERENTE,FABRICACION DE HIELO,2096015,1,1,8,0.08,SÍ — integrante
Actividad económica / giro mercantil,F12,INHERENTE,FABRICACION DE HELADOS NIEVES Y PALETAS,2097013,1,1,8,0.08,SÍ — integrante
Actividad económica / giro mercantil,F12,INHERENTE,DESHIDRATACION DE PLANTAS PARA FORRAJES,2098011,1,1,8,0.08,SÍ — integrante
Actividad económica / giro mercantil,F12,INHERENTE,FABRICACION DE ALIMENTO PARA GANADO Y OTROS ANIMALES,2098029,1,1,8,0.08,SÍ — integrante
Actividad económica / giro mercantil,F12,INHERENTE,FABRICACION DE ALIMENTOS PARA AVES,2098037,1,1,8,0.08,SÍ — integrante
Actividad económica / giro mercantil,F12,INHERENTE,EMPACADORA DE ESPECIAS,2099019,1,1,8,0.08,SÍ — integrante
Actividad económica / giro mercantil,F12,INHERENTE,FABRICACION DE ACEITES Y MANTECAS ANIMALES COMESTIBLES,2099027,1,1,8,0.08,SÍ — integrante
Actividad económica / giro mercantil,F12,INHERENTE,FABRICACION DE HARINA DE PESCADO,2099035,1,1,8,0.08,SÍ — integrante
Actividad económica / giro mercantil,F12,INHERENTE,FABRICACION DE OTROS PRODUCTOS ALIMENTICIOS,2099043,1,1,8,0.08,SÍ — integrante
Actividad económica / giro mercantil,F12,INHERENTE,FABRICACION DE PASTAS PARA GUISOS,2099051,1,1,8,0.08,SÍ — integrante
Actividad económica / giro mercantil,F12,INHERENTE,"FABRICACIÓN Y ELABORACIÓN DE BEBIDAS (AGUA, REFRESCOS, CERVEZA, VINOS Y LICORES)",2100006,1,1,8,0.08,SÍ — integrante
Actividad económica / giro mercantil,F12,INHERENTE,FABRICACION DE TEQUILA Y MEZCAL,2111011,1,1,8,0.08,SÍ — integrante
Actividad económica / giro mercantil,F12,INHERENTE,FABRICACION DE AGUARDIENTE DE CAÑA,2112019,1,1,8,0.08,SÍ — integrante
Actividad económica / giro mercantil,F12,INHERENTE,FABRICACION DE SOTOL,2113017,1,1,8,0.08,SÍ — integrante
Actividad económica / giro mercantil,F12,INHERENTE,FABRICACION DE OTROS AGUARDIENTES NO DE CAÑA,2114015,1,1,8,0.08,SÍ — integrante
Actividad económica / giro mercantil,F12,INHERENTE,FABRICACION DE VINOS Y OTROS LICORES,2114023,1,1,8,0.08,SÍ — integrante
Actividad económica / giro mercantil,F12,INHERENTE,ELABORACION DE PULQUE,2115013,1,1,8,0.08,SÍ — integrante
Actividad económica / giro mercantil,F12,INHERENTE,FABRICACION DE SIDRA  CHAMPAÑA Y OTRAS BEBIDAS FERMENTADAS  EXCEPTO LAS MALTEADAS,2119015,1,1,8,0.08,SÍ — integrante
Actividad económica / giro mercantil,F12,INHERENTE,FABRICACION DE MALTA,2121010,1,1,8,0.08,SÍ — integrante
Actividad económica / giro mercantil,F12,INHERENTE,FABRICACION DE CERVEZA,2122018,1,1,8,0.08,SÍ — integrante
Actividad económica / giro mercantil,F12,INHERENTE,EMBOTELLADO DE AGUAS MINERALES,2131019,1,1,8,0.08,SÍ — integrante
Actividad económica / giro mercantil,F12,INHERENTE,FABRICACION DE BEBIDAS GASEOSAS,2131027,1,1,8,0.08,SÍ — integrante
Actividad económica / giro mercantil,F12,INHERENTE,FABRICACION DE REFRESCOS DE FRUTAS NATURALES,2131035,1,1,8,0.08,SÍ — integrante
Actividad económica / giro mercantil,F12,INHERENTE,PURIFICACION DE AGUA  EXCEPTO CAPTACION TRATAMIENTO CONDUCCION Y DISTRIBUCION DE AGUA POTABLE,2131043,1,1,8,0.08,SÍ — integrante
Actividad económica / giro mercantil,F12,INHERENTE,FABRICACIÓN Y BENEFICIO DE PRODUCTOS DE TABACO,2200004,1,1,8,0.08,SÍ — integrante
Actividad económica / giro mercantil,F12,INHERENTE,DESECADO DE TABACO,2211019,1,1,8,0.08,SÍ — integrante
Actividad económica / giro mercantil,F12,INHERENTE,FABRICACION DE CIGARROS,2212017,1,1,8,0.08,SÍ — integrante
Actividad económica / giro mercantil,F12,INHERENTE,FABRICACION DE PUROS,2219013,1,1,8,0.08,SÍ — integrante
Actividad económica / giro mercantil,F12,INHERENTE,PICADO DE TABACO,2219021,1,1,8,0.08,SÍ — integrante
Actividad económica / giro mercantil,F12,INHERENTE,INDUSTRIA TEXTIL (FABRICACIÓN DE: HILADOS Y TEJIDOS),2300002,1,1,8,0.08,SÍ — integrante
Actividad económica / giro mercantil,F12,INHERENTE,DESFIBRACION DE ALGODON,2311017,1,1,8,0.08,SÍ — integrante
Actividad económica / giro mercantil,F12,INHERENTE,DESPEPITE DE ALGODON,2311025,1,1,8,0.08,SÍ — integrante
Actividad económica / giro mercantil,F12,INHERENTE,COMPRESORA DE ALGODON,2311033,1,1,8,0.08,SÍ — integrante
Actividad económica / giro mercantil,F12,INHERENTE,BENEFICIO DE LANAS,2312015,1,1,8,0.08,SÍ — integrante
Actividad económica / giro mercantil,F12,INHERENTE,BENEFICIO DE OTRAS FIBRAS TEXTILES,2312023,1,1,8,0.08,SÍ — integrante
Actividad económica / giro mercantil,F12,INHERENTE,FABRICACION DE HILADOS Y TEJIDOS DE ALGODON,2312031,1,1,8,0.08,SÍ — integrante
Actividad económica / giro mercantil,F12,INHERENTE,FABRICACION DE HILADOS Y TEJIDOS DE LANA,2312049,1,1,8,0.08,SÍ — integrante
Actividad económica / giro mercantil,F12,INHERENTE,FABRICACION DE HILOS PARA COSER,2313013,1,1,8,0.08,SÍ — integrante
Actividad económica / giro mercantil,F12,INHERENTE,ACABADO DE HILOS,2313021,1,1,8,0.08,SÍ — integrante
Actividad económica / giro mercantil,F12,INHERENTE,FABRICACION DE OTROS HILADOS Y TEJIDOS NO SINTETICOS,2313039,1,1,8,0.08,SÍ — integrante
Actividad económica / giro mercantil,F12,INHERENTE,FABRICACION DE ESTAMBRES,2314011,1,1,8,0.08,SÍ — integrante
Actividad económica / giro mercantil,F12,INHERENTE,FABRICACION DE SARAPES Y COBIJAS,2315019,1,1,8,0.08,SÍ — integrante
Actividad económica / giro mercantil,F12,INHERENTE,FABRICACION DE CASIMIRES Y PAÑOS,2315027,1,1,8,0.08,SÍ — integrante
Actividad económica / giro mercantil,F12,INHERENTE,FABRICACION DE TOALLAS,2316017,1,1,8,0.08,SÍ — integrante
Actividad económica / giro mercantil,F12,INHERENTE,FABRICACION DE COLCHAS,2316025,1,1,8,0.08,SÍ — integrante
Actividad económica / giro mercantil,F12,INHERENTE,FABRICACION DE HILADOS Y TEJIDOS DE SEDA,2317015,1,1,8,0.08,SÍ — integrante
Actividad económica / giro mercantil,F12,INHERENTE,FABRICACION DE OTROS ARTICULOS DE LANA,2317023,1,1,8,0.08,SÍ — integrante
Actividad económica / giro mercantil,F12,INHERENTE,FABRICACION DE OTRAS TELAS MIXTAS DE FIBRAS BLANDAS,2317031,1,1,8,0.08,SÍ — integrante
Actividad económica / giro mercantil,F12,INHERENTE,FABRICACION DE CINTAS AGUJETAS Y LISTONES,2318013,1,1,8,0.08,SÍ — integrante
Actividad económica / giro mercantil,F12,INHERENTE,FABRICACION DE ENCAJES,2318021,1,1,8,0.08,SÍ — integrante
Actividad económica / giro mercantil,F12,INHERENTE,FABRICACION DE TELAS ELASTICAS,2318039,1,1,8,0.08,SÍ — integrante
Actividad económica / giro mercantil,F12,INHERENTE,ACABADO DE TELAS,2319011,2,2,8,0.08,SÍ — integrante
Actividad económica / giro mercantil,F12,INHERENTE,FABRICACION DE CALCETINES,2321016,1,1,8,0.08,SÍ — integrante
Actividad económica / giro mercantil,F12,INHERENTE,FABRICACION DE MEDIAS,2321024,1,1,8,0.08,SÍ — integrante
Actividad económica / giro mercantil,F12,INHERENTE,FABRICACION DE SUETERES,2322014,1,1,8,0.08,SÍ — integrante
Actividad económica / giro mercantil,F12,INHERENTE,FABRICACION DE HILADOS Y TEJIDOS DE OTRAS FIBRAS SINTETICAS,2329010,1,1,8,0.08,SÍ — integrante
Actividad económica / giro mercantil,F12,INHERENTE,DESFIBRACION DE HENEQUEN,2331015,1,1,8,0.08,SÍ — integrante
Actividad económica / giro mercantil,F12,INHERENTE,FABRICACION DE HILADOS Y TEJIDOS DE HENEQUEN,2332013,1,1,8,0.08,SÍ — integrante
Actividad económica / giro mercantil,F12,INHERENTE,FABRICACION DE ARTICULOS DE PALMA Y TULE,2333011,1,1,8,0.08,SÍ — integrante
Actividad económica / giro mercantil,F12,INHERENTE,FABRICACION DE TEJIDOS Y TORCIDOS DE PALMA,2333029,1,1,8,0.08,SÍ — integrante
Actividad económica / giro mercantil,F12,INHERENTE,FABRICACION DE TEJIDOS Y TORCIDOS DE IXTLE,2333037,1,1,8,0.08,SÍ — integrante
Actividad económica / giro mercantil,F12,INHERENTE,FABRICACION DE HILADOS Y TEJIDOS DE YUTE,2339019,1,1,8,0.08,SÍ — integrante
Actividad económica / giro mercantil,F12,INHERENTE,FABRICACION DE HILADOS Y TEJIDOS DE FIBRA DE COCO,2339027,1,1,8,0.08,SÍ — integrante
Actividad económica / giro mercantil,F12,INHERENTE,FABRICACION DE ARTICULOS DE LONA,2391019,1,1,8,0.08,SÍ — integrante
Actividad económica / giro mercantil,F12,INHERENTE,FABRICACION DE LONA,2391027,1,1,8,0.08,SÍ — integrante
Actividad económica / giro mercantil,F12,INHERENTE,FABRICACION DE TELAS IMPERMEABLES,2391035,1,1,8,0.08,SÍ — integrante
Actividad económica / giro mercantil,F12,INHERENTE,FABRICACION DE TAPETES Y ALFOMBRAS,2392017,1,1,8,0.08,SÍ — integrante
Actividad económica / giro mercantil,F12,INHERENTE,FABRICACION DE TELAS PARA TAPICERIA,2392025,1,1,8,0.08,SÍ — integrante
Actividad económica / giro mercantil,F12,INHERENTE,FABRICACION DE ENTRETELAS Y FIELTROS,2393015,1,1,8,0.08,SÍ — integrante
Actividad económica / giro mercantil,F12,INHERENTE,BENEFICIO DE PELO Y CERDA PARA LA INDUSTRIA TEXTIL,2394013,1,1,8,0.08,SÍ — integrante
Actividad económica / giro mercantil,F12,INHERENTE,FABRICACION DE BORRAS Y ESTOPAS,2394021,1,1,8,0.08,SÍ — integrante
Actividad económica / giro mercantil,F12,INHERENTE,FABRICACION DE OTROS ARTICULOS DE ALGODON,2394039,1,1,8,0.08,SÍ — integrante
Actividad económica / giro mercantil,F12,INHERENTE,FABRICACIÓN DE PRENDAS DE VESTIR Y OTROS ARTÍCULOS CONFECCIONADOS CON TEXTILES Y OTROS MATERIALES EXCEPTO CALZADO,2400000,2,2,8,0.08,SÍ — integrante
Actividad económica / giro mercantil,F12,INHERENTE,FABRICACION DE VESTIDOS Y OTRAS PRENDAS EXTERIORES DE VESTIR PARA DAMA,2411015,2,2,8,0.08,SÍ — integrante
Actividad económica / giro mercantil,F12,INHERENTE,TALLER DE CONFECCION DE VESTIDOS,2411023,2,2,8,0.08,SÍ — integrante
Actividad económica / giro mercantil,F12,INHERENTE,FABRICACION DE OTRAS PRENDAS EXTERIORES DE VESTIR PARA CABALLERO,2412013,2,2,8,0.08,SÍ — integrante
Actividad económica / giro mercantil,F12,INHERENTE,FABRICACION DE TRAJES PARA CABALLERO,2412021,1,1,8,0.08,SÍ — integrante
Actividad económica / giro mercantil,F12,INHERENTE,TALLER DE SASTRERIA,2412039,1,1,8,0.08,SÍ — integrante
Actividad económica / giro mercantil,F12,INHERENTE,FABRICACION DE UNIFORMES,2413011,1,1,8,0.08,SÍ — integrante
Actividad económica / giro mercantil,F12,INHERENTE,FABRICACION DE CAMISAS,2414019,2,2,8,0.08,SÍ — integrante
Actividad económica / giro mercantil,F12,INHERENTE,FABRICACION DE OTRAS PRENDAS EXTERIORES DE VESTIR PARA NIÑO,2415017,2,2,8,0.08,SÍ — integrante
Actividad económica / giro mercantil,F12,INHERENTE,FABRICACION DE CORBATAS,2416015,1,1,8,0.08,SÍ — integrante
Actividad económica / giro mercantil,F12,INHERENTE,FABRICACION DE GUANTES,2416023,1,1,8,0.08,SÍ — integrante
Actividad económica / giro mercantil,F12,INHERENTE,FABRICACION DE PAÑUELOS PAÑOLETAS Y MASCADAS,2416031,1,1,8,0.08,SÍ — integrante
Actividad económica / giro mercantil,F12,INHERENTE,FABRICACION DE CACHUCHAS Y GORRAS,2417013,1,1,8,0.08,SÍ — integrante
Actividad económica / giro mercantil,F12,INHERENTE,FABRICACION DE SOMBREROS EXCEPTO DE PALMA,2417021,1,1,8,0.08,SÍ — integrante
Actividad económica / giro mercantil,F12,INHERENTE,FABRICACION DE SOMBREROS DE PALMA,2418011,1,1,8,0.08,SÍ — integrante
Actividad económica / giro mercantil,F12,INHERENTE,FABRICACION DE CHAMARRAS Y ABRIGOS,2419019,1,1,8,0.08,SÍ — integrante
Actividad económica / giro mercantil,F12,INHERENTE,FABRICACION DE IMPERMEABLES,2419027,1,1,8,0.08,SÍ — integrante
Actividad económica / giro mercantil,F12,INHERENTE,FABRICACION DE TIRANTES,2419035,1,1,8,0.08,SÍ — integrante
Actividad económica / giro mercantil,F12,INHERENTE,FABRICACION DE MANTONES Y CHALINAS,2419043,1,1,8,0.08,SÍ — integrante
Actividad económica / giro mercantil,F12,INHERENTE,FABRICACION DE REBOZOS Y CINTURONES TEJIDOS DE HILO,2419051,1,1,8,0.08,SÍ — integrante
Actividad económica / giro mercantil,F12,INHERENTE,FABRICACION DE ROPA CON PIEL,2419069,1,1,8,0.08,SÍ — integrante
Actividad económica / giro mercantil,F12,INHERENTE,FABRICACION DE CORSETERIA Y ROPA INTERIOR PARA DAMA,2421014,1,1,8,0.08,SÍ — integrante
Actividad económica / giro mercantil,F12,INHERENTE,FABRICACION DE ROPA INTERIOR PARA CABALLERO,2429018,1,1,8,0.08,SÍ — integrante
Actividad económica / giro mercantil,F12,INHERENTE,FABRICACION DE SABANAS,2431013,1,1,8,0.08,SÍ — integrante
Actividad económica / giro mercantil,F12,INHERENTE,FABRICACION DE CORTINAS DE TELA Y MANTELERIA,2431021,1,1,8,0.08,SÍ — integrante
Actividad económica / giro mercantil,F12,INHERENTE,FABRICACION DE CUBRE ASIENTOS PARA VEHICULOS,2432011,1,1,8,0.08,SÍ — integrante
Actividad económica / giro mercantil,F12,INHERENTE,FABRICACION DE TAPICES PLASTICOS,2432029,1,1,8,0.08,SÍ — integrante
Actividad económica / giro mercantil,F12,INHERENTE,FABRICACION DE ALGODON ABSORBENTE VENDAS TELA ADHESIVA Y PRODUCTOS SIMILARES,2433019,1,1,8,0.08,SÍ — integrante
Actividad económica / giro mercantil,F12,INHERENTE,FABRICACION DE ARTICULOS BORDADOS Y DESHILADOS,2434017,1,1,8,0.08,SÍ — integrante
Actividad económica / giro mercantil,F12,INHERENTE,FORRADO DE BOTONES Y HEBILLAS,2434025,1,1,8,0.08,SÍ — integrante
Actividad económica / giro mercantil,F12,INHERENTE,FABRICACION DE BANDERAS Y ADORNOS DE TELA,2439017,1,1,8,0.08,SÍ — integrante
Actividad económica / giro mercantil,F12,INHERENTE,FABRICACION DE COSTALES,2439025,1,1,8,0.08,SÍ — integrante
Actividad económica / giro mercantil,F12,INHERENTE,FABRICACIÓN DE CALZADO E INDUSTRIA DEL CUERO,2500008,2,2,8,0.08,SÍ — integrante
Actividad económica / giro mercantil,F12,INHERENTE,FABRICACION DE CALZADO PARA DEPORTE EXCEPTO DE PLASTICO Y HULE,2511013,1,1,8,0.08,SÍ — integrante
Actividad económica / giro mercantil,F12,INHERENTE,FABRICACION DE ALPARGATAS BABUCHAS Y PANTUFLAS,2512011,1,1,8,0.08,SÍ — integrante
Actividad económica / giro mercantil,F12,INHERENTE,FABRICACION DE GUARACHES Y SANDALIAS,2512029,1,1,8,0.08,SÍ — integrante
Actividad económica / giro mercantil,F12,INHERENTE,FABRICACION DE CALZADO DE CUERO O PIEL,2519017,1,1,8,0.08,SÍ — integrante
Actividad económica / giro mercantil,F12,INHERENTE,CURTIDURIA,2521012,1,1,8,0.08,SÍ — integrante
Actividad económica / giro mercantil,F12,INHERENTE,PREPARACION DE VISCERAS PARA INDUSTRIAS NO ALIMENTICIAS,2521020,1,1,8,0.08,SÍ — integrante
Actividad económica / giro mercantil,F12,INHERENTE,FABRICACION DE CEPILLOS Y PLUMEROS,2529016,1,1,8,0.08,SÍ — integrante
Actividad económica / giro mercantil,F12,INHERENTE,FABRICACION DE ARTICULOS DE CUERO PARA VIAJE,2529024,1,1,8,0.08,SÍ — integrante
Actividad económica / giro mercantil,F12,INHERENTE,FABRICACION DE ARTICULOS DE CUERO Y HUESO,2529032,1,1,8,0.08,SÍ — integrante
Actividad económica / giro mercantil,F12,INHERENTE,FABRICACION DE ARTICULOS DE CUERO Y PIEL PARA ZAPATERO,2529040,1,1,8,0.08,SÍ — integrante
Actividad económica / giro mercantil,F12,INHERENTE,FABRICACION DE ARTICULOS TEJIDOS DE CUERO,2529058,1,1,8,0.08,SÍ — integrante
Actividad económica / giro mercantil,F12,INHERENTE,FABRICACION DE BANDAS Y CORREAS DE CUERO,2529066,1,1,8,0.08,SÍ — integrante
Actividad económica / giro mercantil,F12,INHERENTE,FABRICACION DE BOLSAS Y CARTERAS DE CUERO,2529074,1,1,8,0.08,SÍ — integrante
Actividad económica / giro mercantil,F12,INHERENTE,FABRICACION DE BROCHAS Y PINCELES,2529082,1,1,8,0.08,SÍ — integrante
Actividad económica / giro mercantil,F12,INHERENTE,FABRICACION DE FORNITURAS MILITARES DE CUERO,2529090,1,1,8,0.08,SÍ — integrante
Actividad económica / giro mercantil,F12,INHERENTE,FABRICACION DE OTROS ARTICULOS DE CUERO,2529107,1,1,8,0.08,SÍ — integrante
Actividad económica / giro mercantil,F12,INHERENTE,TALABARTERIA,2529115,1,1,8,0.08,SÍ — integrante
Actividad económica / giro mercantil,F12,INHERENTE,INDUSTRIA Y PRODUCTOS DE MADERA Y CORCHO; EXCEPTO MUEBLES,2600006,1,1,8,0.08,SÍ — integrante
Actividad económica / giro mercantil,F12,INHERENTE,ASERRADERO,2611011,1,1,8,0.08,SÍ — integrante
Actividad económica / giro mercantil,F12,INHERENTE,BENEFICIO DE MADERAS (DESFLEMADO ESTUFADO CEPILLADO ETC),2611029,1,1,8,0.08,SÍ — integrante
Actividad económica / giro mercantil,F12,INHERENTE,FABRICACION DE TRIPLAY Y OTROS AGLOMERADOS DE MADERA,2612019,1,1,8,0.08,SÍ — integrante
Actividad económica / giro mercantil,F12,INHERENTE,FABRICACION DE CAJAS Y EMPAQUES DE MADERA,2621010,1,1,8,0.08,SÍ — integrante
Actividad económica / giro mercantil,F12,INHERENTE,FABRICACION DE TONELES Y BARRICAS DE MADERA,2621028,1,1,8,0.08,SÍ — integrante
Actividad económica / giro mercantil,F12,INHERENTE,FABRICACION DE ARTICULOS DE PALMA VARA CARRIZO MIMBRE Y SIMILARES,2622018,1,1,8,0.08,SÍ — integrante
Actividad económica / giro mercantil,F12,INHERENTE,FABRICACION DE ATAUDES DE MADERA,2631019,1,1,8,0.08,SÍ — integrante
Actividad económica / giro mercantil,F12,INHERENTE,FABRICACION DE JUNTAS Y EMPAQUES DE CORCHO,2632017,1,1,8,0.08,SÍ — integrante
Actividad económica / giro mercantil,F12,INHERENTE,FABRICACION DE OTROS ARTICULOS DE CORCHO,2632025,1,1,8,0.08,SÍ — integrante
Actividad económica / giro mercantil,F12,INHERENTE,FABRICACION DE ASBESTOS Y CORCHOS AISLANTES,2632033,1,1,8,0.08,SÍ — integrante
Actividad económica / giro mercantil,F12,INHERENTE,FABRICACION DE DUELAS Y OTROS MATERIALES DE MADERA PARA PISO,2633015,1,1,8,0.08,SÍ — integrante
Actividad económica / giro mercantil,F12,INHERENTE,FABRICACION DE PUERTAS Y VENTANAS DE MADERA,2633023,1,1,8,0.08,SÍ — integrante
Actividad económica / giro mercantil,F12,INHERENTE,FABRICACION DE CARROCERIAS Y REDILAS DE MADERA,2639013,1,1,8,0.08,SÍ — integrante
Actividad económica / giro mercantil,F12,INHERENTE,FABRICACION DE MANGOS DE MADERA,2639021,1,1,8,0.08,SÍ — integrante
Actividad económica / giro mercantil,F12,INHERENTE,FABRICACION DE OTROS ARTICULOS DE MADERA,2639039,1,1,8,0.08,SÍ — integrante
Actividad económica / giro mercantil,F12,INHERENTE,FABRICACIÓN Y REPARACIÓN DE MUEBLES Y ACCESORIOS; EXCEPTO LOS DE METAL Y LOS DE PLÁSTICO MOLDEADO,2700004,1,1,8,0.08,SÍ — integrante
Actividad económica / giro mercantil,F12,INHERENTE,FABRICACION DE MUEBLES DE MADERA,2711019,1,1,8,0.08,SÍ — integrante
Actividad económica / giro mercantil,F12,INHERENTE,FABRICACION DE MUEBLES DE MATERIAL SINTETICO,2711027,1,1,8,0.08,SÍ — integrante
Actividad económica / giro mercantil,F12,INHERENTE,FABRICACION DE PERSIANAS DE MADERA,2712017,1,1,8,0.08,SÍ — integrante
Actividad económica / giro mercantil,F12,INHERENTE,FABRICACION DE ALMOHADAS Y COJINES,2713015,1,1,8,0.08,SÍ — integrante
Actividad económica / giro mercantil,F12,INHERENTE,FABRICACION DE COLCHONES Y COLCHONETAS,2713023,1,1,8,0.08,SÍ — integrante
Actividad económica / giro mercantil,F12,INHERENTE,FABRICACION DE MARCOS Y MOLDURAS DE MADERA,2719013,1,1,8,0.08,SÍ — integrante
Actividad económica / giro mercantil,F12,INHERENTE,INDUSTRIA DEL PAPEL,2800002,1,1,8,0.08,SÍ — integrante
Actividad económica / giro mercantil,F12,INHERENTE,FABRICACION DE PAPEL,2811017,1,1,8,0.08,SÍ — integrante
Actividad económica / giro mercantil,F12,INHERENTE,FABRICACION DE PAPEL PARA CIGARROS,2811025,1,1,8,0.08,SÍ — integrante
Actividad económica / giro mercantil,F12,INHERENTE,FABRICACION DE PASTA DE CELULOSA,2811033,1,1,8,0.08,SÍ — integrante
Actividad económica / giro mercantil,F12,INHERENTE,FABRICACION DE PASTA O PULPA PARA PAPEL,2811041,1,1,8,0.08,SÍ — integrante
Actividad económica / giro mercantil,F12,INHERENTE,FABRICACION DE CARTON,2812015,1,1,8,0.08,SÍ — integrante
Actividad económica / giro mercantil,F12,INHERENTE,FABRICACION DE SACOS Y BOLSAS DE PAPEL PARA ENVASE,2821016,1,1,8,0.08,SÍ — integrante
Actividad económica / giro mercantil,F12,INHERENTE,FABRICACION DE ENVASES DE CARTON,2822014,1,1,8,0.08,SÍ — integrante
Actividad económica / giro mercantil,F12,INHERENTE,FABRICACION DE OTROS ARTICULOS DE CARTON,2829010,1,1,8,0.08,SÍ — integrante
Actividad económica / giro mercantil,F12,INHERENTE,FABRICACION DE OTROS ARTICULOS DE PAPEL,2829028,1,1,8,0.08,SÍ — integrante
Actividad económica / giro mercantil,F12,INHERENTE,"INDUSTRIAS EDITORIAL, DE IMPRESIÓN Y CONEXAS",2900000,1,1,8,0.08,SÍ — integrante
Actividad económica / giro mercantil,F12,INHERENTE,EDICION DE PERIODICOS Y REVISTAS,2911015,1,1,8,0.08,SÍ — integrante
Actividad económica / giro mercantil,F12,INHERENTE,EDICION DE LIBROS Y SIMILARES,2912005,1,1,8,0.08,SÍ — integrante
Actividad económica / giro mercantil,F12,INHERENTE,EDICION DE LIBROS,2912013,1,1,8,0.08,SÍ — integrante
Actividad económica / giro mercantil,F12,INHERENTE,ENCUADERNACION,2921014,1,1,8,0.08,SÍ — integrante
Actividad económica / giro mercantil,F12,INHERENTE,FABRICACION DE FORMULARIOS Y FORMAS CONTINUAS,2921022,1,1,8,0.08,SÍ — integrante
Actividad económica / giro mercantil,F12,INHERENTE,FABRICACION DE LIBRETAS CUADERNOS Y HOJAS PARA ENCUADERNACION,2921030,1,1,8,0.08,SÍ — integrante
Actividad económica / giro mercantil,F12,INHERENTE,FOTOCOPIADO,2921048,1,1,8,0.08,SÍ — integrante
Actividad económica / giro mercantil,F12,INHERENTE,IMPRENTA ( TIPOGRAFIA),2921056,1,1,8,0.08,SÍ — integrante
Actividad económica / giro mercantil,F12,INHERENTE,IMPRESION MEDIANTE CILINDROS DE CAUCHO,2921064,1,1,8,0.08,SÍ — integrante
Actividad económica / giro mercantil,F12,INHERENTE,IMPRESION MEDIANTE CILINDROS (ROTOGRABADO),2921072,1,1,8,0.08,SÍ — integrante
Actividad económica / giro mercantil,F12,INHERENTE,FABRICACION DE CALCOMANIAS,2929018,1,1,8,0.08,SÍ — integrante
Actividad económica / giro mercantil,F12,INHERENTE,FABRICACION DE TIPOS PARA IMPRENTA,2929026,1,1,8,0.08,SÍ — integrante
Actividad económica / giro mercantil,F12,INHERENTE,GRABADO E IMPRESION EN PIEDRA  VIDRIO Y OTROS MATERIALES LITOGRAFIA Y FOTOLITOGRAFIA,2929034,1,1,8,0.08,SÍ — integrante
Actividad económica / giro mercantil,F12,INHERENTE,GRABADO E IMPRESION FOTOMECANICA MEDIANTE AGUA FUERTE(HELIOGRABADO),2929042,1,1,8,0.08,SÍ — integrante
Actividad económica / giro mercantil,F12,INHERENTE,GRABADO EN METAL (FABRICACION DE CLICHES Y FOTOGRABADO),2929050,1,1,8,0.08,SÍ — integrante
Actividad económica / giro mercantil,F12,INHERENTE,INDUSTRIA QUÍMICA,3000007,5,5,8,0.08,SÍ — integrante
Actividad económica / giro mercantil,F12,INHERENTE,FABRICACION DE AÑIL,3011012,1,1,8,0.08,SÍ — integrante
Actividad económica / giro mercantil,F12,INHERENTE,FABRICACION DE ANILINAS,3011020,1,1,8,0.08,SÍ — integrante
Actividad económica / giro mercantil,F12,INHERENTE,FABRICACION DE OTRAS MATERIAS COLORANTES,3011038,1,1,8,0.08,SÍ — integrante
Actividad económica / giro mercantil,F12,INHERENTE,FABRICACION DE GAS ACETILENO,3012010,1,1,8,0.08,SÍ — integrante
Actividad económica / giro mercantil,F12,INHERENTE,FABRICACION DE ACIDOS INDUSTRIALES,3013018,1,1,8,0.08,SÍ — integrante
Actividad económica / giro mercantil,F12,INHERENTE,FABRICACION DE OTRAS SUBSTANCIAS QUIMICAS BASICAS,3013026,5,5,8,0.08,SÍ — integrante
Actividad económica / giro mercantil,F12,INHERENTE,FABRICACION DE PRODUCTOS AMONIACALES,3013034,1,1,8,0.08,SÍ — integrante
Actividad económica / giro mercantil,F12,INHERENTE,FABRICACION DE SOSA,3013042,1,1,8,0.08,SÍ — integrante
Actividad económica / giro mercantil,F12,INHERENTE,FABRICACION DE ABONOS Y FERTILIZANTES QUIMICOS,3021011,5,5,8,0.08,SÍ — integrante
Actividad económica / giro mercantil,F12,INHERENTE,FABRICACION DE INSECTICIDAS Y PLAGUICIDAS,3022019,1,1,8,0.08,SÍ — integrante
Actividad económica / giro mercantil,F12,INHERENTE,FABRICACION DE HULE ESPUMA,3031010,1,1,8,0.08,SÍ — integrante
Actividad económica / giro mercantil,F12,INHERENTE,FABRICACION DE FIBRAS SINTETICAS,3032018,1,1,8,0.08,SÍ — integrante
Actividad económica / giro mercantil,F12,INHERENTE,FABRICACION DE PINTURAS  BARNICES Y LACAS,3041019,1,1,8,0.08,SÍ — integrante
Actividad económica / giro mercantil,F12,INHERENTE,FABRICACION DE ALGODON ESTERILIZADO  GASAS Y VENDAS,3051018,1,1,8,0.08,SÍ — integrante
Actividad económica / giro mercantil,F12,INHERENTE,FABRICACION DE OTROS PRODUCTOS FARMACEUTICOS Y MEDICAMENTOS,3051026,4,4,8,0.08,SÍ — integrante
Actividad económica / giro mercantil,F12,INHERENTE,FABRICACION DE OXIGENO MEDICINAL,3051034,1,1,8,0.08,SÍ — integrante
Actividad económica / giro mercantil,F12,INHERENTE,FABRICACION DE DENTIFRICO,3061017,1,1,8,0.08,SÍ — integrante
Actividad económica / giro mercantil,F12,INHERENTE,FABRICACION DE JABON Y DETERGENTE,3061025,1,1,8,0.08,SÍ — integrante
Actividad económica / giro mercantil,F12,INHERENTE,FABRICACION DE PERFUMES Y COSMETICOS,3062015,1,1,8,0.08,SÍ — integrante
Actividad económica / giro mercantil,F12,INHERENTE,FABRICACION DE ESENCIAS,3071016,1,1,8,0.08,SÍ — integrante
Actividad económica / giro mercantil,F12,INHERENTE,FABRICACION Y REFINACION DE SEBO GRASAS Y ACEITES ANIMALES PARA USO INDUSTRIAL,3072014,1,1,8,0.08,SÍ — integrante
Actividad económica / giro mercantil,F12,INHERENTE,FUNDICION DE SEBO,3072022,1,1,8,0.08,SÍ — integrante
Actividad económica / giro mercantil,F12,INHERENTE,HIDROGENADORA DE PRODUCTOS DIVERSOS,3072030,1,1,8,0.08,SÍ — integrante
Actividad económica / giro mercantil,F12,INHERENTE,FABRICACION DE COLAS Y PEGAMENTOS,3091014,2,2,8,0.08,SÍ — integrante
Actividad económica / giro mercantil,F12,INHERENTE,FABRICACION DE IMPERMEABILIZANTES,3091022,1,1,8,0.08,SÍ — integrante
Actividad económica / giro mercantil,F12,INHERENTE,FABRICACION DE CERA PULIMENTOS Y ABRILLANTADORES,3092012,1,1,8,0.08,SÍ — integrante
Actividad económica / giro mercantil,F12,INHERENTE,FABRICACION DE DESINFECTANTES Y DESODORIZANTES,3092020,1,1,8,0.08,SÍ — integrante
Actividad económica / giro mercantil,F12,INHERENTE,FABRICACION DE GRASAS Y CREMAS LUSTRADORAS,3092038,1,1,8,0.08,SÍ — integrante
Actividad económica / giro mercantil,F12,INHERENTE,FABRICACION DE LANOLINA,3092046,1,1,8,0.08,SÍ — integrante
Actividad económica / giro mercantil,F12,INHERENTE,FABRICACION DE AGUARRAS,3093010,1,1,8,0.08,SÍ — integrante
Actividad económica / giro mercantil,F12,INHERENTE,FABRICACION DE CERILLOS Y FOSFOROS,3094018,1,1,8,0.08,SÍ — integrante
Actividad económica / giro mercantil,F12,INHERENTE,FABRICACION DE OTROS ARTICULOS DE CERA,3095016,1,1,8,0.08,SÍ — integrante
Actividad económica / giro mercantil,F12,INHERENTE,FABRICACION DE VELAS VELADORAS Y CIRIOS,3095024,1,1,8,0.08,SÍ — integrante
Actividad económica / giro mercantil,F12,INHERENTE,FABRICACION DE TINTAS PARA IMPRESION,3096014,1,1,8,0.08,SÍ — integrante
Actividad económica / giro mercantil,F12,INHERENTE,FABRICACION DE DINAMITA,3097012,5,5,8,0.08,SÍ — integrante
Actividad económica / giro mercantil,F12,INHERENTE,FABRICACION DE MECHAS PARA MINAS,3097020,1,1,8,0.08,SÍ — integrante
Actividad económica / giro mercantil,F12,INHERENTE,FABRICACION DE OTROS EXPLOSIVOS,3097038,5,5,8,0.08,SÍ — integrante
Actividad económica / giro mercantil,F12,INHERENTE,FABRICACION DE POLVORA,3097046,5,5,8,0.08,SÍ — integrante
Actividad económica / giro mercantil,F12,INHERENTE,FABRICACION DE PRODUCTOS PIROTECNICOS,3097054,1,1,8,0.08,SÍ — integrante
Actividad económica / giro mercantil,F12,INHERENTE,FABRICACION DE ARTICULOS DE BAQUELITA,3099018,1,1,8,0.08,SÍ — integrante
Actividad económica / giro mercantil,F12,INHERENTE,FABRICACION DE DESINCRUSTANTES,3099026,1,1,8,0.08,SÍ — integrante
Actividad económica / giro mercantil,F12,INHERENTE,FABRICACION DE HIELO SECO,3099034,1,1,8,0.08,SÍ — integrante
Actividad económica / giro mercantil,F12,INHERENTE,INDUSTRIALIZACION DE BASURA,3099042,1,1,8,0.08,SÍ — integrante
Actividad económica / giro mercantil,F12,INHERENTE,REFINACIÓN DE PETRÓLEO Y DERIVADOS DEL CARBÓN MINERAL,3100005,1,1,8,0.08,SÍ — integrante
Actividad económica / giro mercantil,F12,INHERENTE,FABRICACION DE GASOLINA Y OTROS PRODUCTOS DERIVADOS DE LA REFINACION DE PETROLEO,3111010,4,4,8,0.08,SÍ — integrante
Actividad económica / giro mercantil,F12,INHERENTE,FABRICACION DE PRODUCTOS PETROQUIMICOS BASICOS,3112018,5,5,8,0.08,SÍ — integrante
Actividad económica / giro mercantil,F12,INHERENTE,FABRICACION DE ACEITES Y LUBRICANTES,3113016,1,1,8,0.08,SÍ — integrante
Actividad económica / giro mercantil,F12,INHERENTE,FABRICACION DE COQUE Y OTROS DERIVADOS DEL CARBON MINERAL,3121019,1,1,8,0.08,SÍ — integrante
Actividad económica / giro mercantil,F12,INHERENTE,FABRICACION DE MATERIALES ASFALTICOS PARA PAVIMENTACION Y TECHADO,3122017,1,1,8,0.08,SÍ — integrante
Actividad económica / giro mercantil,F12,INHERENTE,FABRICACIÓN DE PRODUCTOS DE HULE Y DE PLÁSTICO,3200003,1,1,8,0.08,SÍ — integrante
Actividad económica / giro mercantil,F12,INHERENTE,FABRICACION DE LLANTAS Y CAMARAS PARA VEHICULOS,3211018,1,1,8,0.08,SÍ — integrante
Actividad económica / giro mercantil,F12,INHERENTE,REGENERACION DE HULE,3212016,1,1,8,0.08,SÍ — integrante
Actividad económica / giro mercantil,F12,INHERENTE,VULCANIZACION DE LLANTAS Y CAMARAS,3212024,2,2,8,0.08,SÍ — integrante
Actividad económica / giro mercantil,F12,INHERENTE,FABRICACION DE ARTICULOS CON HULE USADO,3219012,1,1,8,0.08,SÍ — integrante
Actividad económica / giro mercantil,F12,INHERENTE,FABRICACION DE LINOLEO,3219020,1,1,8,0.08,SÍ — integrante
Actividad económica / giro mercantil,F12,INHERENTE,FABRICACION DE OTROS ARTICULOS DE HULE,3219038,1,1,8,0.08,SÍ — integrante
Actividad económica / giro mercantil,F12,INHERENTE,FABRICACION DE LAMINAS PERFILES TUBOS Y OTROS MATERIALES SIMILARES DE PLASTICO,3221017,1,1,8,0.08,SÍ — integrante
Actividad económica / giro mercantil,F12,INHERENTE,FABRICACION DE ARTICULOS DE POLIETILENO,3222015,1,1,8,0.08,SÍ — integrante
Actividad económica / giro mercantil,F12,INHERENTE,FABRICACION DE CELULOIDE Y POLIETILENO,3222023,1,1,8,0.08,SÍ — integrante
Actividad económica / giro mercantil,F12,INHERENTE,FABRICACION DE CALZADO DE PLASTICO,3223013,1,1,8,0.08,SÍ — integrante
Actividad económica / giro mercantil,F12,INHERENTE,FABRICACION DE OTROS JUGUETES DE PLASTICO,3223021,1,1,8,0.08,SÍ — integrante
Actividad económica / giro mercantil,F12,INHERENTE,FABRICACION DE ARTICULOS DE CELULOIDE,3229011,1,1,8,0.08,SÍ — integrante
Actividad económica / giro mercantil,F12,INHERENTE,FABRICACION DE BALONES GLOBOS Y PELOTAS,3229029,1,1,8,0.08,SÍ — integrante
Actividad económica / giro mercantil,F12,INHERENTE,FABRICACION DE BOTONES DE PLASTICO,3229037,1,1,8,0.08,SÍ — integrante
Actividad económica / giro mercantil,F12,INHERENTE,FABRICACION DE OTROS ARTICULOS DE PLASTICO,3229045,1,1,8,0.08,SÍ — integrante
Actividad económica / giro mercantil,F12,INHERENTE,FABRICACION DE OTROS MATERIALES DE PLASTICO,3229053,1,1,8,0.08,SÍ — integrante
Actividad económica / giro mercantil,F12,INHERENTE,FABRICACION DE PEINES PEINETAS Y CEPILLOS PARA USO PERSONAL,3229061,1,1,8,0.08,SÍ — integrante
Actividad económica / giro mercantil,F12,INHERENTE,FABRICACION DE PIELES ARTIFICIALES,3229079,1,1,8,0.08,SÍ — integrante
Actividad económica / giro mercantil,F12,INHERENTE,FABRICACIÓN DE PRODUCTOS DE MINERALES NO METÁLICOS; EXCEPTO DEL PETRÓLEO Y DEL CARBÓN MINERAL,3300001,1,1,8,0.08,SÍ — integrante
Actividad económica / giro mercantil,F12,INHERENTE,FABRICACION DE VAJILLAS Y OTROS PRODUCTOS DE ALFARERIA Y CERAMICA PARA EL HOGAR,3311016,1,1,8,0.08,SÍ — integrante
Actividad económica / giro mercantil,F12,INHERENTE,ELABORACION DE OBJETOS ARTISTICOS DE ALFARERIA Y CERAMICA,3319010,1,1,8,0.08,SÍ — integrante
Actividad económica / giro mercantil,F12,INHERENTE,FABRICACION DE AZULEJOS,3319028,1,1,8,0.08,SÍ — integrante
Actividad económica / giro mercantil,F12,INHERENTE,FABRICACION DE LOZA Y PORCELANA,3319036,1,1,8,0.08,SÍ — integrante
Actividad económica / giro mercantil,F12,INHERENTE,FABRICACION DE MUEBLES Y ARTICULOS SANITARIOS,3319044,1,1,8,0.08,SÍ — integrante
Actividad económica / giro mercantil,F12,INHERENTE,FABRICACION DE VIDRIO,3321015,1,1,8,0.08,SÍ — integrante
Actividad económica / giro mercantil,F12,INHERENTE,FABRICACION DE CRISTALES PARA AUTOMOVIL,3322013,1,1,8,0.08,SÍ — integrante
Actividad económica / giro mercantil,F12,INHERENTE,FABRICACION DE FIBRA DE VIDRIO,3322021,1,1,8,0.08,SÍ — integrante
Actividad económica / giro mercantil,F12,INHERENTE,FABRICACION DE AMPOLLETAS,3323011,1,1,8,0.08,SÍ — integrante
Actividad económica / giro mercantil,F12,INHERENTE,FABRICACION DE BOTELLAS,3323029,1,1,8,0.08,SÍ — integrante
Actividad económica / giro mercantil,F12,INHERENTE,FABRICACION DE CRISOLES,3323037,1,1,8,0.08,SÍ — integrante
Actividad económica / giro mercantil,F12,INHERENTE,FABRICACION DE OTROS ENVASES DE VIDRIO,3323045,1,1,8,0.08,SÍ — integrante
Actividad económica / giro mercantil,F12,INHERENTE,FABRICACION DE EMPLOMADOS,3324019,1,1,8,0.08,SÍ — integrante
Actividad económica / giro mercantil,F12,INHERENTE,FABRICACION DE ESPEJOS Y LUNAS,3324027,1,1,8,0.08,SÍ — integrante
Actividad económica / giro mercantil,F12,INHERENTE,FABRICACION DE ESFERAS DE VIDRIO,3329019,1,1,8,0.08,SÍ — integrante
Actividad económica / giro mercantil,F12,INHERENTE,FABRICACION DE OBJETOS ARTISTICOS DE VIDRIO Y CRISTAL,3329027,1,1,8,0.08,SÍ — integrante
Actividad económica / giro mercantil,F12,INHERENTE,FABRICACION DE OTROS OBJETOS DE CRISTAL,3329035,1,1,8,0.08,SÍ — integrante
Actividad económica / giro mercantil,F12,INHERENTE,FABRICACION DE ADOBE,3331014,1,1,8,0.08,SÍ — integrante
Actividad económica / giro mercantil,F12,INHERENTE,FABRICACION DE LADRILLOS,3331022,1,1,8,0.08,SÍ — integrante
Actividad económica / giro mercantil,F12,INHERENTE,FABRICACION DE TEJA Y TUBO DE ARCILLA,3331030,1,1,8,0.08,SÍ — integrante
Actividad económica / giro mercantil,F12,INHERENTE,FABRICACION DE MATERIALES PARA MUROS,3332012,1,1,8,0.08,SÍ — integrante
Actividad económica / giro mercantil,F12,INHERENTE,FABRICACION DE PRODUCTOS REFRACTARIOS,3332020,1,1,8,0.08,SÍ — integrante
Actividad económica / giro mercantil,F12,INHERENTE,FABRICACION DE CEMENTO,3341013,1,1,8,0.08,SÍ — integrante
Actividad económica / giro mercantil,F12,INHERENTE,FABRICACION DE CONCRETO CIENTIFICO,3341021,1,1,8,0.08,SÍ — integrante
Actividad económica / giro mercantil,F12,INHERENTE,FABRICACION DE CONCRETO PARA CONSTRUCCION,3341039,1,1,8,0.08,SÍ — integrante
Actividad económica / giro mercantil,F12,INHERENTE,FABRICACION DE BLOQUES DE CEMENTO,3342011,1,1,8,0.08,SÍ — integrante
Actividad económica / giro mercantil,F12,INHERENTE,FABRICACION DE YESO,3342029,1,1,8,0.08,SÍ — integrante
Actividad económica / giro mercantil,F12,INHERENTE,HORNO DE CAL,3343019,1,1,8,0.08,SÍ — integrante
Actividad económica / giro mercantil,F12,INHERENTE,FABRICACION DE TINACOS DE ASBESTO,3351012,1,1,8,0.08,SÍ — integrante
Actividad económica / giro mercantil,F12,INHERENTE,FABRICACION DE ABRASIVOS,3352010,1,1,8,0.08,SÍ — integrante
Actividad económica / giro mercantil,F12,INHERENTE,FABRICACION DE ESMERILES,3352028,1,1,8,0.08,SÍ — integrante
Actividad económica / giro mercantil,F12,INHERENTE,FABRICACION DE LIJA,3352036,1,1,8,0.08,SÍ — integrante
Actividad económica / giro mercantil,F12,INHERENTE,TALLER DE MARMOLERIA,3353018,1,1,8,0.08,SÍ — integrante
Actividad económica / giro mercantil,F12,INHERENTE,FABRICACION DE MOSAICOS TERRAZOS Y GRANITO,3354016,1,1,8,0.08,SÍ — integrante
Actividad económica / giro mercantil,F12,INHERENTE,FABRICACION DE POSTES Y DURMIENTES DE CONCRETO,3354024,1,1,8,0.08,SÍ — integrante
Actividad económica / giro mercantil,F12,INHERENTE,FABRICACION DE TUBOS DE CONCRETO,3354032,1,1,8,0.08,SÍ — integrante
Actividad económica / giro mercantil,F12,INHERENTE,USUARIOS MENORES INDUSTRIA PRODUCTOS DE MINERALES NO METALICOS,3354909,1,1,8,0.08,SÍ — integrante
Actividad económica / giro mercantil,F12,INHERENTE,CARTERA DE PRODUCTOS MINERALES NO METALICOS DE EST,3354917,2,2,8,0.08,SÍ — integrante
Actividad económica / giro mercantil,F12,INHERENTE,INDUSTRIAS METÁLICAS BÁSICAS,3400009,1,1,8,0.08,SÍ — integrante
Actividad económica / giro mercantil,F12,INHERENTE,FABRICACION DE FIERRO ESPONJA,3411014,1,1,8,0.08,SÍ — integrante
Actividad económica / giro mercantil,F12,INHERENTE,FUNDICION DE FIERRO Y ACERO,3411022,1,1,8,0.08,SÍ — integrante
Actividad económica / giro mercantil,F12,INHERENTE,PLANTA METALURGICA,3411030,1,1,8,0.08,SÍ — integrante
Actividad económica / giro mercantil,F12,INHERENTE,USUARIOS MENORES DE INDUSTRIA SIDERURGICA Y PRODUCTOS METALICOS,3411907,1,1,8,0.08,SÍ — integrante
Actividad económica / giro mercantil,F12,INHERENTE,CARTERA SIDERURGICA Y DE PRODUCTOS METALICOS DE ES,3411915,2,2,8,0.08,SÍ — integrante
Actividad económica / giro mercantil,F12,INHERENTE,FABRICACION DE LAMINAS DE HIERRO Y ACERO,3412012,1,1,8,0.08,SÍ — integrante
Actividad económica / giro mercantil,F12,INHERENTE,FABRICACION DE OTROS ARTICULOS DE LAMINA,3412020,1,1,8,0.08,SÍ — integrante
Actividad económica / giro mercantil,F12,INHERENTE,FABRICACION DE TUBOS DE HIERRO Y ACERO,3413010,1,1,8,0.08,SÍ — integrante
Actividad económica / giro mercantil,F12,INHERENTE,FUNDICION REFINACION LAMINACION EXTRUSION Y ESTIRAJE DE COBRE Y SUS ALEACIONES,3421013,1,1,8,0.08,SÍ — integrante
Actividad económica / giro mercantil,F12,INHERENTE,FUNDICION LAMINACION EXTRUSION Y ESTIRAJE DE ALUMINIO Y FABRICACION DE SOLDADURAS ALUMINOTERMICAS,3422011,1,1,8,0.08,SÍ — integrante
Actividad económica / giro mercantil,F12,INHERENTE,FABRICACION DE TUBOS DE ESTAÑO,3423019,1,1,8,0.08,SÍ — integrante
Actividad económica / giro mercantil,F12,INHERENTE,FABRICACION DE EQUIPOS PARA SOLDAR Y SOLDADURAS,3423027,1,1,8,0.08,SÍ — integrante
Actividad económica / giro mercantil,F12,INHERENTE,FUNDICION DE METALES NO FERRUGINOSOS,3429017,1,1,8,0.08,SÍ — integrante
Actividad económica / giro mercantil,F12,INHERENTE,FABRICACIÓN DE PRODUCTOS METÁLICOS; EXCEPTO MAQUINARIA Y EQUIPO,3500007,1,1,8,0.08,SÍ — integrante
Actividad económica / giro mercantil,F12,INHERENTE,FABRICACION DE CUBIERTOS Y CUCHILLERIA,3511012,1,1,8,0.08,SÍ — integrante
Actividad económica / giro mercantil,F12,INHERENTE,FABRICACION DE UTENSILIOS AGRICOLAS Y HERRAMIENTAS DE MANO,3512010,1,1,8,0.08,SÍ — integrante
Actividad económica / giro mercantil,F12,INHERENTE,FABRICACION DE REMACHES,3513018,1,1,8,0.08,SÍ — integrante
Actividad económica / giro mercantil,F12,INHERENTE,FABRICACION DE TORNILLOS TUERCAS Y PIJAS,3513026,1,1,8,0.08,SÍ — integrante
Actividad económica / giro mercantil,F12,INHERENTE,FABRICACION DE CLAVOS CADENAS GRAPAS Y TACHUELAS,3514016,1,1,8,0.08,SÍ — integrante
Actividad económica / giro mercantil,F12,INHERENTE,FABRICACION DE CANDADOS,3515014,1,1,8,0.08,SÍ — integrante
Actividad económica / giro mercantil,F12,INHERENTE,FABRICACION DE CERRADURAS,3515022,1,1,8,0.08,SÍ — integrante
Actividad económica / giro mercantil,F12,INHERENTE,FABRICACION DE CORTINAS DE METAL,3516012,1,1,8,0.08,SÍ — integrante
Actividad económica / giro mercantil,F12,INHERENTE,FABRICACION DE JAULAS DE METAL,3516020,1,1,8,0.08,SÍ — integrante
Actividad económica / giro mercantil,F12,INHERENTE,FABRICACION DE OTROS ARTICULOS DE ALUMINIO,3516038,1,1,8,0.08,SÍ — integrante
Actividad económica / giro mercantil,F12,INHERENTE,FABRICACION DE PERFILES PUERTAS Y VENTANAS DE METAL,3516046,1,1,8,0.08,SÍ — integrante
Actividad económica / giro mercantil,F12,INHERENTE,TALLER DE HERRERIA,3516054,1,1,8,0.08,SÍ — integrante
Actividad económica / giro mercantil,F12,INHERENTE,FABRICACION DE BUTACAS DE METAL,3521011,1,1,8,0.08,SÍ — integrante
Actividad económica / giro mercantil,F12,INHERENTE,FABRICACION DE ESTUFAS,3521029,1,1,8,0.08,SÍ — integrante
Actividad económica / giro mercantil,F12,INHERENTE,FABRICACION DE OTROS MUEBLES DE METAL,3521037,1,1,8,0.08,SÍ — integrante
Actividad económica / giro mercantil,F12,INHERENTE,FABRICACION DE ESTRUCTURAS DE METAL,3531010,1,1,8,0.08,SÍ — integrante
Actividad económica / giro mercantil,F12,INHERENTE,FABRICACION DE TANQUES PARA ENVASADO DE GASES O LIQUIDOS,3531028,1,1,8,0.08,SÍ — integrante
Actividad económica / giro mercantil,F12,INHERENTE,FABRICACION DE CALDERAS TANQUES Y TINACOS DE METAL,3532018,1,1,8,0.08,SÍ — integrante
Actividad económica / giro mercantil,F12,INHERENTE,FABRICACION DE CALENTADORES PARA BAÑO,3532026,1,1,8,0.08,SÍ — integrante
Actividad económica / giro mercantil,F12,INHERENTE,FABRICACION DE ENVASES DE LAMINA,3591014,1,1,8,0.08,SÍ — integrante
Actividad económica / giro mercantil,F12,INHERENTE,TALLER DE HOJALATERIA,3591022,1,1,8,0.08,SÍ — integrante
Actividad económica / giro mercantil,F12,INHERENTE,FABRICACION DE CORCHOLATAS,3592012,1,1,8,0.08,SÍ — integrante
Actividad económica / giro mercantil,F12,INHERENTE,FABRICACION DE ALAMBRADOS Y TELAS DE METAL,3593010,1,1,8,0.08,SÍ — integrante
Actividad económica / giro mercantil,F12,INHERENTE,FABRICACION DE ALAMBRE,3593028,1,1,8,0.08,SÍ — integrante
Actividad económica / giro mercantil,F12,INHERENTE,FABRICACION DE OTROS ARTICULOS DE ALAMBRE,3593036,1,1,8,0.08,SÍ — integrante
Actividad económica / giro mercantil,F12,INHERENTE,FABRICACION DE ARTICULOS DE PELTRE,3594018,1,1,8,0.08,SÍ — integrante
Actividad económica / giro mercantil,F12,INHERENTE,GALVANIZACION DE LAMINA,3595016,1,1,8,0.08,SÍ — integrante
Actividad económica / giro mercantil,F12,INHERENTE,GALVANIZACION DE TUBERIA,3595024,1,1,8,0.08,SÍ — integrante
Actividad económica / giro mercantil,F12,INHERENTE,TALLER DE COBRIZADO,3595032,1,1,8,0.08,SÍ — integrante
Actividad económica / giro mercantil,F12,INHERENTE,TALLER DE CROMADO Y NIQUELADO,3595040,1,1,8,0.08,SÍ — integrante
Actividad económica / giro mercantil,F12,INHERENTE,TALLER DE ESMALTADO,3595058,1,1,8,0.08,SÍ — integrante
Actividad económica / giro mercantil,F12,INHERENTE,FABRICACION DE PIEZAS METALICAS POR FUNDICION Y MOLDEO EXCEPTO PARA MAQUINARIA EQUIPO Y MATERIAL DE TRANSPORTE,3596014,1,1,8,0.08,SÍ — integrante
Actividad económica / giro mercantil,F12,INHERENTE,FABRICACION DE TUBOS DE COBRE  PLOMO Y ALUMINIO,3596022,1,1,8,0.08,SÍ — integrante
Actividad económica / giro mercantil,F12,INHERENTE,FABRICACION DE ALFILERES AGUJAS Y BROCHES,3599018,1,1,8,0.08,SÍ — integrante
Actividad económica / giro mercantil,F12,INHERENTE,FABRICACION DE CAJAS FUERTES,3599026,1,1,8,0.08,SÍ — integrante
Actividad económica / giro mercantil,F12,INHERENTE,FABRICACION DE CIERRES AUTOMATICOS DE METAL,3599034,1,1,8,0.08,SÍ — integrante
Actividad económica / giro mercantil,F12,INHERENTE,FABRICACION DE ESPUELAS FRENOS Y ARNESES DE METAL,3599042,1,1,8,0.08,SÍ — integrante
Actividad económica / giro mercantil,F12,INHERENTE,FABRICACION DE HEBILLAS DE METAL,3599050,1,1,8,0.08,SÍ — integrante
Actividad económica / giro mercantil,F12,INHERENTE,FABRICACION DE HOJAS PARA RASURAR,3599068,1,1,8,0.08,SÍ — integrante
Actividad económica / giro mercantil,F12,INHERENTE,FABRICACION DE OJILLOS DE METAL,3599076,1,1,8,0.08,SÍ — integrante
Actividad económica / giro mercantil,F12,INHERENTE,FABRICACION DE OTROS ARTICULOS DE LATON,3599084,1,1,8,0.08,SÍ — integrante
Actividad económica / giro mercantil,F12,INHERENTE,FABRICACION DE OTROS ARTICULOS DE METAL NO CLASIFICADOS EN OTRA PARTE,3599092,1,1,8,0.08,SÍ — integrante
Actividad económica / giro mercantil,F12,INHERENTE,FABRICACION DE PASADORES Y HORQUILLAS,3599109,1,1,8,0.08,SÍ — integrante
Actividad económica / giro mercantil,F12,INHERENTE,FABRICACION DE PLANCHAS INDUSTRIALES,3599117,1,1,8,0.08,SÍ — integrante
Actividad económica / giro mercantil,F12,INHERENTE,FABRICACION DE TAPONES DE METAL,3599125,1,1,8,0.08,SÍ — integrante
Actividad económica / giro mercantil,F12,INHERENTE,FABRICACION DE TROQUELES,3599133,1,1,8,0.08,SÍ — integrante
Actividad económica / giro mercantil,F12,INHERENTE,"FABRICACIÓN, ENSAMBLE Y REPARACIÓN DE MAQUINARIA, EQUIPO Y SUS PARTES; EXCEPTO LOS ELÉCTRICOS",3600005,1,1,8,0.08,SÍ — integrante
Actividad económica / giro mercantil,F12,INHERENTE,FABRICACION ENSAMBLE Y REPARACION DE VEHICULOS DE USO AGROPECUARIO,3611010,5,5,8,0.08,SÍ — integrante
Actividad económica / giro mercantil,F12,INHERENTE,FABRICACION DE MAQUINARIA E IMPLEMENTOS AGRICOLAS,3611028,1,1,8,0.08,SÍ — integrante
Actividad económica / giro mercantil,F12,INHERENTE,FABRICACION DE HERRAMIENTAS DE METAL,3621019,1,1,8,0.08,SÍ — integrante
Actividad económica / giro mercantil,F12,INHERENTE,FABRICACION DE REFACCIONES Y MAQUINARIA INDUSTRIAL,3621027,1,1,8,0.08,SÍ — integrante
Actividad económica / giro mercantil,F12,INHERENTE,FABRICACION ENSAMBLE Y REPARACION DE MAQUINARIA Y EQUIPO PARA LA INDUSTRIA DE ALIMENTOS Y BEBIDAS,3631018,1,1,8,0.08,SÍ — integrante
Actividad económica / giro mercantil,F12,INHERENTE,FABRICACION ENSAMBLE Y REPARACION DE MAQUINARIA EQUIPO Y TRACTORES PARA LAS INDUSTRIAS EXTRACTIVAS Y DE LA CONSTRUCCION,3632016,1,1,8,0.08,SÍ — integrante
Actividad económica / giro mercantil,F12,INHERENTE,FABRICACION DE MOLINOS PARA GRANOS,3639012,1,1,8,0.08,SÍ — integrante
Actividad económica / giro mercantil,F12,INHERENTE,USUARIOS MENORES FABRICACION MAQUINARIA Y ARTICULOS ELECTRICOS,3639905,1,1,8,0.08,SÍ — integrante
Actividad económica / giro mercantil,F12,INHERENTE,CARTERA DE FABRICACION DE MAQUINARIA Y ARTICULOS E,3639913,2,2,8,0.08,SÍ — integrante
Actividad económica / giro mercantil,F12,INHERENTE,FABRICACION DE MAQUINAS CALCULADORAS REGISTRADORAS Y DE ESCRIBIR,3641017,1,1,8,0.08,SÍ — integrante
Actividad económica / giro mercantil,F12,INHERENTE,FABRICACION DE EQUIPO DE PROCESAMIENTO ELECTRONICO DE DATOS,3641025,1,1,8,0.08,SÍ — integrante
Actividad económica / giro mercantil,F12,INHERENTE,FABRICACION DE MAQUINAS DE COSER,3691012,1,1,8,0.08,SÍ — integrante
Actividad económica / giro mercantil,F12,INHERENTE,FABRICACION ENSAMBLE Y REPARACION DE GRUAS MONTACARGAS Y OTRAS MAQUINAS PARA TRANSPORTAR O LEVANTAR,3692010,1,1,8,0.08,SÍ — integrante
Actividad económica / giro mercantil,F12,INHERENTE,FABRICACION ENSAMBLE Y REPARACION DE MOTORES NO ELECTRICOS EXCEPTO PARA VEHICULOS AUTOMOVILES,3693018,1,1,8,0.08,SÍ — integrante
Actividad económica / giro mercantil,F12,INHERENTE,FABRICACION DE EXTINGUIDORES,3694016,1,1,8,0.08,SÍ — integrante
Actividad económica / giro mercantil,F12,INHERENTE,FABRICACION DE BOMBAS PARA AGUA,3694024,1,1,8,0.08,SÍ — integrante
Actividad económica / giro mercantil,F12,INHERENTE,FABRICACION DE VALVULAS DE METAL,3695014,1,1,8,0.08,SÍ — integrante
Actividad económica / giro mercantil,F12,INHERENTE,FABRICACION DE FILTROS DE METAL,3696012,1,1,8,0.08,SÍ — integrante
Actividad económica / giro mercantil,F12,INHERENTE,FABRICACION E INSTALACION DE EQUIPOS Y APARATOS DE AIRE ACONDICIONADO CALEFACCION Y REFRIGERACION,3697010,1,1,8,0.08,SÍ — integrante
Actividad económica / giro mercantil,F12,INHERENTE,FABRICACION DE ENGRANES DE METAL,3699016,1,1,8,0.08,SÍ — integrante
Actividad económica / giro mercantil,F12,INHERENTE,TALLER MECANICO DE FABRICACION Y REPARACION DE PARTES INDUSTRIALES,3699024,1,1,8,0.08,SÍ — integrante
Actividad económica / giro mercantil,F12,INHERENTE,FABRICACION DE ACCESORIOS PARA LA INDUSTRIA TEXTIL,3699032,1,1,8,0.08,SÍ — integrante
Actividad económica / giro mercantil,F12,INHERENTE,"FABRICACIÓN Y ENSAMBLE DE MAQUINARIA, EQUIPO, APARATOS, ACCESORIOS Y ARTÍCULOS ELÉCTRICOS, ELECTRÓNICOS Y SUS PARTES",3700003,1,1,8,0.08,SÍ — integrante
Actividad económica / giro mercantil,F12,INHERENTE,FABRICACION ENSAMBLE Y REPARACION DE TRANSFORMADORES MOTORES Y MAQUINARIA Y EQUIPO PARA GENERACION Y UTILIZACION DE LA ENERGIA ELECTRICA,3711018,1,1,8,0.08,SÍ — integrante
Actividad económica / giro mercantil,F12,INHERENTE,FABRICACION DE RADIOS TOCADISCOS GRABADORAS Y TELEVISORES,3721017,1,1,8,0.08,SÍ — integrante
Actividad económica / giro mercantil,F12,INHERENTE,FABRICACION DE DISCOS Y CINTAS PARA GRABACIONES,3722015,1,1,8,0.08,SÍ — integrante
Actividad económica / giro mercantil,F12,INHERENTE,GRABACION DE DISCOS Y CINTAS,3722023,1,1,8,0.08,SÍ — integrante
Actividad económica / giro mercantil,F12,INHERENTE,FABRICACION DE APARATOS DE INTERCOMUNICACION,3723013,1,1,8,0.08,SÍ — integrante
Actividad económica / giro mercantil,F12,INHERENTE,FABRICACION DE PARTES DISPOSITIVOS Y ACCESORIOS PARA EQUIPO Y APARATOS DE RADIO TELEVISION Y COMUNICACIONES,3729011,1,1,8,0.08,SÍ — integrante
Actividad económica / giro mercantil,F12,INHERENTE,FABRICACION DE OTROS APARATOS ELECTRICOS PARA EL HOGAR,3731016,1,1,8,0.08,SÍ — integrante
Actividad económica / giro mercantil,F12,INHERENTE,FABRICACION DE REFRIGERADORES Y EQUIPOS DE CALEFACCION DOMESTICA,3731024,1,1,8,0.08,SÍ — integrante
Actividad económica / giro mercantil,F12,INHERENTE,FABRICACION DE ACUMULADORES,3791010,1,1,8,0.08,SÍ — integrante
Actividad económica / giro mercantil,F12,INHERENTE,FABRICACION DE PILAS SECAS,3791028,1,1,8,0.08,SÍ — integrante
Actividad económica / giro mercantil,F12,INHERENTE,FABRICACION DE FOCOS,3792018,1,1,8,0.08,SÍ — integrante
Actividad económica / giro mercantil,F12,INHERENTE,FABRICACION DE CABLES DE METAL,3793016,1,1,8,0.08,SÍ — integrante
Actividad económica / giro mercantil,F12,INHERENTE,FABRICACION DE MATERIAL PARA INSTALACIONES ELECTRICAS,3793024,1,1,8,0.08,SÍ — integrante
Actividad económica / giro mercantil,F12,INHERENTE,FABRICACION DE REFACCIONES PARA APARATOS ELECTRICOS,3793032,1,1,8,0.08,SÍ — integrante
Actividad económica / giro mercantil,F12,INHERENTE,FABRICACION DE ANUNCIOS LUMINOSOS,3799014,1,1,8,0.08,SÍ — integrante
Actividad económica / giro mercantil,F12,INHERENTE,FABRICACION DE CANDILES Y ARBOTANTES,3799022,1,1,8,0.08,SÍ — integrante
Actividad económica / giro mercantil,F12,INHERENTE,FABRICACION DE LAMPARAS ELECTRICAS,3799030,1,1,8,0.08,SÍ — integrante
Actividad económica / giro mercantil,F12,INHERENTE,"CONSTRUCCIÓN, RECONSTRUCCIÓN Y ENSAMBLE DE EQUIPO DE TRANSPORTE Y SUS PARTES",3800001,4,4,8,0.08,SÍ — integrante
Actividad económica / giro mercantil,F12,INHERENTE,FABRICACION Y ENSAMBLE DE AUTOMOVILES Y CAMIONES,3811016,5,5,8,0.08,SÍ — integrante
Actividad económica / giro mercantil,F12,INHERENTE,FABRICACION DE CARROCERIAS DE METAL,3812014,5,5,8,0.08,SÍ — integrante
Actividad económica / giro mercantil,F12,INHERENTE,FABRICACION DE FURGONES Y VAGONES,3812022,1,1,8,0.08,SÍ — integrante
Actividad económica / giro mercantil,F12,INHERENTE,FABRICACION Y ENSAMBLE DE OTROS VEHICULOS,3812030,5,5,8,0.08,SÍ — integrante
Actividad económica / giro mercantil,F12,INHERENTE,FABRICACION DE PISTONES BIELAS ANILLOS CIGÜEÑALES Y MONOBLOCKS PARA MOTORES,3813012,1,1,8,0.08,SÍ — integrante
Actividad económica / giro mercantil,F12,INHERENTE,FABRICACION DE PARTES PARA EL SISTEMA DE TRANSMISION DE VEHICULOS AUTOMOVILES,3814010,1,1,8,0.08,SÍ — integrante
Actividad económica / giro mercantil,F12,INHERENTE,FABRICACION DE MUELLES Y RESORTES PARA VEHICULOS,3815018,1,1,8,0.08,SÍ — integrante
Actividad económica / giro mercantil,F12,INHERENTE,FABRICACION DE PARTES PARA EL SISTEMA DE FRENOS DE VEHICULOS AUTOMOVILES,3816016,1,1,8,0.08,SÍ — integrante
Actividad económica / giro mercantil,F12,INHERENTE,FABRICACION DE BUJIAS,3817014,1,1,8,0.08,SÍ — integrante
Actividad económica / giro mercantil,F12,INHERENTE,FABRICACION DE REFACCIONES Y ACCESORIOS AUTOMOTRICES,3819010,1,1,8,0.08,SÍ — integrante
Actividad económica / giro mercantil,F12,INHERENTE,FABRICACION ENSAMBLE Y REPARACION DE CARROS DE FERROCARRIL Y OTRO EQUIPO FERROVIARIO,3821015,1,1,8,0.08,SÍ — integrante
Actividad económica / giro mercantil,F12,INHERENTE,FABRICACION Y REPARACION DE BUQUES Y BARCOS,3831014,1,1,8,0.08,SÍ — integrante
Actividad económica / giro mercantil,F12,INHERENTE,FABRICACION Y REPARACION DE OTROS VEHICULOS ACUATICOS,3831022,1,1,8,0.08,SÍ — integrante
Actividad económica / giro mercantil,F12,INHERENTE,FABRICACION ENSAMBLE Y REPARACION DE AERONAVES,3832012,1,1,8,0.08,SÍ — integrante
Actividad económica / giro mercantil,F12,INHERENTE,FABRICACION Y ENSAMBLE DE MOTOCICLETAS BICICLETAS Y OTROS VEHICULOS DE PEDAL,3891018,1,1,8,0.08,SÍ — integrante
Actividad económica / giro mercantil,F12,INHERENTE,FABRICACION DE PARTES REFACCIONES Y ACCESORIOS PARA MOTOCICLETAS BICICLETAS Y OTROS VEHICULOS DE PEDAL,3892016,1,1,8,0.08,SÍ — integrante
Actividad económica / giro mercantil,F12,INHERENTE,FABRICACION DE CARREOLAS Y ANDADERAS,3899012,1,1,8,0.08,SÍ — integrante
Actividad económica / giro mercantil,F12,INHERENTE,FABRICACIÓN DE ARTÍCULOS DE JOYERÍA,3900001,4,4,8,0.08,SÍ — integrante
Actividad económica / giro mercantil,F12,INHERENTE,TALLADO DE PIEDRAS PRECIOSAS,3900002,5,5,8,0.08,SÍ — integrante
Actividad económica / giro mercantil,F12,INHERENTE,"OTRAS INDUSTRIAS MANUFACTURERAS (JOYERIA, ARTICULOS DE ESCRITORIO, FOTOGRAFICOS, PARA DENTISTA, PARA OPTICA, DEPORTIVOS)",3900009,4,4,8,0.08,SÍ — integrante
Actividad económica / giro mercantil,F12,INHERENTE,FABRICACION Y REPARACION DE ARTICULOS DE OPTICA,3911014,1,1,8,0.08,SÍ — integrante
Actividad económica / giro mercantil,F12,INHERENTE,FABRICACION DE CAMARAS FOTOGRAFICAS DE CINE Y PROYECTORES,3912012,1,1,8,0.08,SÍ — integrante
Actividad económica / giro mercantil,F12,INHERENTE,FABRICACION DE MATERIAL FOTOGRAFICO,3912020,1,1,8,0.08,SÍ — integrante
Actividad económica / giro mercantil,F12,INHERENTE,FABRICACION DE RELOJES,3921013,3,3,8,0.08,SÍ — integrante
Actividad económica / giro mercantil,F12,INHERENTE,FABRICACION DE MEDALLAS INSIGNIAS Y PLACAS,3931012,1,1,8,0.08,SÍ — integrante
Actividad económica / giro mercantil,F12,INHERENTE,FABRICACION DE ARTICULOS DE JOYERIA,3932010,5,5,8,0.08,SÍ — integrante
Actividad económica / giro mercantil,F12,INHERENTE,ORFEBRERIA,3932028,2,2,8,0.08,SÍ — integrante
Actividad económica / giro mercantil,F12,INHERENTE,TALLADO DE PIEDRAS PRECIOSAS,3932036,5,5,8,0.08,SÍ — integrante
Actividad económica / giro mercantil,F12,INHERENTE,FABRICACION DE ARTICULOS DE QUINCALLERIA Y BISUTERIA,3933018,1,1,8,0.08,SÍ — integrante
Actividad económica / giro mercantil,F12,INHERENTE,FABRICACION DE CUERDAS PARA GUITARRA,3941011,1,1,8,0.08,SÍ — integrante
Actividad económica / giro mercantil,F12,INHERENTE,FABRICACION Y REPARACION DE INSTRUMENTOS MUSICALES,3941029,1,1,8,0.08,SÍ — integrante
Actividad económica / giro mercantil,F12,INHERENTE,FABRICACION DE APARATOS PARA GIMNASIA,3951010,2,2,8,0.08,SÍ — integrante
Actividad económica / giro mercantil,F12,INHERENTE,FABRICACION DE MESAS DE BILLAR,3951028,1,1,8,0.08,SÍ — integrante
Actividad económica / giro mercantil,F12,INHERENTE,FABRICACION DE OTROS ARTICULOS PARA DEPORTES,3951036,1,1,8,0.08,SÍ — integrante
Actividad económica / giro mercantil,F12,INHERENTE,FABRICACION DE OTROS INSTRUMENTOS DE MEDICION,3961019,1,1,8,0.08,SÍ — integrante
Actividad económica / giro mercantil,F12,INHERENTE,FABRICACION Y REPARACION DE BASCULAS Y BALANZAS,3961027,1,1,8,0.08,SÍ — integrante
Actividad económica / giro mercantil,F12,INHERENTE,FABRICACION Y REPARACION DE INSTRUMENTOS DE FISICA Y QUIMICA,3961035,3,3,8,0.08,SÍ — integrante
Actividad económica / giro mercantil,F12,INHERENTE,FABRICACION Y REPARACION DE INSTRUMENTOS DE INGENIERIA,3961043,1,1,8,0.08,SÍ — integrante
Actividad económica / giro mercantil,F12,INHERENTE,FABRICACION DE APARATOS OZONIZADORES,3961051,1,1,8,0.08,SÍ — integrante
Actividad económica / giro mercantil,F12,INHERENTE,FABRICACION DE TAXIMETROS,3961069,1,1,8,0.08,SÍ — integrante
Actividad económica / giro mercantil,F12,INHERENTE,FABRICACION Y REPARACION DE APARATOS ORTOPEDICOS,3962017,1,1,8,0.08,SÍ — integrante
Actividad económica / giro mercantil,F12,INHERENTE,FABRICACION Y REPARACION DE INSTRUMENTOS DE CIRUGIA,3962025,1,1,8,0.08,SÍ — integrante
Actividad económica / giro mercantil,F12,INHERENTE,FABRICACION DE JUGUETES EXCEPTO LOS DE HULE Y DE PLASTICO MOLDEADOS,3991016,1,1,8,0.08,SÍ — integrante
Actividad económica / giro mercantil,F12,INHERENTE,FABRICACION DE ARTICULOS PARA ESCRITORIO,3992014,1,1,8,0.08,SÍ — integrante
Actividad económica / giro mercantil,F12,INHERENTE,FABRICACION DE CANUTEROS,3992022,1,1,8,0.08,SÍ — integrante
Actividad económica / giro mercantil,F12,INHERENTE,FABRICACION DE CINTAS PARA MAQUINAS CALCULADORAS REGISTRADORAS Y DE ESCRIBIR,3992030,1,1,8,0.08,SÍ — integrante
Actividad económica / giro mercantil,F12,INHERENTE,FABRICACION DE LAPICES,3992048,1,1,8,0.08,SÍ — integrante
Actividad económica / giro mercantil,F12,INHERENTE,FABRICACION DE PIZARRONES,3992056,1,1,8,0.08,SÍ — integrante
Actividad económica / giro mercantil,F12,INHERENTE,FABRICACION DE SELLOS DE GOMA,3993012,1,1,8,0.08,SÍ — integrante
Actividad económica / giro mercantil,F12,INHERENTE,FABRICACION DE SELLOS PARA CARROS DE FERROCARRIL,3993020,1,1,8,0.08,SÍ — integrante
Actividad económica / giro mercantil,F12,INHERENTE,FABRICACION DE ARTICULOS PARA DENTISTA,3994010,1,1,8,0.08,SÍ — integrante
Actividad económica / giro mercantil,F12,INHERENTE,FABRICACION DE CERCOS PARA CALZADO,3995018,1,1,8,0.08,SÍ — integrante
Actividad económica / giro mercantil,F12,INHERENTE,FABRICACION DE HORMAS PARA CALZADO Y TACONES,3995026,1,1,8,0.08,SÍ — integrante
Actividad económica / giro mercantil,F12,INHERENTE,FABRICACION DE ESCOBAS,3996016,1,1,8,0.08,SÍ — integrante
Actividad económica / giro mercantil,F12,INHERENTE,FABRICACION DE ARMAS,3997014,5,5,8,0.08,SÍ — integrante
Actividad económica / giro mercantil,F12,INHERENTE,FABRICACION DE CARTUCHOS,3997022,5,5,8,0.08,SÍ — integrante
Actividad económica / giro mercantil,F12,INHERENTE,FABRICACION DE CASQUILLOS,3997030,5,5,8,0.08,SÍ — integrante
Actividad económica / giro mercantil,F12,INHERENTE,FABRICACION DE MUNICIONES PARA CAZA,3997048,1,1,8,0.08,SÍ — integrante
Actividad económica / giro mercantil,F12,INHERENTE,FABRICACION DE ABANICOS,3999010,1,1,8,0.08,SÍ — integrante
Actividad económica / giro mercantil,F12,INHERENTE,FABRICACION DE ARTICULOS DE CAREY,3999028,1,1,8,0.08,SÍ — integrante
Actividad económica / giro mercantil,F12,INHERENTE,FABRICACION DE ARTICULOS DE CONCHA,3999036,1,1,8,0.08,SÍ — integrante
Actividad económica / giro mercantil,F12,INHERENTE,FABRICACION DE BASTONES PARAGUAS Y SOMBRILLAS,3999044,1,1,8,0.08,SÍ — integrante
Actividad económica / giro mercantil,F12,INHERENTE,FABRICACION DE FLORES ARTIFICIALES,3999052,1,1,8,0.08,SÍ — integrante
Actividad económica / giro mercantil,F12,INHERENTE,FABRICACION DE OTROS ARTICULOS DE PLUMA DE AVE,3999060,1,1,8,0.08,SÍ — integrante
Actividad económica / giro mercantil,F12,INHERENTE,FABRICACION DE ROTULOS,3999078,1,1,8,0.08,SÍ — integrante
Actividad económica / giro mercantil,F12,INHERENTE,FABRICACION DE TALCO INDUSTRIAL,3999086,1,1,8,0.08,SÍ — integrante
Actividad económica / giro mercantil,F12,INHERENTE,FABRICACION DE TRAGALUCES Y MARQUESINAS,3999094,1,1,8,0.08,SÍ — integrante
Actividad económica / giro mercantil,F12,INHERENTE,FABRICACION DE PRODUCTOS MANUFACTURADOS NO CLASIFICADOS EN OTRA PARTE,3999101,1,1,8,0.08,SÍ — integrante
Actividad económica / giro mercantil,F12,INHERENTE,AJUSTE PROGRAMA VENTA DE CARTERA FOBAPROA,3999119,1,1,8,0.08,SÍ — integrante
Actividad económica / giro mercantil,F12,INHERENTE,AJUSTE ESTADISTICO,3999127,1,1,8,0.08,SÍ — integrante
Actividad económica / giro mercantil,F12,INHERENTE,USUARIOS MENORES INDUSTRIA MANUFACTURERA,3999903,1,1,8,0.08,SÍ — integrante
Actividad económica / giro mercantil,F12,INHERENTE,CARTERA DE INDUSTRIA MANUFACTURERA DE ESTADOS ANAL,3999911,2,2,8,0.08,SÍ — integrante
Actividad económica / giro mercantil,F12,INHERENTE,"CONTRATACIÓN DE OBRAS COMPLETAS DE CONSTRUCCIÓN (CASAS, DEPARTAMENTOS, INMUEBLES, PAVIMENTACIÓN, NO RESIDENCIALES, VIAS DE COMUNICACIÓN)",4100004,5,5,8,0.08,SÍ — integrante
Actividad económica / giro mercantil,F12,INHERENTE,CONSTRUCCION DE CASAS Y TECHOS DESARMABLES,4111019,5,5,8,0.08,SÍ — integrante
Actividad económica / giro mercantil,F12,INHERENTE,CONSTRUCCION DE INMUEBLES,4111027,5,5,8,0.08,SÍ — integrante
Actividad económica / giro mercantil,F12,INHERENTE,PRESTAMOS PARA LA CONSTRUCCION DE VIVIENDA  TANTO DE INTERES SOCIAL COMO PROVENIENTES DE LA RESERVA PARA PENSIONES DEL PERSONAL,4111035,5,5,8,0.08,SÍ — integrante
Actividad económica / giro mercantil,F12,INHERENTE,PRESTAMOS PARA LA CONSTRUCCION DE VIVIENDA PARA ACREDITADOS DE INGRESOS MINIMOS,4111043,5,5,8,0.08,SÍ — integrante
Actividad económica / giro mercantil,F12,INHERENTE,DESARROLLADORES DE VIVIENDA,4111051,5,5,8,0.08,SÍ — integrante
Actividad económica / giro mercantil,F12,INHERENTE,CARTERA DE VIVIENDA DE INTERES SOCIAL DE ESTADOS A,4111910,2,2,8,0.08,SÍ — integrante
Actividad económica / giro mercantil,F12,INHERENTE,CONSTRUCCION DE VIVIENDA TIPO MEDIO,4111928,5,5,8,0.08,SÍ — integrante
Actividad económica / giro mercantil,F12,INHERENTE,USUARIOS MENORES CONSTRUCCION DE VIVIENDA TIPO MEDIO,4111936,5,5,8,0.08,SÍ — integrante
Actividad económica / giro mercantil,F12,INHERENTE,CONSTRUCCION DE VIVIENDA RESIDENCIAL,4111944,5,5,8,0.08,SÍ — integrante
Actividad económica / giro mercantil,F12,INHERENTE,MENORES CONSTRUCCION DE VIVIENDA RESIDENCIAL,4111952,5,5,8,0.08,SÍ — integrante
Actividad económica / giro mercantil,F12,INHERENTE,CONSTRUCCION DE EDIFICIOS PARA OFICINAS ESCUELAS HOSPITALES HOTELES Y OTROS NO RESIDENCIALES,4112017,5,5,8,0.08,SÍ — integrante
Actividad económica / giro mercantil,F12,INHERENTE,CONSTRUCCION DE EDIFICIOS INDUSTRIALES Y PARA FINES ANALOGOS,4113015,5,5,8,0.08,SÍ — integrante
Actividad económica / giro mercantil,F12,INHERENTE,CONSTRUCCION DE VIAS DE COMUNICACION,4121018,5,5,8,0.08,SÍ — integrante
Actividad económica / giro mercantil,F12,INHERENTE,PAVIMENTACION,4121026,5,5,8,0.08,SÍ — integrante
Actividad económica / giro mercantil,F12,INHERENTE,URBANIZACION,4121034,5,5,8,0.08,SÍ — integrante
Actividad económica / giro mercantil,F12,INHERENTE,CONSTRUCCION DE PUERTOS,4122016,5,5,8,0.08,SÍ — integrante
Actividad económica / giro mercantil,F12,INHERENTE,CONSTRUCCION E INSTALACION DE LINEAS TELEFONICAS TORRES EMISORAS DE RADIO Y TELEVISION Y OTRAS OBRAS CONEXAS,4123014,5,5,8,0.08,SÍ — integrante
Actividad económica / giro mercantil,F12,INHERENTE,CONSTRUCCION DE PISTAS DE ATERRIZAJE DUCTOS Y OTRAS OBRAS VINCULADAS A LAS VIAS DE COMUNICACION,4129012,5,5,8,0.08,SÍ — integrante
Actividad económica / giro mercantil,F12,INHERENTE,CONSTRUCCION DE PRESAS,4191011,5,5,8,0.08,SÍ — integrante
Actividad económica / giro mercantil,F12,INHERENTE,PERFORACION DE NORIAS Y POZOS PARA AGUA,4192019,1,1,8,0.08,SÍ — integrante
Actividad económica / giro mercantil,F12,INHERENTE,CONSTRUCCION E INSTALACION DE PLANTAS GENERADORAS Y LINEAS DE TRANSMISION Y DISTRIBUCION DE ENERGIA ELECTRICA,4193017,4,4,8,0.08,SÍ — integrante
Actividad económica / giro mercantil,F12,INHERENTE,PERFORACION DE POZOS PETROLEROS Y DE GAS,4194015,5,5,8,0.08,SÍ — integrante
Actividad económica / giro mercantil,F12,INHERENTE,CONSTRUCCION DE ESTADIOS MONUMENTOS Y OTRAS OBRAS DE INGENIERIA,4199015,5,5,8,0.08,SÍ — integrante
Actividad económica / giro mercantil,F12,INHERENTE,USUARIOS MENORES CONSTRUCCION DIFERENTE A VIVIENDA,4199908,5,5,8,0.08,SÍ — integrante
Actividad económica / giro mercantil,F12,INHERENTE,CARTERA DE CONSTRUCCION DE ESTADOS ANALITICOS,4199916,2,2,8,0.08,SÍ — integrante
Actividad económica / giro mercantil,F12,INHERENTE,"SERVICIOS ESPECIALES PRESTADOS POR SUBCONTRATISTAS (DEMOLICIONES, CARPINTERIA, IMPERMIABILIZACIÓN, INST ESLECTRICAS, PINTURA, PLOMERIA)",4200002,1,1,8,0.08,SÍ — integrante
Actividad económica / giro mercantil,F12,INHERENTE,PREMEZCLADO Y COLADO DE CONCRETO,4211017,1,1,8,0.08,SÍ — integrante
Actividad económica / giro mercantil,F12,INHERENTE,DEMOLICION DE INMUEBLES,4212015,2,2,8,0.08,SÍ — integrante
Actividad económica / giro mercantil,F12,INHERENTE,IMPERMEABILIZACION DE INMUEBLES,4219011,1,1,8,0.08,SÍ — integrante
Actividad económica / giro mercantil,F12,INHERENTE,TALLER DE PLOMERIA,4221016,1,1,8,0.08,SÍ — integrante
Actividad económica / giro mercantil,F12,INHERENTE,INSTALACIONES DEL SISTEMA ELECTRICO INCLUYE SISTEMAS DE INTERCOMUNICACION,4222014,1,1,8,0.08,SÍ — integrante
Actividad económica / giro mercantil,F12,INHERENTE,INSTALACIONES DE SISTEMAS DE AIRE ACONDICIONADO Y CALEFACCION Y OTRAS INSTALACIONES ANALOGAS,4229010,1,1,8,0.08,SÍ — integrante
Actividad económica / giro mercantil,F12,INHERENTE,SERVICIOS DE PINTADO Y TAPIZADO DE INMUEBLES,4291019,1,1,8,0.08,SÍ — integrante
Actividad económica / giro mercantil,F12,INHERENTE,LABRADO Y COLOCACION DE PIEDRA,4292017,1,1,8,0.08,SÍ — integrante
Actividad económica / giro mercantil,F12,INHERENTE,COLOCACION DE DUELAS PARQUET LAMBRINES Y OTROS TRABAJOS DE CARPINTERIA,4293015,1,1,8,0.08,SÍ — integrante
Actividad económica / giro mercantil,F12,INHERENTE,OTROS SERVICIOS DE ACABADO PRESTADOS POR SUBCONTRATISTAS,4299013,1,1,8,0.08,SÍ — integrante
Actividad económica / giro mercantil,F12,INHERENTE,"GENERACIÓN, TRANSMISIÓN Y DISTRIBUCIÓN DE ENERGÍA ELÉCTRICA",5000005,4,4,8,0.08,SÍ — integrante
Actividad económica / giro mercantil,F12,INHERENTE,GENERACION Y SUMINISTRO DE ENERGIA ELECTRICA,5011010,4,4,8,0.08,SÍ — integrante
Actividad económica / giro mercantil,F12,INHERENTE,USUARIOS MENORES ENERGIA ELECTRICA,5011903,1,1,8,0.08,SÍ — integrante
Actividad económica / giro mercantil,F12,INHERENTE,CARTERA DE ENERGIA ELECTRICA DE ESTADOS ANALITICOS,5011911,2,2,8,0.08,SÍ — integrante
Actividad económica / giro mercantil,F12,INHERENTE,DISTRIBUCION DE ENERGIA ELECTRICA,5012018,2,2,8,0.08,SÍ — integrante
Actividad económica / giro mercantil,F12,INHERENTE,PIDIREGAS ENERGIA ELECTRICA,5021019,1,1,8,0.08,SÍ — integrante
Actividad económica / giro mercantil,F12,INHERENTE,"CAPTACIÓN, TRATAMIENTO, CONDUCCIÓN Y DISTRIBUCIÓN DE AGUA POTABLE EXCEPTO DE RIEGO",5100003,1,1,8,0.08,SÍ — integrante
Actividad económica / giro mercantil,F12,INHERENTE,"CAPTACION, TRATAMIENTO, CONDUCCION Y DISTRIBUCION DE AGUA POTABLE EXCEPTO DE RIEGO",5111018,1,1,8,0.08,SÍ — integrante
Actividad económica / giro mercantil,F12,INHERENTE,"COMPRAVENTA DE ALIMENTOS, BEBIDAS Y PRODUCTOS DE TABACO",6100002,2,2,8,0.08,SÍ — integrante
Actividad económica / giro mercantil,F12,INHERENTE,COMPRAVENTA DE SEMILLAS Y GRANOS,6111017,2,2,8,0.08,SÍ — integrante
Actividad económica / giro mercantil,F12,INHERENTE,COMPRAVENTA DE FRUTAS,6112015,2,2,8,0.08,SÍ — integrante
Actividad económica / giro mercantil,F12,INHERENTE,COMPRAVENTA DE LEGUMBRES Y HORTALIZAS,6112023,2,2,8,0.08,SÍ — integrante
Actividad económica / giro mercantil,F12,INHERENTE,COMPRAVENTA DE CHILE SECO Y ESPECIAS,6113013,2,2,8,0.08,SÍ — integrante
Actividad económica / giro mercantil,F12,INHERENTE,COMPRAVENTA DE FORRAJES EN ESTADO NATURAL,6114011,2,2,8,0.08,SÍ — integrante
Actividad económica / giro mercantil,F12,INHERENTE,COMPRAVENTA DE OTROS PRODUCTOS ALIMENTICIOS AGRICOLAS EN ESTADO NATURAL,6119011,2,2,8,0.08,SÍ — integrante
Actividad económica / giro mercantil,F12,INHERENTE,COMPRAVENTA DE AVES EN PIE,6121016,2,2,8,0.08,SÍ — integrante
Actividad económica / giro mercantil,F12,INHERENTE,COMPRAVENTA DE GANADO MAYOR EN PIE,6121024,2,2,8,0.08,SÍ — integrante
Actividad económica / giro mercantil,F12,INHERENTE,COMPRAVENTA DE GANADO MENOR EN PIE,6121032,2,2,8,0.08,SÍ — integrante
Actividad económica / giro mercantil,F12,INHERENTE,COMPRAVENTA DE CARNE DE RES Y OTRAS ESPECIES DE GANADO,6122014,2,2,8,0.08,SÍ — integrante
Actividad económica / giro mercantil,F12,INHERENTE,COMPRAVENTA DE VISCERAS DE GANADO CRUDAS Y SEMICRUDAS,6123012,2,2,8,0.08,SÍ — integrante
Actividad económica / giro mercantil,F12,INHERENTE,COMPRAVENTA DE CARNE DE AVES,6124010,2,2,8,0.08,SÍ — integrante
Actividad económica / giro mercantil,F12,INHERENTE,COMPRAVENTA DE HUEVO,6125018,2,2,8,0.08,SÍ — integrante
Actividad económica / giro mercantil,F12,INHERENTE,COMPRAVENTA DE MANTECA,6126016,2,2,8,0.08,SÍ — integrante
Actividad económica / giro mercantil,F12,INHERENTE,COMPRAVENTA DE MATERIAS PRIMAS ANIMALES,6126024,2,2,8,0.08,SÍ — integrante
Actividad económica / giro mercantil,F12,INHERENTE,COMPRAVENTA DE PESCADOS Y MARISCOS,6126032,2,2,8,0.08,SÍ — integrante
Actividad económica / giro mercantil,F12,INHERENTE,SALCHICHONERIA,6131015,1,1,8,0.08,SÍ — integrante
Actividad económica / giro mercantil,F12,INHERENTE,TIENDA DE ABARROTES Y MISCELANEA,6131023,1,1,8,0.08,SÍ — integrante
Actividad económica / giro mercantil,F12,INHERENTE,COMPRAVENTA DE DULCES,6132013,2,2,8,0.08,SÍ — integrante
Actividad económica / giro mercantil,F12,INHERENTE,COMPRAVENTA DE ESPECIAS Y ARTICULOS ALIMENTICIOS DESHIDRATADOS,6132021,2,2,8,0.08,SÍ — integrante
Actividad económica / giro mercantil,F12,INHERENTE,COMPRAVENTA DE LECHE,6132039,2,2,8,0.08,SÍ — integrante
Actividad económica / giro mercantil,F12,INHERENTE,COMPRAVENTA DE OTROS PRODUCTOS LACTEOS,6132047,2,2,8,0.08,SÍ — integrante
Actividad económica / giro mercantil,F12,INHERENTE,COMPRAVENTA DE PAN Y PASTELES,6132055,2,2,8,0.08,SÍ — integrante
Actividad económica / giro mercantil,F12,INHERENTE,COMPRAVENTA DE SAL,6132063,2,2,8,0.08,SÍ — integrante
Actividad económica / giro mercantil,F12,INHERENTE,VENTA Y DISTRIBUCION DE DESPENSAS FAMILIARES,6132071,1,1,8,0.08,SÍ — integrante
Actividad económica / giro mercantil,F12,INHERENTE,COMPRAVENTA DE AZUCAR,6132089,2,2,8,0.08,SÍ — integrante
Actividad económica / giro mercantil,F12,INHERENTE,COMPRAVENTA DE ALIMENTO PARA GANADO,6133011,2,2,8,0.08,SÍ — integrante
Actividad económica / giro mercantil,F12,INHERENTE,COMPRAVENTA DE ALIMENTOS PARA AVES Y OTROS ANIMALES,6133029,2,2,8,0.08,SÍ — integrante
Actividad económica / giro mercantil,F12,INHERENTE,COMPRAVENTA DE REFRESCOS AGUAS GASEOSAS Y AGUAS PURIFICADAS,6134019,2,2,8,0.08,SÍ — integrante
Actividad económica / giro mercantil,F12,INHERENTE,COMPRAVENTA DE CERVEZA,6135017,2,2,8,0.08,SÍ — integrante
Actividad económica / giro mercantil,F12,INHERENTE,COMPRAVENTA DE PULQUE,6136015,2,2,8,0.08,SÍ — integrante
Actividad económica / giro mercantil,F12,INHERENTE,COMPRAVENTA DE VINOS Y LICORES,6136023,2,2,8,0.08,SÍ — integrante
Actividad económica / giro mercantil,F12,INHERENTE,COMPRAVENTA DE TABACO,6139019,2,2,8,0.08,SÍ — integrante
Actividad económica / giro mercantil,F12,INHERENTE,COMPRAVENTA DE TABACOS PUROS Y CIGARROS,6139027,2,2,8,0.08,SÍ — integrante
Actividad económica / giro mercantil,F12,INHERENTE,COMPRAVENTA DE PRENDAS DE VESTIR Y OTROS ARTÍCULOS DE USO PERSONAL,6200000,2,2,8,0.08,SÍ — integrante
Actividad económica / giro mercantil,F12,INHERENTE,COMPRAVENTA DE ARTICULOS DE LENCERIA,6211015,2,2,8,0.08,SÍ — integrante
Actividad económica / giro mercantil,F12,INHERENTE,COMPRAVENTA DE ROPA,6211023,2,2,8,0.08,SÍ — integrante
Actividad económica / giro mercantil,F12,INHERENTE,COMPRAVENTA DE CALZADO,6212013,2,2,8,0.08,SÍ — integrante
Actividad económica / giro mercantil,F12,INHERENTE,COMPRAVENTA DE SOMBREROS,6213011,2,2,8,0.08,SÍ — integrante
Actividad económica / giro mercantil,F12,INHERENTE,COMPRAVENTA DE PIELES FINAS CON PELO,6214019,2,2,8,0.08,SÍ — integrante
Actividad económica / giro mercantil,F12,INHERENTE,COMPRAVENTA DE ARTICULOS DE MERCERIA Y CEDERIA,6215017,2,2,8,0.08,SÍ — integrante
Actividad económica / giro mercantil,F12,INHERENTE,COMPRAVENTA DE ARTICULOS DE BONETERIA,6215025,2,2,8,0.08,SÍ — integrante
Actividad económica / giro mercantil,F12,INHERENTE,COMPRAVENTA DE CASIMIRES,6216015,2,2,8,0.08,SÍ — integrante
Actividad económica / giro mercantil,F12,INHERENTE,COMPRAVENTA DE OTROS PRODUCTOS TEXTILES,6216023,2,2,8,0.08,SÍ — integrante
Actividad económica / giro mercantil,F12,INHERENTE,COMPRAVENTA DE TELAS,6216031,2,2,8,0.08,SÍ — integrante
Actividad económica / giro mercantil,F12,INHERENTE,COMPRAVENTA DE ARTICULOS PARA DEPORTE,6221014,3,3,8,0.08,SÍ — integrante
Actividad económica / giro mercantil,F12,INHERENTE,COMPRAVENTA DE ARTICULOS DE OPTICA,6222012,2,2,8,0.08,SÍ — integrante
Actividad económica / giro mercantil,F12,INHERENTE,COMPRAVENTA DE JUGUETES,6223010,2,2,8,0.08,SÍ — integrante
Actividad económica / giro mercantil,F12,INHERENTE,COMPRAVENTA DE INSTRUMENTOS Y ARTICULOS MUSICALES,6224018,2,2,8,0.08,SÍ — integrante
Actividad económica / giro mercantil,F12,INHERENTE,COMPRAVENTA DE ARTICULOS DE PLATA,6225016,5,5,8,0.08,SÍ — integrante
Actividad económica / giro mercantil,F12,INHERENTE,COMPRAVENTA DE OTRAS JOYAS,6225024,5,5,8,0.08,SÍ — integrante
Actividad económica / giro mercantil,F12,INHERENTE,COMPRAVENTA DE RELOJES,6225032,5,5,8,0.08,SÍ — integrante
Actividad económica / giro mercantil,F12,INHERENTE,COMPRAVENTA DE ARTICULOS DE TALABARTERIA,6226014,2,2,8,0.08,SÍ — integrante
Actividad económica / giro mercantil,F12,INHERENTE,COMPRAVENTA DE OTROS ARTICULOS DE PIEL,6226022,2,2,8,0.08,SÍ — integrante
Actividad económica / giro mercantil,F12,INHERENTE,COMPRAVENTA DE SILLAS DE MONTAR,6226030,2,2,8,0.08,SÍ — integrante
Actividad económica / giro mercantil,F12,INHERENTE,COMPRAVENTA DE LIBROS,6227012,2,2,8,0.08,SÍ — integrante
Actividad económica / giro mercantil,F12,INHERENTE,DISTRIBUCION Y COMPRAVENTA DE PERIODICOS Y REVISTAS,6228010,1,1,8,0.08,SÍ — integrante
Actividad económica / giro mercantil,F12,INHERENTE,COMPRAVENTA DE ARTICULOS FOTOGRAFICOS Y CINEMATOGRAFICOS,6229018,2,2,8,0.08,SÍ — integrante
Actividad económica / giro mercantil,F12,INHERENTE,COMPRAVENTA DE MEDICINAS,6231013,2,2,8,0.08,SÍ — integrante
Actividad económica / giro mercantil,F12,INHERENTE,COMPRAVENTA DE PERFUMES,6231021,2,2,8,0.08,SÍ — integrante
Actividad económica / giro mercantil,F12,INHERENTE,DISTRIBUCION DE OTROS PRODUCTOS QUIMICOS FARMACEUTICOS,6232011,5,5,8,0.08,SÍ — integrante
Actividad económica / giro mercantil,F12,INHERENTE,COMPRAVENTA DE PAPELERIA Y ARTICULOS DE ESCRITORIO,6233019,2,2,8,0.08,SÍ — integrante
Actividad económica / giro mercantil,F12,INHERENTE,COMPRAVENTA DE PARAGUAS SOMBRILLAS ROPA USADA Y OTROS ARTICULOS DE USO PERSONAL,6239017,2,2,8,0.08,SÍ — integrante
Actividad económica / giro mercantil,F12,INHERENTE,"COMPRAVENTA DE ARTÍCULOS PARA EL HOGAR (ELECTRODOMESTICOS, REFACCIONES, LOZA Y PORCELANA, ANTIGUEDADES)",6300008,2,2,8,0.08,SÍ — integrante
Actividad económica / giro mercantil,F12,INHERENTE,COMPRAVENTA DE REFRIGERADORES LAVADORAS Y ESTUFAS,6311013,2,2,8,0.08,SÍ — integrante
Actividad económica / giro mercantil,F12,INHERENTE,COMPRAVENTA DE TELEVISORES CONSOLAS RADIOS MODULARES Y TOCACINTAS,6311021,2,2,8,0.08,SÍ — integrante
Actividad económica / giro mercantil,F12,INHERENTE,COMPRAVENTA DE OTROS APARATOS ELECTRICOS Y ELECTRONICOS DE USO DOMESTICO,6311039,2,2,8,0.08,SÍ — integrante
Actividad económica / giro mercantil,F12,INHERENTE,COMPRAVENTA DE MUEBLES,6312011,2,2,8,0.08,SÍ — integrante
Actividad económica / giro mercantil,F12,INHERENTE,COMPRAVENTA DE MAQUINAS DE COSER Y TEJEDORAS,6313019,2,2,8,0.08,SÍ — integrante
Actividad económica / giro mercantil,F12,INHERENTE,"COMPRAVENTA DE REFACCIONES Y ACCESORIOS DE MAQUINAS APARATOS E INSTRUMENTOS PARA EL HOGAR EXCEPTO, LOS DE MAQUINAS DE COSER Y TEJER",6314017,2,2,8,0.08,SÍ — integrante
Actividad económica / giro mercantil,F12,INHERENTE,COMPRAVENTA DE ARTICULOS DE CRISTAL LOZA Y PORCELANA,6321012,2,2,8,0.08,SÍ — integrante
Actividad económica / giro mercantil,F12,INHERENTE,COMPRAVENTA DE ARTICULOS PARA DECORACION,6322010,2,2,8,0.08,SÍ — integrante
Actividad económica / giro mercantil,F12,INHERENTE,COMPRAVENTA DE TAPETES Y ALFOMBRAS,6322028,2,2,8,0.08,SÍ — integrante
Actividad económica / giro mercantil,F12,INHERENTE,COMPRAVENTA DE DISCOS Y CASSETTES,6323018,2,2,8,0.08,SÍ — integrante
Actividad económica / giro mercantil,F12,INHERENTE,COMPRAVENTA DE ARTICULOS RELIGIOSOS,6324016,2,2,8,0.08,SÍ — integrante
Actividad económica / giro mercantil,F12,INHERENTE,COMPRAVENTA DE ANTIGÜEDADES,6325014,5,5,8,0.08,SÍ — integrante
Actividad económica / giro mercantil,F12,INHERENTE,COMPRAVENTA DE ARTICULOS DE YUTE Y HENEQUEN,6325022,2,2,8,0.08,SÍ — integrante
Actividad económica / giro mercantil,F12,INHERENTE,COMPRAVENTA DE ARTICULOS PARA REGALO,6325030,2,2,8,0.08,SÍ — integrante
Actividad económica / giro mercantil,F12,INHERENTE,COMPRAVENTA DE ARTICULOS REGIONALES CURIOSIDADES Y ARTESANIAS,6325048,2,2,8,0.08,SÍ — integrante
Actividad económica / giro mercantil,F12,INHERENTE,COMPRAVENTA DE FLORES Y ADORNOS FLORALES ARTIFICIALES,6326012,2,2,8,0.08,SÍ — integrante
Actividad económica / giro mercantil,F12,INHERENTE,COMPRAVENTA DE FLORES Y ADORNOS FLORALES NATURALES,6326020,2,2,8,0.08,SÍ — integrante
Actividad económica / giro mercantil,F12,INHERENTE,COMPRAVENTA DE OTROS ARTICULOS PARA EL HOGAR,6329016,2,2,8,0.08,SÍ — integrante
Actividad económica / giro mercantil,F12,INHERENTE,COMPRAVENTA EN TIENDAS DE AUTOSERVICIO Y DE DEPARTAMENTOS ESPECIALIZADOS POR LÍNEA DE MERCANCÍAS,6400006,2,2,8,0.08,SÍ — integrante
Actividad económica / giro mercantil,F12,INHERENTE,TIENDA DE AUTOSERVICIO,6411011,1,1,8,0.08,SÍ — integrante
Actividad económica / giro mercantil,F12,INHERENTE,TIENDAS DE DEPARTAMENTOS ESPECIALIZADOS EXCEPTO DE COMESTIBLES,6412019,1,1,8,0.08,SÍ — integrante
Actividad económica / giro mercantil,F12,INHERENTE,COMPRAVENTA DE OTROS APARATOS ELECTRICOS,6419015,2,2,8,0.08,SÍ — integrante
Actividad económica / giro mercantil,F12,INHERENTE,COMPRAVENTA DE REFACCIONES PARA APARATOS ELECTRICOS,6419023,2,2,8,0.08,SÍ — integrante
Actividad económica / giro mercantil,F12,INHERENTE,"COMPRAVENTA DE GASES, COMBUSTIBLES Y LUBRICANTES",6500004,4,4,8,0.08,SÍ — integrante
Actividad económica / giro mercantil,F12,INHERENTE,COMPRAVENTA DE FLUIDOS Y GASES,6511019,2,2,8,0.08,SÍ — integrante
Actividad económica / giro mercantil,F12,INHERENTE,COMPRAVENTA DE GAS PARA USO DOMESTICO O COMERCIAL,6512017,2,2,8,0.08,SÍ — integrante
Actividad económica / giro mercantil,F12,INHERENTE,COMPRAVENTA DE GASOLINA Y DIESEL,6513015,5,5,8,0.08,SÍ — integrante
Actividad económica / giro mercantil,F12,INHERENTE,COMPRAVENTA DE PETROLEO COMBUSTIBLE,6514013,5,5,8,0.08,SÍ — integrante
Actividad económica / giro mercantil,F12,INHERENTE,COMPRAVENTA DE LUBRICANTES,6515011,2,2,8,0.08,SÍ — integrante
Actividad económica / giro mercantil,F12,INHERENTE,COMPRAVENTA DE CARBON Y OTROS COMBUSTIBLES,6519013,2,2,8,0.08,SÍ — integrante
Actividad económica / giro mercantil,F12,INHERENTE,"COMPRAVENTA DE MATERIAS PRIMAS, MATERIALES Y AUXILIARES (ALGODÓN, CEMENTO, SANITARIOS, PIELES, FERRETERIA, MADERA, PINTURAS)",6600002,2,2,8,0.08,SÍ — integrante
Actividad económica / giro mercantil,F12,INHERENTE,COMPRAVENTA DE ALGODON,6611017,2,2,8,0.08,SÍ — integrante
Actividad económica / giro mercantil,F12,INHERENTE,COMPRAVENTA DE SEMILLAS PARA SIEMBRA,6612015,2,2,8,0.08,SÍ — integrante
Actividad económica / giro mercantil,F12,INHERENTE,COMPRAVENTA DE CUEROS Y PIELES SIN CURTIR,6613013,2,2,8,0.08,SÍ — integrante
Actividad económica / giro mercantil,F12,INHERENTE,COMPRAVENTA DE HENEQUEN E IXTLE,6619011,2,2,8,0.08,SÍ — integrante
Actividad económica / giro mercantil,F12,INHERENTE,COMPRAVENTA DE LANA,6619029,2,2,8,0.08,SÍ — integrante
Actividad económica / giro mercantil,F12,INHERENTE,COMPRAVENTA DE OTRAS MATERIAS PRIMAS VEGETALES,6619037,2,2,8,0.08,SÍ — integrante
Actividad económica / giro mercantil,F12,INHERENTE,COMPRAVENTA DE OTRAS FIBRAS COMERCIALES,6619045,2,2,8,0.08,SÍ — integrante
Actividad económica / giro mercantil,F12,INHERENTE,COMPRAVENTA DE OTRAS MATERIAS PRIMAS DE ORIGEN ANIMAL,6619053,2,2,8,0.08,SÍ — integrante
Actividad económica / giro mercantil,F12,INHERENTE,COMPRAVENTA DE CEMENTO CAL YESO Y OTROS PRODUCTOS A BASE DE MINERALES NO METALICOS,6621016,2,2,8,0.08,SÍ — integrante
Actividad económica / giro mercantil,F12,INHERENTE,COMPRAVENTA DE FIERRO LAMINADO Y EN LINGOTES,6622014,2,2,8,0.08,SÍ — integrante
Actividad económica / giro mercantil,F12,INHERENTE,COMPRAVENTA DE ARTICULOS DE FERRETERIA,6622022,2,2,8,0.08,SÍ — integrante
Actividad económica / giro mercantil,F12,INHERENTE,COMPRAVENTA DE COLORANTES PARA LA INDUSTRIA,6623012,2,2,8,0.08,SÍ — integrante
Actividad económica / giro mercantil,F12,INHERENTE,COMPRAVENTA DE PINTURAS BARNICES Y BROCHAS,6623020,2,2,8,0.08,SÍ — integrante
Actividad económica / giro mercantil,F12,INHERENTE,COMPRAVENTA DE MADERA,6624010,2,2,8,0.08,SÍ — integrante
Actividad económica / giro mercantil,F12,INHERENTE,COMPRAVENTA DE VIDRIOS CRISTALES Y EMPLOMADOS,6625018,2,2,8,0.08,SÍ — integrante
Actividad económica / giro mercantil,F12,INHERENTE,COMPRAVENTA DE ANILINAS,6626016,2,2,8,0.08,SÍ — integrante
Actividad económica / giro mercantil,F12,INHERENTE,COMPRAVENTA DE ARTICULOS DE TLAPALERIA,6626024,2,2,8,0.08,SÍ — integrante
Actividad económica / giro mercantil,F12,INHERENTE,COMPRAVENTA DE COSTALES Y BOLSAS,6626032,2,2,8,0.08,SÍ — integrante
Actividad económica / giro mercantil,F12,INHERENTE,COMPRA DE ARTICULOS SANITARIOS,6627014,2,2,8,0.08,SÍ — integrante
Actividad económica / giro mercantil,F12,INHERENTE,COMPRAVENTA DE MATERIAL PARA INSTALACIONES ELECTRICAS Y DE SONIDO,6628012,2,2,8,0.08,SÍ — integrante
Actividad económica / giro mercantil,F12,INHERENTE,COMPRAVENTA DE MATERIALES PARA CONSTRUCCION,6629010,2,2,8,0.08,SÍ — integrante
Actividad económica / giro mercantil,F12,INHERENTE,COMPRAVENTA DE TAPICES,6629028,2,2,8,0.08,SÍ — integrante
Actividad económica / giro mercantil,F12,INHERENTE,COMPRAVENTA DE FERTILIZANTES Y PLAGUICIDAS,6691019,2,2,8,0.08,SÍ — integrante
Actividad económica / giro mercantil,F12,INHERENTE,COMPRAVENTA DE ARTICULOS DE PELETERIA,6692017,2,2,8,0.08,SÍ — integrante
Actividad económica / giro mercantil,F12,INHERENTE,COMPRAVENTA DE DESPERDICIOS DE PAPEL,6693015,2,2,8,0.08,SÍ — integrante
Actividad económica / giro mercantil,F12,INHERENTE,COMPRAVENTA DE FIERRO USADO,6694013,2,2,8,0.08,SÍ — integrante
Actividad económica / giro mercantil,F12,INHERENTE,COMPRAVENTA DE SUBSTANCIAS QUIMICAS PARA LA INDUSTRIA,6695011,5,5,8,0.08,SÍ — integrante
Actividad económica / giro mercantil,F12,INHERENTE,COMPRAVENTA DE CERAS Y PARAFINAS,6699013,2,2,8,0.08,SÍ — integrante
Actividad económica / giro mercantil,F12,INHERENTE,COMPRAVENTA DE DESPERDICIOS INDUSTRIALES,6699021,2,2,8,0.08,SÍ — integrante
Actividad económica / giro mercantil,F12,INHERENTE,COMPRAVENTA DE MATERIAS PRIMAS DE ORIGEN MINERAL,6699039,2,2,8,0.08,SÍ — integrante
Actividad económica / giro mercantil,F12,INHERENTE,COMPRAVENTA DE OTROS METALES Y MINERALES LAMINADOS Y EN LINGOTES,6699047,2,2,8,0.08,SÍ — integrante
Actividad económica / giro mercantil,F12,INHERENTE,"COMPRAVENTA DE MAQUINARIA, EQUIPO, INSTRUMENTOS, APARATOS Y HERRAMIENTAS, SUS REFACCIONES Y ACCESORIOS",6700000,2,2,8,0.08,SÍ — integrante
Actividad económica / giro mercantil,F12,INHERENTE,COMPRAVENTA DE MAQUINARIA EQUIPO E IMPLEMENTOS PARA LA AGRICULTURA Y LA GANADERIA,6711015,2,2,8,0.08,SÍ — integrante
Actividad económica / giro mercantil,F12,INHERENTE,COMPRAVENTA DE ARTICULOS PARA LA EXPLOTACION DE MINAS,6712013,2,2,8,0.08,SÍ — integrante
Actividad económica / giro mercantil,F12,INHERENTE,COMPRAVENTA DE MAQUINARIA EQUIPO IMPLEMENTOS Y HERRAMIENTAS PARA TRABAJAR LA MADERA METALES Y OTROS MATERIALES,6713011,2,2,8,0.08,SÍ — integrante
Actividad económica / giro mercantil,F12,INHERENTE,COMPRAVENTA DE MAQUINARIA NUEVA,6714019,2,2,8,0.08,SÍ — integrante
Actividad económica / giro mercantil,F12,INHERENTE,COMPRAVENTA DE MAQUINARIA USADA,6714027,2,2,8,0.08,SÍ — integrante
Actividad económica / giro mercantil,F12,INHERENTE,COMPRAVENTA DE EQUIPO DE TRABAJO Y PROTECCION INDUSTRIAL,6714035,2,2,8,0.08,SÍ — integrante
Actividad económica / giro mercantil,F12,INHERENTE,COMPRAVENTA DE REFACCIONES PARA MAQUINARIA,6719019,2,2,8,0.08,SÍ — integrante
Actividad económica / giro mercantil,F12,INHERENTE,COMPRAVENTA DE MAQUINAS DE ESCRIBIR,6721014,2,2,8,0.08,SÍ — integrante
Actividad económica / giro mercantil,F12,INHERENTE,COMPRAVENTA DE MUEBLES Y ARTICULOS PARA OFICINA,6721022,2,2,8,0.08,SÍ — integrante
Actividad económica / giro mercantil,F12,INHERENTE,COMPRAVENTA DE EQUIPO DE PROCESAMIENTO ELECTRONICO DE DATOS,6721036,2,2,8,0.08,SÍ — integrante
Actividad económica / giro mercantil,F12,INHERENTE,COMPRAVENTA DE EQUIPO Y MOBILIARIO PARA HOTELES RESTAURANTES BILLARES BOLICHES PELUQUERIAS Y SALONES DE BELLEZA,6722012,2,2,8,0.08,SÍ — integrante
Actividad económica / giro mercantil,F12,INHERENTE,COMPRAVENTA DE EQUIPOS DE REFRIGERACION COMERCIAL,6729018,2,2,8,0.08,SÍ — integrante
Actividad económica / giro mercantil,F12,INHERENTE,COMPRAVENTA DE ACCESORIOS PARA MUEBLES,6729026,2,2,8,0.08,SÍ — integrante
Actividad económica / giro mercantil,F12,INHERENTE,COMPRAVENTA DE EQUIPO CONTRA INCENDIO,6729034,2,2,8,0.08,SÍ — integrante
Actividad económica / giro mercantil,F12,INHERENTE,COMPRAVENTA DE BASCULAS BALANZAS Y APARATOS SIMILARES PARA EQUIPO PESADO,6731013,2,2,8,0.08,SÍ — integrante
Actividad económica / giro mercantil,F12,INHERENTE,COMPRAVENTA DE ARTICULOS MEDICOS,6732011,2,2,8,0.08,SÍ — integrante
Actividad económica / giro mercantil,F12,INHERENTE,COMPRAVENTA DE ARTICULOS Y APARATOS ORTOPEDICOS,6732029,2,2,8,0.08,SÍ — integrante
Actividad económica / giro mercantil,F12,INHERENTE,COMPRAVENTA DE MUEBLES PARA CONSULTORIOS Y SANATORIOS,6732037,2,2,8,0.08,SÍ — integrante
Actividad económica / giro mercantil,F12,INHERENTE,COMPRAVENTA DE EQUIPOS QUIMICOS Y PARA LABORATORIO,6732045,5,5,8,0.08,SÍ — integrante
Actividad económica / giro mercantil,F12,INHERENTE,COMPRAVENTA DE APARATOS CIENTIFICOS Y DE PRECISION,6739017,2,2,8,0.08,SÍ — integrante
Actividad económica / giro mercantil,F12,INHERENTE,"VENTA DE VEHÍCULOS, EMBARCACIONES Ó AERONAVES  NUEVOS",6800001,4,4,8,0.08,SÍ — integrante
Actividad económica / giro mercantil,F12,INHERENTE,"VENTA DE VEHÍCULOS, EMBARCACIONES Ó AERONAVES  USADOS",6800002,4,4,8,0.08,SÍ — integrante
Actividad económica / giro mercantil,F12,INHERENTE,SERVICIOS DE BLINDAJE,6800003,3,3,8,0.08,SÍ — integrante
Actividad económica / giro mercantil,F12,INHERENTE,"COMPRAVENTA DE EQUIPO DE TRANSPORTE, SUS REFACCIONES Y ACCESORIOS",6800008,2,2,8,0.08,SÍ — integrante
Actividad económica / giro mercantil,F12,INHERENTE,"COMPRAVENTA DE OTROS EQUIPOS DE TRANSPORTE, SUS REFACCIONES Y ACCESORIOS",6800010,2,2,8,0.08,SÍ — integrante
Actividad económica / giro mercantil,F12,INHERENTE,COMPRAVENTA DE AUTOMOVILES Y CAMIONES NUEVOS,6811013,5,5,8,0.08,SÍ — integrante
Actividad económica / giro mercantil,F12,INHERENTE,COMPRAVENTA DE AUTOMOVILES Y CAMIONES USADOS,6812011,5,5,8,0.08,SÍ — integrante
Actividad económica / giro mercantil,F12,INHERENTE,COMPRAVENTA DE BICICLETAS Y SUS ACCESORIOS,6813019,2,2,8,0.08,SÍ — integrante
Actividad económica / giro mercantil,F12,INHERENTE,COMPRAVENTA DE MOTOCICLETAS Y SUS ACCESORIOS,6813027,2,2,8,0.08,SÍ — integrante
Actividad económica / giro mercantil,F12,INHERENTE,COMPRAVENTA DE LLANTAS,6814017,2,2,8,0.08,SÍ — integrante
Actividad económica / giro mercantil,F12,INHERENTE,COMPRAVENTA DE REFACCIONES Y ACCESORIOS NUEVOS PARA AUTOS Y CAMIONES,6815015,2,2,8,0.08,SÍ — integrante
Actividad económica / giro mercantil,F12,INHERENTE,COMPRAVENTA DE REFACCIONES Y ACCESORIOS USADOS PARA AUTOMOVILES Y CAMIONES,6816013,2,2,8,0.08,SÍ — integrante
Actividad económica / giro mercantil,F12,INHERENTE,COMPRAVENTA DE PARTES Y REFACCIONES PARA VEHICULOS AEREOS,6819017,4,4,8,0.08,SÍ — integrante
Actividad económica / giro mercantil,F12,INHERENTE,COMPRAVENTA DE VEHICULOS ACUATICOS Y SUS REFACCIONES,6819025,3,3,8,0.08,SÍ — integrante
Actividad económica / giro mercantil,F12,INHERENTE,COMPRAVENTA DE VEHICULOS AEREOS,6819033,4,4,8,0.08,SÍ — integrante
Actividad económica / giro mercantil,F12,INHERENTE,COMPRAVENTA DE ARMAS DE FUEGO Y SUS ACCESORIOS,6900001,4,4,8,0.08,SÍ — integrante
Actividad económica / giro mercantil,F12,INHERENTE,COMPRAVENTA DE DIAMANTES,6900002,5,5,8,0.08,SÍ — integrante
Actividad económica / giro mercantil,F12,INHERENTE,TARJETA DE CRÉDITO Y COMERCIALIZACIÓN DE TARJETAS DE SERVICIOS,6900003,3,3,8,0.08,SÍ — integrante
Actividad económica / giro mercantil,F12,INHERENTE,COMPRAVENTA DE BIENES INMUEBLES Y ARTÍCULOS DIVERSOS,6900006,4,4,8,0.08,SÍ — integrante
Actividad económica / giro mercantil,F12,INHERENTE,PRESTAMOS PARA LA ADQUISICION DE VIVIENDA PARA ACREDITADOS DE INGRESOS MINIMOS,6911011,5,5,8,0.08,SÍ — integrante
Actividad económica / giro mercantil,F12,INHERENTE,COMPRA DE CASA HABITACION,6911029,2,2,8,0.08,SÍ — integrante
Actividad económica / giro mercantil,F12,INHERENTE,PRESTAMOS PARA LA ADQUISICION DE VIVIENDA TANTO DE INTERES SOCIAL COMO PROVENIENTES DE LA RESERVA PARA PENSIONES DEL PERSONAL,6911037,5,5,8,0.08,SÍ — integrante
Actividad económica / giro mercantil,F12,INHERENTE,COMPRAVENTA DE CASAS Y OTROS INMUEBLES,6911045,5,5,8,0.08,SÍ — integrante
Actividad económica / giro mercantil,F12,INHERENTE,COMPRAVENTA DE TERRENOS,6911053,5,5,8,0.08,SÍ — integrante
Actividad económica / giro mercantil,F12,INHERENTE,ACTUALIZACION MENSUAL DEL SALDO OPERACIONES DE CRE,6911061,1,1,8,0.08,SÍ — integrante
Actividad económica / giro mercantil,F12,INHERENTE,ADQUISICION DE VIVIENDA TIPO MEDIO,6911079,1,1,8,0.08,SÍ — integrante
Actividad económica / giro mercantil,F12,INHERENTE,USUARIOS MENORES ADQUISICION DE VIVIENDA TIPO MEDIO,6911087,1,1,8,0.08,SÍ — integrante
Actividad económica / giro mercantil,F12,INHERENTE,ADQUISICION DE VIVIENDA RESIDENCIAL,6911095,1,1,8,0.08,SÍ — integrante
Actividad económica / giro mercantil,F12,INHERENTE,USUARIOS MENORES ADQUISICION DE VIVIENDA RESIDENCIAL,6911102,1,1,8,0.08,SÍ — integrante
Actividad económica / giro mercantil,F12,INHERENTE,COMPRAVENTA DE ARMAS DE FUEGO,6991013,5,5,8,0.08,SÍ — integrante
Actividad económica / giro mercantil,F12,INHERENTE,AGENCIAS DE RIFAS Y SORTEOS (QUINIELAS Y LOTERIA),6992011,5,5,8,0.08,SÍ — integrante
Actividad económica / giro mercantil,F12,INHERENTE,COMPRAVENTA DE PRODUCTOS VETERINARIOS Y OTROS ARTICULOS PARA EL CUIDADO DE LOS ANIMALES,6993019,2,2,8,0.08,SÍ — integrante
Actividad económica / giro mercantil,F12,INHERENTE,COMPRAVENTA DE DIAMANTES,6999017,5,5,8,0.08,SÍ — integrante
Actividad económica / giro mercantil,F12,INHERENTE,COMPRAVENTA DE EQUIPOS Y APARATOS DE AIRE ACONDICIONADO,6999025,2,2,8,0.08,SÍ — integrante
Actividad económica / giro mercantil,F12,INHERENTE,COMPRAVENTA DE JARCIERIA REATAS CANASTAS Y ARTICULOS TEJIDOS DE FIBRA,6999033,2,2,8,0.08,SÍ — integrante
Actividad económica / giro mercantil,F12,INHERENTE,COMPRAVENTA DE OTROS ARTICULOS DE PLASTICO,6999041,2,2,8,0.08,SÍ — integrante
Actividad económica / giro mercantil,F12,INHERENTE,USUARIOS MENORES POR OPERACIONES DE REPORTO,6999059,1,1,8,0.08,SÍ — integrante
Actividad económica / giro mercantil,F12,INHERENTE,COMPRAVENTA DE OTROS PRODUCTOS DE HULE,6999067,2,2,8,0.08,SÍ — integrante
Actividad económica / giro mercantil,F12,INHERENTE,COMPRAVENTA DE VELAS Y VELADORAS,6999075,2,2,8,0.08,SÍ — integrante
Actividad económica / giro mercantil,F12,INHERENTE,CREDITOS PERSONALES AL CONSUMO,6999083,5,5,8,0.08,SÍ — integrante
Actividad económica / giro mercantil,F12,INHERENTE,PRESTAMOS AL PERSONAL DE LA INSTITUCION,6999091,1,1,8,0.08,SÍ — integrante
Actividad económica / giro mercantil,F12,INHERENTE,COMPRAVENTA DE ARTICULOS NO CLASIFICADOS EN OTRA PARTE,6999108,2,2,8,0.08,SÍ — integrante
Actividad económica / giro mercantil,F12,INHERENTE,TARJETA DE CREDITO,6999116,3,3,8,0.08,SÍ — integrante
Actividad económica / giro mercantil,F12,INHERENTE,CREDITOS PARA ADQUISICION DE BIENES DE CONSUMO DURADERO,6999124,5,5,8,0.08,SÍ — integrante
Actividad económica / giro mercantil,F12,INHERENTE,CONSUMOS PERSONALES,6999132,1,1,8,0.08,SÍ — integrante
Actividad económica / giro mercantil,F12,INHERENTE,OPERACIONES DE ARRENDAMIENTO CAPITALIZABLE,6999146,2,2,8,0.08,SÍ — integrante
Actividad económica / giro mercantil,F12,INHERENTE,OTROS CREDITOS AL CONSUMO,6999158,4,4,8,0.08,SÍ — integrante
Actividad económica / giro mercantil,F12,INHERENTE,AUTOMOTRIZ,6999166,2,2,8,0.08,SÍ — integrante
Actividad económica / giro mercantil,F12,INHERENTE,ADQUISICION DE BIENES MUEBLES,6999174,2,2,8,0.08,SÍ — integrante
Actividad económica / giro mercantil,F12,INHERENTE,USUARIOS MENORES COMERCIO,6999900,2,2,8,0.08,SÍ — integrante
Actividad económica / giro mercantil,F12,INHERENTE,CARTERA DE COMERCIO DE ESTADOS ANALITICOS,6999991,2,2,8,0.08,SÍ — integrante
Actividad económica / giro mercantil,F12,INHERENTE,CENTROS CAMBIARIOS,6999992,5,5,8,0.08,SÍ — integrante
Actividad económica / giro mercantil,F12,INHERENTE,TRANSPORTE TERRESTRE,7100001,1,1,8,0.08,SÍ — integrante
Actividad económica / giro mercantil,F12,INHERENTE,TRANSPORTE EN AUTOBUS URBANO Y SUBURBANO DE PASAJEROS,7111016,1,1,8,0.08,SÍ — integrante
Actividad económica / giro mercantil,F12,INHERENTE,TRANSPORTE EN AUTOBUS FORANEO DE PASAJEROS,7112014,1,1,8,0.08,SÍ — integrante
Actividad económica / giro mercantil,F12,INHERENTE,TRANSPORTE EN AUTOMOVIL DE RULETEO,7113012,2,2,8,0.08,SÍ — integrante
Actividad económica / giro mercantil,F12,INHERENTE,TRANSPORTE EN AUTOMOVILES DE SITIO Y TURISMO,7114010,2,2,8,0.08,SÍ — integrante
Actividad económica / giro mercantil,F12,INHERENTE,TRANSPORTE EN AUTOMOVIL DE RUTA FIJA,7115018,2,2,8,0.08,SÍ — integrante
Actividad económica / giro mercantil,F12,INHERENTE,AUTOTRANSPORTE ESCOLAR TURISTICO EN AUTOBUS Y OTROS ESPECIALIZADOS EXCEPTO AMBULANCIAS,7119010,1,1,8,0.08,SÍ — integrante
Actividad económica / giro mercantil,F12,INHERENTE,AUTOTRANSPORTE DE MATERIALES DE CONSTRUCCION,7121015,2,2,8,0.08,SÍ — integrante
Actividad económica / giro mercantil,F12,INHERENTE,AGENCIA DE MUDANZAS,7122013,2,2,8,0.08,SÍ — integrante
Actividad económica / giro mercantil,F12,INHERENTE,AUTOTRANSPORTE DE CARGA DE PRODUCTOS ESPECIFICOS,7123011,2,2,8,0.08,SÍ — integrante
Actividad económica / giro mercantil,F12,INHERENTE,TRANSPORTE DE CARGA FORANEA,7129019,1,1,8,0.08,SÍ — integrante
Actividad económica / giro mercantil,F12,INHERENTE,USUARIOS MENORES TRANSPORTES,7129902,1,1,8,0.08,SÍ — integrante
Actividad económica / giro mercantil,F12,INHERENTE,CARTERA DE TRANSPORTES DE ESTADOS ANALITICOS,7129910,2,2,8,0.08,SÍ — integrante
Actividad económica / giro mercantil,F12,INHERENTE,FERROCARRILES,7131014,1,1,8,0.08,SÍ — integrante
Actividad económica / giro mercantil,F12,INHERENTE,TRANVIAS Y TROLEBUSES,7132012,1,1,8,0.08,SÍ — integrante
Actividad económica / giro mercantil,F12,INHERENTE,TRANSPORTE EN FERROCARRIL URBANO (METRO),7133010,4,4,8,0.08,SÍ — integrante
Actividad económica / giro mercantil,F12,INHERENTE,TRANSPORTE POR DUCTOS,7191018,1,1,8,0.08,SÍ — integrante
Actividad económica / giro mercantil,F12,INHERENTE,TRANSPORTE POR AGUA,7200009,1,1,8,0.08,SÍ — integrante
Actividad económica / giro mercantil,F12,INHERENTE,AGENCIA DE VAPORES Y BUQUES,7211014,1,1,8,0.08,SÍ — integrante
Actividad económica / giro mercantil,F12,INHERENTE,TRANSPORTES MARITIMOS DE CABOTAJE,7212012,1,1,8,0.08,SÍ — integrante
Actividad económica / giro mercantil,F12,INHERENTE,TRANSPORTE FLUVIAL Y LACUSTRE,7291016,1,1,8,0.08,SÍ — integrante
Actividad económica / giro mercantil,F12,INHERENTE,CARGA Y ESTIBA PORTUARIA,7299010,2,2,8,0.08,SÍ — integrante
Actividad económica / giro mercantil,F12,INHERENTE,TRANSPORTE AÉREO,7300007,1,1,8,0.08,SÍ — integrante
Actividad económica / giro mercantil,F12,INHERENTE,TRANSPORTACION AEREA DE PASAJEROS,7311012,1,1,8,0.08,SÍ — integrante
Actividad económica / giro mercantil,F12,INHERENTE,SERVICIOS RELACIONADOS CON EL TRANSPORTE EN AERONAVES CON MATRICULA EXTRANJERA,7312010,1,1,8,0.08,SÍ — integrante
Actividad económica / giro mercantil,F12,INHERENTE,SERVICIOS CONEXOS AL TRANSPORTE,7400005,1,1,8,0.08,SÍ — integrante
Actividad económica / giro mercantil,F12,INHERENTE,ADMINISTRACION DE CAMINOS PUENTES Y SERVICIOS AUXILIARES,7411010,2,2,8,0.08,SÍ — integrante
Actividad económica / giro mercantil,F12,INHERENTE,AEROPUERTO CIVIL,7412018,2,2,8,0.08,SÍ — integrante
Actividad económica / giro mercantil,F12,INHERENTE,ADMINISTRACION DE PUERTOS MARITIMOS LACUSTRES Y FLUVIALES,7413016,2,2,8,0.08,SÍ — integrante
Actividad económica / giro mercantil,F12,INHERENTE,ADMINISTRACION DE CENTRALES CAMIONERAS Y SERVICIOS AUXILIARES,7414014,2,2,8,0.08,SÍ — integrante
Actividad económica / giro mercantil,F12,INHERENTE,SERVICIOS RELACIONADOS CON EL TRANSPORTE EN GENERAL,7500003,1,1,8,0.08,SÍ — integrante
Actividad económica / giro mercantil,F12,INHERENTE,SERVICIOS DE ALMACENAMIENTO Y REFRIGERACION,7511018,1,1,8,0.08,SÍ — integrante
Actividad económica / giro mercantil,F12,INHERENTE,AGENCIA DE TURISMO,7512016,5,5,8,0.08,SÍ — integrante
Actividad económica / giro mercantil,F12,INHERENTE,AGENCIA ADUANAL,7513014,5,5,8,0.08,SÍ — integrante
Actividad económica / giro mercantil,F12,INHERENTE,SERVICIOS DE BASCULA Y DE GRUA PARA VEHICULOS,7514012,1,1,8,0.08,SÍ — integrante
Actividad económica / giro mercantil,F12,INHERENTE,AGENCIA DE FERROCARRIL,7519012,1,1,8,0.08,SÍ — integrante
Actividad económica / giro mercantil,F12,INHERENTE,ALQUILER DE LANCHAS Y VELEROS,7519020,4,4,8,0.08,SÍ — integrante
Actividad económica / giro mercantil,F12,INHERENTE,RENTA DE VEHICULOS AEREOS,7519038,1,1,8,0.08,SÍ — integrante
Actividad económica / giro mercantil,F12,INHERENTE,COMUNICACIONES,7600001,1,1,8,0.08,SÍ — integrante
Actividad económica / giro mercantil,F12,INHERENTE,EMPRESA DE TELEFONOS,7611016,1,1,8,0.08,SÍ — integrante
Actividad económica / giro mercantil,F12,INHERENTE,EMPRESA DE TELEGRAFOS,7612014,1,1,8,0.08,SÍ — integrante
Actividad económica / giro mercantil,F12,INHERENTE,OTROS SERVS. DE TELECOMUNICACIONES (EXCEPTO RADIO.,7613004,1,1,8,0.08,SÍ — integrante
Actividad económica / giro mercantil,F12,INHERENTE,OTROS SERVICIOS DE TELECOMUNICACIONES (EXCEPTO RADIODIFUSION Y TELEVISION),7613012,1,1,8,0.08,SÍ — integrante
Actividad económica / giro mercantil,F12,INHERENTE,MENORES COMUNICACIONES,7613905,1,1,8,0.08,SÍ — integrante
Actividad económica / giro mercantil,F12,INHERENTE,CARTERA DE COMUNICACIONES DE ESTADOS ANALITICOS,7613913,2,2,8,0.08,SÍ — integrante
Actividad económica / giro mercantil,F12,INHERENTE,SERVICIOS POSTALES,7614010,1,1,8,0.08,SÍ — integrante
Actividad económica / giro mercantil,F12,INHERENTE,"SERVICIOS DE INSTITUCIONES DE CRÉDITO, ORGANIZACIONES AUXILIARES E INSTITUCIONES DE SEGUROS Y FIANZAS",8100000,2,2,8,0.08,SÍ — integrante
Actividad económica / giro mercantil,F12,INHERENTE,SERVICIOS DE LA BANCA NACIONAL,8113011,5,5,8,0.08,SÍ — integrante
Actividad económica / giro mercantil,F12,INHERENTE,SERVICIOS DE LA BANCA NACIONAL POR OPERACIONES DE CALL MONEY,8113029,5,5,8,0.08,SÍ — integrante
Actividad económica / giro mercantil,F12,INHERENTE,MENORES BANCA DESARROLLO,8113128,4,4,8,0.08,SÍ — integrante
Actividad económica / giro mercantil,F12,INHERENTE,SERVICIOS DE FONDOS Y FIDEICOMISOS DE FOMENTO ECONOMICO,8114019,1,1,8,0.08,SÍ — integrante
Actividad económica / giro mercantil,F12,INHERENTE,SERVICIOS DE LA BANCA PRIVADA Y MIXTA MULTIPLE,8123010,5,5,8,0.08,SÍ — integrante
Actividad económica / giro mercantil,F12,INHERENTE,SERVICIOS DE LA BANCA PRIVADA ESPECIALIZADA,8123028,5,5,8,0.08,SÍ — integrante
Actividad económica / giro mercantil,F12,INHERENTE,SERVICIOS DE LA BANCA PRIVADA Y MIXTA MULTIPLE POR OPERACIONES DE CALL MONEY,8123036,5,5,8,0.08,SÍ — integrante
Actividad económica / giro mercantil,F12,INHERENTE,SERVICIOS DE LA BANCA PRIVADA ESPECIALIZADA POR OP,8123044,5,5,8,0.08,SÍ — integrante
Actividad económica / giro mercantil,F12,INHERENTE,SOCIEDADES DE AHORRO Y PRESTAMO,8123052,5,5,8,0.08,SÍ — integrante
Actividad económica / giro mercantil,F12,INHERENTE,SOCIEDADES DE AHORRO Y CREDITO POPULAR,8123060,5,5,8,0.08,SÍ — integrante
Actividad económica / giro mercantil,F12,INHERENTE,SOCIEDADES FINANCIERAS DE OBJETO LIMITADO,8123078,1,1,8,0.08,SÍ — integrante
Actividad económica / giro mercantil,F12,INHERENTE,SOCIEDADES FINANCIERAS DE OBJETO MULTIPLE REGULADAS,8123086,5,5,8,0.08,SÍ — integrante
Actividad económica / giro mercantil,F12,INHERENTE,SOCIEDADES FINANCIERAS DE OBJETO MULTIPLE NO REGULADAS,8123094,5,5,8,0.08,SÍ — integrante
Actividad económica / giro mercantil,F12,INHERENTE,USUARIOS MENORES BANCA COMERCIAL,8123143,4,4,8,0.08,SÍ — integrante
Actividad económica / giro mercantil,F12,INHERENTE,USUARIOS MENORES DE SERVICIOS BANCARIOS,8123903,2,2,8,0.08,SÍ — integrante
Actividad económica / giro mercantil,F12,INHERENTE,CARTERA DE SERVICIOS BANCARIOS DE ESTADOS ANALITIC,8123911,2,2,8,0.08,SÍ — integrante
Actividad económica / giro mercantil,F12,INHERENTE,ALMACENES DE DEPOSITO NACIONALES,8131013,4,4,8,0.08,SÍ — integrante
Actividad económica / giro mercantil,F12,INHERENTE,ALMACENES DE DEPOSITO PRIVADOS,8131021,4,4,8,0.08,SÍ — integrante
Actividad económica / giro mercantil,F12,INHERENTE,UNIONES DE CREDITO NACIONALES,8132011,3,3,8,0.08,SÍ — integrante
Actividad económica / giro mercantil,F12,INHERENTE,UNIONES DE CREDITO PRIVADAS,8132029,3,3,8,0.08,SÍ — integrante
Actividad económica / giro mercantil,F12,INHERENTE,COMPAÑIAS DE FIANZAS NACIONALES,8133019,2,2,8,0.08,SÍ — integrante
Actividad económica / giro mercantil,F12,INHERENTE,COMPAÑIAS DE FIANZAS PRIVADAS,8133027,2,2,8,0.08,SÍ — integrante
Actividad económica / giro mercantil,F12,INHERENTE,AJ. INT. FINANCIEROS NO BANCARIOS UDIS,8133035,1,1,8,0.08,SÍ — integrante
Actividad económica / giro mercantil,F12,INHERENTE,BOLSA DE VALORES,8141012,3,3,8,0.08,SÍ — integrante
Actividad económica / giro mercantil,F12,INHERENTE,SOCIEDADES DE INVERSION,8142010,2,2,8,0.08,SÍ — integrante
Actividad económica / giro mercantil,F12,INHERENTE,COMPAÑIAS DE SEGUROS NACIONALES,8151011,4,4,8,0.08,SÍ — integrante
Actividad económica / giro mercantil,F12,INHERENTE,COMPAÑIAS DE SEGUROS PRIVADAS,8151029,4,4,8,0.08,SÍ — integrante
Actividad económica / giro mercantil,F12,INHERENTE,MONTEPÍO Ó CASAS DE EMPEÑO,8200001,5,5,8,0.08,SÍ — integrante
Actividad económica / giro mercantil,F12,INHERENTE,SERVICIOS COLATERALES A INSTITUCIONES FINANCIERAS Y DE SEGUROS,8200008,1,1,8,0.08,SÍ — integrante
Actividad económica / giro mercantil,F12,INHERENTE,INVERSIONISTA,8211013,2,2,8,0.08,SÍ — integrante
Actividad económica / giro mercantil,F12,INHERENTE,AGENTE DE BOLSA,8211021,2,2,8,0.08,SÍ — integrante
Actividad económica / giro mercantil,F12,INHERENTE,CASAS DE BOLSA NACIONALES,8211039,5,5,8,0.08,SÍ — integrante
Actividad económica / giro mercantil,F12,INHERENTE,CASAS DE BOLSA PRIVADAS,8211047,5,5,8,0.08,SÍ — integrante
Actividad económica / giro mercantil,F12,INHERENTE,AGENTE DE SEGUROS,8219017,2,2,8,0.08,SÍ — integrante
Actividad económica / giro mercantil,F12,INHERENTE,CASA DE CAMBIO,8219025,5,5,8,0.08,SÍ — integrante
Actividad económica / giro mercantil,F12,INHERENTE,CORRESPONSAL BANCARIO,8219033,5,5,8,0.08,SÍ — integrante
Actividad económica / giro mercantil,F12,INHERENTE,CAJA DE AHORROS,8219041,5,5,8,0.08,SÍ — integrante
Actividad económica / giro mercantil,F12,INHERENTE,MONTEPIO,8219059,5,5,8,0.08,SÍ — integrante
Actividad económica / giro mercantil,F12,INHERENTE,PRESTAMISTA,8219067,5,5,8,0.08,SÍ — integrante
Actividad económica / giro mercantil,F12,INHERENTE,FACTORING,8219075,2,2,8,0.08,SÍ — integrante
Actividad económica / giro mercantil,F12,INHERENTE,EMPRESAS CONTROLADORAS FINANCIERAS,8219083,1,1,8,0.08,SÍ — integrante
Actividad económica / giro mercantil,F12,INHERENTE,USUARIOS MENORES OTROS INTERMEDIARIOS FINANCIEROS PUBLICOS,8219091,2,2,8,0.08,SÍ — integrante
Actividad económica / giro mercantil,F12,INHERENTE,USUARIOS MENORES OTROS INTERMEDIARIOS FINANCIEROS PRIVADOS,8219108,2,2,8,0.08,SÍ — integrante
Actividad económica / giro mercantil,F12,INHERENTE,ADMINISTRADORAS DE TARJETA DE CREDITO,8219114,5,5,8,0.08,SÍ — integrante
Actividad económica / giro mercantil,F12,INHERENTE,EMPRESAS DE AUTOFINANCIAMIENTO AUTOMOTRIZ,8219122,2,2,8,0.08,SÍ — integrante
Actividad económica / giro mercantil,F12,INHERENTE,EMPRESAS DE AUTOFINANCIAMIENTO RESIDENCIAL,8219130,1,1,8,0.08,SÍ — integrante
Actividad económica / giro mercantil,F12,INHERENTE,FOBAPROA-IPAB,8220014,1,1,8,0.08,SÍ — integrante
Actividad económica / giro mercantil,F12,INHERENTE,FOBAPROA-IPAB,8221013,1,1,8,0.08,SÍ — integrante
Actividad económica / giro mercantil,F12,INHERENTE,SERVICIOS RELACIONADOS CON INMUEBLES,8300006,2,2,8,0.08,SÍ — integrante
Actividad económica / giro mercantil,F12,INHERENTE,ALQUILER DE TERRENOS LOCALES Y EDIFICIOS NO RESIDENCIALES,8311011,5,5,8,0.08,SÍ — integrante
Actividad económica / giro mercantil,F12,INHERENTE,ARRENDAMIENTO DE INMUEBLES RESIDENCIALES,8312019,5,5,8,0.08,SÍ — integrante
Actividad económica / giro mercantil,F12,INHERENTE,SERVICIO DE CORREDORES DE BIENES RAICES,8313017,5,5,8,0.08,SÍ — integrante
Actividad económica / giro mercantil,F12,INHERENTE,ADMINISTRACION DE INMUEBLES,8314015,5,5,8,0.08,SÍ — integrante
Actividad económica / giro mercantil,F12,INHERENTE,CONTADURÍA Y AUDITORÍA,8400001,4,4,8,0.08,SÍ — integrante
Actividad económica / giro mercantil,F12,INHERENTE,ASESORES  FISCALES Y FINANCIEROS,8400002,4,4,8,0.08,SÍ — integrante
Actividad económica / giro mercantil,F12,INHERENTE,NOTARÍAS PÚBLICAS,8400003,5,5,8,0.08,SÍ — integrante
Actividad económica / giro mercantil,F12,INHERENTE,SERVICIOS PROFESIONALES Y TÉCNICOS,8400004,2,2,8,0.08,SÍ — integrante
Actividad económica / giro mercantil,F12,INHERENTE,SERVICIOS DE NOTARIAS PUBLICAS,8411019,5,5,8,0.08,SÍ — integrante
Actividad económica / giro mercantil,F12,INHERENTE,SERVICIOS DE BUFETES JURIDICOS,8412017,4,4,8,0.08,SÍ — integrante
Actividad económica / giro mercantil,F12,INHERENTE,SERVICIOS DE CONTADURIA Y AUDITORIA; INCLUSO TENEDURIA DE LIBROS,8413015,4,4,8,0.08,SÍ — integrante
Actividad económica / giro mercantil,F12,INHERENTE,SERVICIOS DE ASESORIA Y ESTUDIOS TECNICOS DE ARQUITECTURA E INGENIERIA (INCLUSO DISEÑO INDUSTRIAL),8414013,2,2,8,0.08,SÍ — integrante
Actividad económica / giro mercantil,F12,INHERENTE,DESPACHO DE OTROS PROFESIONISTAS,8415011,3,3,8,0.08,SÍ — integrante
Actividad económica / giro mercantil,F12,INHERENTE,"SERVICIO DE INVESTIGACION DE MERCADO  SOLVENCIA FINANCIERA, DE PATENTES  Y MARCAS INDUSTRIALES Y OTROS SIMILARES",8419013,1,1,8,0.08,SÍ — integrante
Actividad económica / giro mercantil,F12,INHERENTE,SERVICIOS DE ANALISIS DE SISTEMAS Y PROCESAMIENTO ELECTRONICO DE DATOS,8421018,1,1,8,0.08,SÍ — integrante
Actividad económica / giro mercantil,F12,INHERENTE,AGENCIA DE PUBLICIDAD,8422016,5,5,8,0.08,SÍ — integrante
Actividad económica / giro mercantil,F12,INHERENTE,AGENCIA NOTICIOSA,8423014,2,2,8,0.08,SÍ — integrante
Actividad económica / giro mercantil,F12,INHERENTE,SERVICIOS ADMINISTRATIVOS DE TRAMITE Y COBRANZA; INCLUSO ESCRITORIOS PUBLICOS,8424012,2,2,8,0.08,SÍ — integrante
Actividad económica / giro mercantil,F12,INHERENTE,SERVICIOS DE COPIAS FOTOSTATICAS XEROGRAFITAS Y SIMILARES,8425010,1,1,8,0.08,SÍ — integrante
Actividad económica / giro mercantil,F12,INHERENTE,COMISIONISTA,8426018,1,1,8,0.08,SÍ — integrante
Actividad económica / giro mercantil,F12,INHERENTE,REPRESENTACION DE ARTISTAS,8426026,3,3,8,0.08,SÍ — integrante
Actividad económica / giro mercantil,F12,INHERENTE,REPRESENTANTE CASAS EXTRANJERAS,8426034,1,1,8,0.08,SÍ — integrante
Actividad económica / giro mercantil,F12,INHERENTE,REPRESENTANTE CASAS NACIONALES,8426042,1,1,8,0.08,SÍ — integrante
Actividad económica / giro mercantil,F12,INHERENTE,SERVICIOS DE INSTALACION Y MANTENIMIENTO DE MAQUINARIA Y EQUIPO POR EMPRESAS ESPECIALIZADAS,8427016,1,1,8,0.08,SÍ — integrante
Actividad económica / giro mercantil,F12,INHERENTE,SERVICIOS DE AGENCIAS DE COLOCACION Y SELECCION DE PERSONAL,8428014,1,1,8,0.08,SÍ — integrante
Actividad económica / giro mercantil,F12,INHERENTE,PRESTACION DE OTROS SERVICIOS TECNICOS,8429012,1,1,8,0.08,SÍ — integrante
Actividad económica / giro mercantil,F12,INHERENTE,EMPRESAS CONTROLADORAS NO FINANCIERAS,8429020,1,1,8,0.08,SÍ — integrante
Actividad económica / giro mercantil,F12,INHERENTE,EMPRESAS DE SEGURIDAD PRIVADA,8429038,3,3,8,0.08,SÍ — integrante
Actividad económica / giro mercantil,F12,INHERENTE,EMPRESAS TRANSPORTADORAS DE VALORES,8429046,5,5,8,0.08,SÍ — integrante
Actividad económica / giro mercantil,F12,INHERENTE,SERVICIOS DE ALQUILER A EMPRESAS,8500002,2,2,8,0.08,SÍ — integrante
Actividad económica / giro mercantil,F12,INHERENTE,ARRENDAMIENTO DE MAQUINARIA,8511017,1,1,8,0.08,SÍ — integrante
Actividad económica / giro mercantil,F12,INHERENTE,ARRENDADORAS FINANCIERAS NACIONALES,8511025,2,2,8,0.08,SÍ — integrante
Actividad económica / giro mercantil,F12,INHERENTE,ARRENDADORAS FINANCIERAS PRIVADAS,8511033,2,2,8,0.08,SÍ — integrante
Actividad económica / giro mercantil,F12,INHERENTE,ARRENDAMIENTO DE EQUIPO PARA PROCESAMIENTO ELECTRONICO DE DATOS,8512015,1,1,8,0.08,SÍ — integrante
Actividad económica / giro mercantil,F12,INHERENTE,ALQUILER DE MOBILIARIO Y EQUIPO PARA COMERCIOS  SERVICIOS Y OFICINAS,8519011,1,1,8,0.08,SÍ — integrante
Actividad económica / giro mercantil,F12,INHERENTE,SALON DE FIESTAS,8521016,3,3,8,0.08,SÍ — integrante
Actividad económica / giro mercantil,F12,INHERENTE,ALQUILER DE SILLAS Y VAJILLAS PARA BANQUETES,8522014,1,1,8,0.08,SÍ — integrante
Actividad económica / giro mercantil,F12,INHERENTE,ALQUILER DE EQUIPOS ELECTRONICOS,8523012,1,1,8,0.08,SÍ — integrante
Actividad económica / giro mercantil,F12,INHERENTE,ALQUILER O RENTA DE AUTOMOVILES SIN CHOFER,8524010,4,4,8,0.08,SÍ — integrante
Actividad económica / giro mercantil,F12,INHERENTE,ALQUILER DE ROPA,8529010,1,1,8,0.08,SÍ — integrante
Actividad económica / giro mercantil,F12,INHERENTE,SERVICIOS DE ALOJAMIENTO TEMPORAL,8600000,2,2,8,0.08,SÍ — integrante
Actividad económica / giro mercantil,F12,INHERENTE,HOTEL,8611015,4,4,8,0.08,SÍ — integrante
Actividad económica / giro mercantil,F12,INHERENTE,SERVICIOS DE ALOJAMIENTO EN MOTELES,8612013,2,2,8,0.08,SÍ — integrante
Actividad económica / giro mercantil,F12,INHERENTE,CAMPOS DE TURISMO,8613011,1,1,8,0.08,SÍ — integrante
Actividad económica / giro mercantil,F12,INHERENTE,CASA DE HUESPEDES,8619019,2,2,8,0.08,SÍ — integrante
Actividad económica / giro mercantil,F12,INHERENTE,PREPARACIÓN Y SERVICIO DE ALIMENTOS Y BEBIDAS,8700008,2,2,8,0.08,SÍ — integrante
Actividad económica / giro mercantil,F12,INHERENTE,CAFETERIA,8711013,2,2,8,0.08,SÍ — integrante
Actividad económica / giro mercantil,F12,INHERENTE,RESTAURANTE,8711021,4,4,8,0.08,SÍ — integrante
Actividad económica / giro mercantil,F12,INHERENTE,SERVICIOS DE ALIMENTOS EN LENCERIAS TAQUERIAS Y TORTERIAS,8712011,1,1,8,0.08,SÍ — integrante
Actividad económica / giro mercantil,F12,INHERENTE,SERVICIOS EN OSTIONERIAS Y PREPARACION DE OTROS MARISCOS Y PESCADOS,8713019,1,1,8,0.08,SÍ — integrante
Actividad económica / giro mercantil,F12,INHERENTE,NEVERIA Y REFRESQUERIA,8714017,1,1,8,0.08,SÍ — integrante
Actividad económica / giro mercantil,F12,INHERENTE,SERVICIOS EN MERENDEROS CENADURIAS Y PREPARACION DE ANTOJITOS Y PLATILLOS REGIONALES,8719017,1,1,8,0.08,SÍ — integrante
Actividad económica / giro mercantil,F12,INHERENTE,BARES Y CANTINAS,8721012,5,5,8,0.08,SÍ — integrante
Actividad económica / giro mercantil,F12,INHERENTE,CERVECERIA,8722010,2,2,8,0.08,SÍ — integrante
Actividad económica / giro mercantil,F12,INHERENTE,SERVICIOS EN PULQUERIAS,8723018,1,1,8,0.08,SÍ — integrante
Actividad económica / giro mercantil,F12,INHERENTE,USUARIOS MENORES TURISMO,8723026,1,1,8,0.08,SÍ — integrante
Actividad económica / giro mercantil,F12,INHERENTE,HIPÓDROMO,8800001,5,5,8,0.08,SÍ — integrante
Actividad económica / giro mercantil,F12,INHERENTE,JUEGOS DE FERIA Y APUESTAS,8800002,4,4,8,0.08,SÍ — integrante
Actividad económica / giro mercantil,F12,INHERENTE,AGENCIAS DE RIFAS Y SORTEOS (QUINIELAS Y LOTERÍA),8800003,5,5,8,0.08,SÍ — integrante
Actividad económica / giro mercantil,F12,INHERENTE,SERVICIOS RECREATIVOS Y DE ESPARCIMIENTO,8800006,1,1,8,0.08,SÍ — integrante
Actividad económica / giro mercantil,F12,INHERENTE,SERVICIOS EN BALNEARIOS Y ALBERCAS,8811011,1,1,8,0.08,SÍ — integrante
Actividad económica / giro mercantil,F12,INHERENTE,SALON DE BILLAR,8812019,4,4,8,0.08,SÍ — integrante
Actividad económica / giro mercantil,F12,INHERENTE,SALON DE BOLICHE,8812027,3,3,8,0.08,SÍ — integrante
Actividad económica / giro mercantil,F12,INHERENTE,CLUB SOCIAL,8813017,2,2,8,0.08,SÍ — integrante
Actividad económica / giro mercantil,F12,INHERENTE,CENTRO DEPORTIVO,8814015,4,4,8,0.08,SÍ — integrante
Actividad económica / giro mercantil,F12,INHERENTE,"SERVICIOS Y EXPLOTACION DE PLAYAS Y PARQUES DE DESCANSO CLUBES DE EXCURSIONISMO DE CAZA Y PESCA INCLUSO ALQUILER DE LANCHAS,  CABALLOS, CALESAS Y OTROS CON FINES RECREATIVOS Y DEPORTIVOS",8819015,1,1,8,0.08,SÍ — integrante
Actividad económica / giro mercantil,F12,INHERENTE,ESTUDIOS CINEMATOGRAFICOS,8821010,1,1,8,0.08,SÍ — integrante
Actividad económica / giro mercantil,F12,INHERENTE,GRABACION DE SONIDO EN PELICULAS,8821028,1,1,8,0.08,SÍ — integrante
Actividad económica / giro mercantil,F12,INHERENTE,LABORATORIOS CINEMATOGRAFICOS,8821036,1,1,8,0.08,SÍ — integrante
Actividad económica / giro mercantil,F12,INHERENTE,PRODUCCION DE PELICULAS,8821044,1,1,8,0.08,SÍ — integrante
Actividad económica / giro mercantil,F12,INHERENTE,DISTRIBUCION Y ALQUILER DE PELICULAS,8822018,1,1,8,0.08,SÍ — integrante
Actividad económica / giro mercantil,F12,INHERENTE,SALA DE CINE,8823016,1,1,8,0.08,SÍ — integrante
Actividad económica / giro mercantil,F12,INHERENTE,RADIODIFUSORA,8824014,1,1,8,0.08,SÍ — integrante
Actividad económica / giro mercantil,F12,INHERENTE,TELEDIFUSORA,8825012,1,1,8,0.08,SÍ — integrante
Actividad económica / giro mercantil,F12,INHERENTE,TEATRO,8826010,1,1,8,0.08,SÍ — integrante
Actividad económica / giro mercantil,F12,INHERENTE,ACTIVIDADES DE CLUBES DEPORTIVOS PROFESIONALES,8827018,5,5,8,0.08,SÍ — integrante
Actividad económica / giro mercantil,F12,INHERENTE,ESTADIOS Y ARENAS,8829014,5,5,8,0.08,SÍ — integrante
Actividad económica / giro mercantil,F12,INHERENTE,HIPÓDROMO,8829022,5,5,8,0.08,SÍ — integrante
Actividad económica / giro mercantil,F12,INHERENTE,PLAZA DE TOROS,8829030,1,1,8,0.08,SÍ — integrante
Actividad económica / giro mercantil,F12,INHERENTE,PROMOCION DE ESPECTACULOS DEPORTIVOS,8829048,5,5,8,0.08,SÍ — integrante
Actividad económica / giro mercantil,F12,INHERENTE,PROMOCION DE ESPECTACULOS TAURINOS,8829056,1,1,8,0.08,SÍ — integrante
Actividad económica / giro mercantil,F12,INHERENTE,CENTRO NOCTURNO,8831019,5,5,8,0.08,SÍ — integrante
Actividad económica / giro mercantil,F12,INHERENTE,GALERIAS DE ARTES GRAFICAS Y MUSEOS,8832017,5,5,8,0.08,SÍ — integrante
Actividad económica / giro mercantil,F12,INHERENTE,FEDERACIONES Y ASOCIACIONES DEPORTIVAS Y OTRAS CON FINES RECREATIVOS,8833015,5,5,8,0.08,SÍ — integrante
Actividad económica / giro mercantil,F12,INHERENTE,JUEGOS DE FERIA,8839013,5,5,8,0.08,SÍ — integrante
Actividad económica / giro mercantil,F12,INHERENTE,USUARIOS MENORES CINEMATOGRAFIA Y ESPARCIMIENTO,8839906,1,1,8,0.08,SÍ — integrante
Actividad económica / giro mercantil,F12,INHERENTE,CARTERA DE SERVICIOS DE ESPARCIMIENTO DE ESTADOS A,8839914,2,2,8,0.08,SÍ — integrante
Actividad económica / giro mercantil,F12,INHERENTE,"SERVICIOS PERSONALES, PARA EL HOGAR Y DIVERSOS",8900004,1,1,8,0.08,SÍ — integrante
Actividad económica / giro mercantil,F12,INHERENTE,TALLER DE REPARACION GENERAL DE AUTOMOVILES Y CAMIONES,8911019,1,1,8,0.08,SÍ — integrante
Actividad económica / giro mercantil,F12,INHERENTE,SERVICIOS DE REPARACION DE MOTOCICLETAS Y BICICLETAS,8912017,1,1,8,0.08,SÍ — integrante
Actividad económica / giro mercantil,F12,INHERENTE,SERVICIOS DE REPARACION ESPECIALIZADO EN PARTES DE AUTOMOVILES EXCEPTO RECONSTRUCCION DE MOTORES Y CARROCERIAS,8913015,1,1,8,0.08,SÍ — integrante
Actividad económica / giro mercantil,F12,INHERENTE,SERVICIOS DE REPARACION DE CARROCERIAS PINTURA TAPICERIA HOJALATERIA Y CRISTALES DE AUTOMOVILES,8914013,1,1,8,0.08,SÍ — integrante
Actividad económica / giro mercantil,F12,INHERENTE,SERVICIOS DE LAVADO Y LUBRICACION DE AUTOMOVILES,8915011,3,3,8,0.08,SÍ — integrante
Actividad económica / giro mercantil,F12,INHERENTE,ESTACIONAMIENTO PRIVADO PARA VEHICULOS,8916019,2,2,8,0.08,SÍ — integrante
Actividad económica / giro mercantil,F12,INHERENTE,ESTACIONAMIENTO PUBLICO PARA VEHICULOS,8916027,2,2,8,0.08,SÍ — integrante
Actividad económica / giro mercantil,F12,INHERENTE,SERVICIO DE REPARACION DE VEHICULOS DE TRACCION ANIMAL Y PROPULSION A MANO,8919013,1,1,8,0.08,SÍ — integrante
Actividad económica / giro mercantil,F12,INHERENTE,TALLER DE REPARACION DE CALZADO,8921018,1,1,8,0.08,SÍ — integrante
Actividad económica / giro mercantil,F12,INHERENTE,TALLER DE REPARACION DE APARATOS ELECTRICOS Y ELECTRONICOS INDUSTRIALES Y COMERCIALES,8922016,1,1,8,0.08,SÍ — integrante
Actividad económica / giro mercantil,F12,INHERENTE,TALLER DE REPARACION DE ARTICULOS ELECTRICOS Y ELECTRONICOS PARA EL HOGAR,8922024,1,1,8,0.08,SÍ — integrante
Actividad económica / giro mercantil,F12,INHERENTE,SERVICIOS DE REPARACION DE RELOJES Y JOYAS,8923014,4,4,8,0.08,SÍ — integrante
Actividad económica / giro mercantil,F12,INHERENTE,TALLER DE TAPICERIA,8924012,1,1,8,0.08,SÍ — integrante
Actividad económica / giro mercantil,F12,INHERENTE,TALLER DE REPARACION DE PARAGUAS Y SOMBRILLAS,8929012,1,1,8,0.08,SÍ — integrante
Actividad económica / giro mercantil,F12,INHERENTE,TALLER DE REPARACION DE ROPA Y MEDIAS,8929020,1,1,8,0.08,SÍ — integrante
Actividad económica / giro mercantil,F12,INHERENTE,TALLER DE REPARACION DE SOMBREROS,8929038,1,1,8,0.08,SÍ — integrante
Actividad económica / giro mercantil,F12,INHERENTE,BAÑOS,8931017,2,2,8,0.08,SÍ — integrante
Actividad económica / giro mercantil,F12,INHERENTE,BARBERIA Y PELUQUERIA,8932015,4,4,8,0.08,SÍ — integrante
Actividad económica / giro mercantil,F12,INHERENTE,SALON DE BELLEZA,8933013,4,4,8,0.08,SÍ — integrante
Actividad económica / giro mercantil,F12,INHERENTE,LAVANDERIA,8934011,2,2,8,0.08,SÍ — integrante
Actividad económica / giro mercantil,F12,INHERENTE,TINTORERIA Y PLANCHADURIA,8934029,1,1,8,0.08,SÍ — integrante
Actividad económica / giro mercantil,F12,INHERENTE,EMPRESA DE SERVICIO DE LIMPIEZA,8935019,1,1,8,0.08,SÍ — integrante
Actividad económica / giro mercantil,F12,INHERENTE,SERVICIOS DE FUMIGACION  DESINFECCION Y CONTROL DE PLAGAS,8936017,1,1,8,0.08,SÍ — integrante
Actividad económica / giro mercantil,F12,INHERENTE,SERVICIOS DE BOLERIAS  MASAJISTAS  SANITARIOS PUBLICOS Y OTROS SERVICIOS DE ASEO Y LIMPIEZA,8939011,2,2,8,0.08,SÍ — integrante
Actividad económica / giro mercantil,F12,INHERENTE,ESTUDIO FOTOGRAFICO,8941016,1,1,8,0.08,SÍ — integrante
Actividad económica / giro mercantil,F12,INHERENTE,DECORACION EN GENERAL,8942014,3,3,8,0.08,SÍ — integrante
Actividad económica / giro mercantil,F12,INHERENTE,AGENCIA DE INHUMACIONES,8943012,2,2,8,0.08,SÍ — integrante
Actividad económica / giro mercantil,F12,INHERENTE,PANTEON,8944010,1,1,8,0.08,SÍ — integrante
Actividad económica / giro mercantil,F12,INHERENTE,USUARIOS MENORES SERVICIOS PROFESIONALES Y TECNICOS,8944028,1,1,8,0.08,SÍ — integrante
Actividad económica / giro mercantil,F12,INHERENTE,EMPLEADO PRIVADO,8944098,1,1,8,0.08,SÍ — integrante
Actividad económica / giro mercantil,F12,INHERENTE,TAXIDERMISTA,8949010,1,1,8,0.08,SÍ — integrante
Actividad económica / giro mercantil,F12,INHERENTE,USUARIOS MENORES OTRAS ACTIVIDADES,8949888,1,1,8,0.08,SÍ — integrante
Actividad económica / giro mercantil,F12,INHERENTE,CARTERA DE OTRAS ACTIVIDADES DE ESTADOS ANALITICOS,8949896,2,2,8,0.08,SÍ — integrante
Actividad económica / giro mercantil,F12,INHERENTE,USUARIOS MENORES DE SERVICIOS,8949903,1,1,8,0.08,SÍ — integrante
Actividad económica / giro mercantil,F12,INHERENTE,CARTERA DE SERVICIOS DE ESTADOS ANALITICOS,8949911,2,2,8,0.08,SÍ — integrante
Actividad económica / giro mercantil,F12,INHERENTE,QUEHACERES DEL HOGAR,8991011,4,4,8,0.08,SÍ — integrante
Actividad económica / giro mercantil,F12,INHERENTE,"SERVICIOS DE ENSEÑANZA, INVESTIGACIÓN CIENTÍFICA Y DIFUSIÓN CULTURAL",9100009,1,1,8,0.08,SÍ — integrante
Actividad económica / giro mercantil,F12,INHERENTE,SERVICIOS DE ENSEÑANZA PRERRIMARIA Y PRIMARIA,9112012,1,1,8,0.08,SÍ — integrante
Actividad económica / giro mercantil,F12,INHERENTE,SERVICIOS DE ENSEÑANZA SECUNDARIA,9113010,1,1,8,0.08,SÍ — integrante
Actividad económica / giro mercantil,F12,INHERENTE,ESTABLECIMIENTOS PUBLICOS DE INSTRUCCION  EDUCACION SUBPROFESIONAL Y PROFESIONAL  CULTURA E INVESTIGACION,9115016,2,2,8,0.08,SÍ — integrante
Actividad económica / giro mercantil,F12,INHERENTE,ESTABLECIMIENTOS PRIVADOS DE INSTRUCCION EDUCACION CULTURA E INVESTIGACION,9119018,5,5,8,0.08,SÍ — integrante
Actividad económica / giro mercantil,F12,INHERENTE,SERVICIOS DE ENSEÑANZA COMERCIAL Y DE IDIOMA,9121013,1,1,8,0.08,SÍ — integrante
Actividad económica / giro mercantil,F12,INHERENTE,SERVICIOS DE CAPACITACION TECNICA DE OFICIOS Y ARTESANIAS,9122011,1,1,8,0.08,SÍ — integrante
Actividad económica / giro mercantil,F12,INHERENTE,SERVICIOS DE ENSEÑANZA DE MUSICA DANZA Y OTRAS ARTES CULTURA FISICA MANEJO DE VEHICULOS Y OTROS ESPECIALIZADOS,9129017,1,1,8,0.08,SÍ — integrante
Actividad económica / giro mercantil,F12,INHERENTE,SERVICIOS DE INVESTIGACION CIENTIFICA,9191016,1,1,8,0.08,SÍ — integrante
Actividad económica / giro mercantil,F12,INHERENTE,SERVICIOS DE BIBLIOTECAS MUSEOS JARDINES BOTANICOS Y OTROS SERVICIOS DE DIFUSION CULTURAL,9199010,1,1,8,0.08,SÍ — integrante
Actividad económica / giro mercantil,F12,INHERENTE,"SERVICIOS MÉDICOS, DE ASISTENCIA SOCIAL Y VETERINARIOS",9200007,1,1,8,0.08,SÍ — integrante
Actividad económica / giro mercantil,F12,INHERENTE,HOSPITALES  SANATORIOS  CLINICAS Y MATERNIDADES,9211012,1,1,8,0.08,SÍ — integrante
Actividad económica / giro mercantil,F12,INHERENTE,SERVICIOS MEDICO GENERAL Y ESPECIALIZADO EN CONSULTORIOS,9212010,1,1,8,0.08,SÍ — integrante
Actividad económica / giro mercantil,F12,INHERENTE,SERVICIOS DE CONSULTORIOS Y CLINICAS DENTALES,9213018,1,1,8,0.08,SÍ — integrante
Actividad económica / giro mercantil,F12,INHERENTE,LABORATORIOS DE ANALISIS CLINICOS,9214016,1,1,8,0.08,SÍ — integrante
Actividad económica / giro mercantil,F12,INHERENTE,SERVICIOS DE LABORATORIOS DE RADIOLOGIA Y RADIOSCOPIA,9215014,1,1,8,0.08,SÍ — integrante
Actividad económica / giro mercantil,F12,INHERENTE,SERVICIOS DE FISIOTERAPIA  BANCOS DE SANGRE Y OTROS SERVICIOS MEDICOS,9219016,1,1,8,0.08,SÍ — integrante
Actividad económica / giro mercantil,F12,INHERENTE,CENTRO DE BENEFICENCIA,9221011,5,5,8,0.08,SÍ — integrante
Actividad económica / giro mercantil,F12,INHERENTE,SERVICIOS VETERINARIOS EN CLINICAS Y CONSULTORIOS  INCLUSO ZOOTECNISTAS  PENSIONES DE ANIMALES Y OTROS SERVICIOS AUXILIARES,9231010,1,1,8,0.08,SÍ — integrante
Actividad económica / giro mercantil,F12,INHERENTE,USUARIOS MENORES SERVICIOS MEDICOS,9231028,1,1,8,0.08,SÍ — integrante
Actividad económica / giro mercantil,F12,INHERENTE,ORGANIZACIONES DE ABOGADOS,9300001,1,1,8,0.08,SÍ — integrante
Actividad económica / giro mercantil,F12,INHERENTE,"AGRUPACIONES MERCANTILES, PROFESIONALES, CÍVICAS, POLÍTICAS, LABORALES Y RELIGIOSAS",9300005,2,2,8,0.08,SÍ — integrante
Actividad económica / giro mercantil,F12,INHERENTE,ASOCIACIONES Y CONFEDERACIONES,9311010,5,5,8,0.08,SÍ — integrante
Actividad económica / giro mercantil,F12,INHERENTE,CAMARAS DE COMERCIO,9311028,3,3,8,0.08,SÍ — integrante
Actividad económica / giro mercantil,F12,INHERENTE,CAMARAS INDUSTRIALES,9311036,3,3,8,0.08,SÍ — integrante
Actividad económica / giro mercantil,F12,INHERENTE,SOCIEDADES COOPERATIVAS,9311044,5,5,8,0.08,SÍ — integrante
Actividad económica / giro mercantil,F12,INHERENTE,ORGANIZACIONES DE ABOGADOS MEDICOS INGENIEROS Y OTRAS ASOCIACIONES DE PROFESIONALES,9312018,1,1,8,0.08,SÍ — integrante
Actividad económica / giro mercantil,F12,INHERENTE,ORGANIZACIONES CIVICAS,9319014,5,5,8,0.08,SÍ — integrante
Actividad económica / giro mercantil,F12,INHERENTE,ORGANIZACIONES LABORALES Y SINDICALES,9321019,5,5,8,0.08,SÍ — integrante
Actividad económica / giro mercantil,F12,INHERENTE,ORGANIZACIONES POLITICAS,9322017,5,5,8,0.08,SÍ — integrante
Actividad económica / giro mercantil,F12,INHERENTE,ORGANIZACIONES RELIGIOSAS,9331018,5,5,8,0.08,SÍ — integrante
Actividad económica / giro mercantil,F12,INHERENTE,"SERVICIOS DE ADMINISTRACIÓN PÚBLICA, DEFENSA Y SEGURIDAD SOCIAL",9400003,4,4,8,0.08,SÍ — integrante
Actividad económica / giro mercantil,F12,INHERENTE,GOBIERNO FEDERAL,9411018,5,5,8,0.08,SÍ — integrante
Actividad económica / giro mercantil,F12,INHERENTE,GOBIERNO ESTATAL,9411026,5,5,8,0.08,SÍ — integrante
Actividad económica / giro mercantil,F12,INHERENTE,GOBIERNO MUNICIPAL,9411034,5,5,8,0.08,SÍ — integrante
Actividad económica / giro mercantil,F12,INHERENTE,DEPARTAMENTO DEL DF,9411042,3,3,8,0.08,SÍ — integrante
Actividad económica / giro mercantil,F12,INHERENTE,USUARIOS MENORES GOBIERNO FEDERAL,9411886,1,1,8,0.08,SÍ — integrante
Actividad económica / giro mercantil,F12,INHERENTE,CARTERA DE GOBIERNO FEDERAL DE ESTADOS ANALITICOS,9411894,2,2,8,0.08,SÍ — integrante
Actividad económica / giro mercantil,F12,INHERENTE,USUARIOS MENORES GOBIERNO ESTATAL Y MUNICIPAL,9411901,1,1,8,0.08,SÍ — integrante
Actividad económica / giro mercantil,F12,INHERENTE,CARTERA DE GOBIERNO ESTATAL Y MUNICIPAL DE ESTADOS,9411919,2,2,8,0.08,SÍ — integrante
Actividad económica / giro mercantil,F12,INHERENTE,EMPLEADO PUBLICO,9411998,5,5,8,0.08,SÍ — integrante
Actividad económica / giro mercantil,F12,INHERENTE,PRESTACION DE SERVICIOS PUBLICOS Y SOCIALES,9471012,4,4,8,0.08,SÍ — integrante
Actividad económica / giro mercantil,F12,INHERENTE,EMPLEADO DEL SECTOR PRIVADO (U.I.F),9501009,1,1,8,0.08,SÍ — integrante
Actividad económica / giro mercantil,F12,INHERENTE,EMPLEADO DEL SECTOR PUBLICO  (U.I.F),9502007,5,5,8,0.08,SÍ — integrante
Actividad económica / giro mercantil,F12,INHERENTE,TRANSMISORES DE DINERO O DISPERSORES/CAMBISTAS O CENTROS CAMBIARIOS/CASAS DE EMPEÑO (U.I.F),9503005,5,5,8,0.08,SÍ — integrante
Actividad económica / giro mercantil,F12,INHERENTE,NEGOCIOS RELACIONADOS CON INTERNET (U.I.F),9504003,1,1,8,0.08,SÍ — integrante
Actividad económica / giro mercantil,F12,INHERENTE,VENTA DE TARJETAS TELEFONICAS PREPAGADAS (U.I.F),9505001,4,4,8,0.08,SÍ — integrante
Actividad económica / giro mercantil,F12,INHERENTE,"ESTUDIANTE, DESEMPLEADO, JUBILADO, PENSIONADO, DISCAPACITADO (U.I.F)",9506009,3,3,8,0.08,SÍ — integrante
Actividad económica / giro mercantil,F12,INHERENTE,EMPLEADO DEL SECTOR PUBLICO,9800000,5,5,8,0.08,SÍ — integrante
Actividad económica / giro mercantil,F12,INHERENTE,EMPLEADO DEL GOBIERNO FEDERAL,9800100,5,5,8,0.08,SÍ — integrante
Actividad económica / giro mercantil,F12,INHERENTE,PRESIDENTE DE LA REPUBLICA,9800101,5,5,8,0.08,SÍ — integrante
Actividad económica / giro mercantil,F12,INHERENTE,"SECRETARIA DE ESTADO,  TITULAR DE ENTIDAD / PROCURADOR GENERAL DE LA REPÚBLICA",9800102,5,5,8,0.08,SÍ — integrante
Actividad económica / giro mercantil,F12,INHERENTE,SUBSECRETARIA DE ESTADO,9800103,5,5,8,0.08,SÍ — integrante
Actividad económica / giro mercantil,F12,INHERENTE,OFICIAL MAYOR,9800104,5,5,8,0.08,SÍ — integrante
Actividad económica / giro mercantil,F12,INHERENTE,TITULAR DE ENTIDAD,9800105,2,2,8,0.08,SÍ — integrante
Actividad económica / giro mercantil,F12,INHERENTE,JEFATURA DE UNIDAD,9800106,4,4,8,0.08,SÍ — integrante
Actividad económica / giro mercantil,F12,INHERENTE,DIRECCIÓN GENERAL ADJUNTA,9800107,2,2,8,0.08,SÍ — integrante
Actividad económica / giro mercantil,F12,INHERENTE,DIRECCIÓN DE ÁREA,9800108,2,2,8,0.08,SÍ — integrante
Actividad económica / giro mercantil,F12,INHERENTE,SUBDIRECCIÓN DE ÁREA,9800109,1,1,8,0.08,SÍ — integrante
Actividad económica / giro mercantil,F12,INHERENTE,JEFATURA DE DEPARTAMENTO,9800110,1,1,8,0.08,SÍ — integrante
Actividad económica / giro mercantil,F12,INHERENTE,ENLACE,9800111,1,1,8,0.08,SÍ — integrante
Actividad económica / giro mercantil,F12,INHERENTE,DIPUTADO  DEL H. CONGRESO DE LA UNIÓN,9800112,5,5,8,0.08,SÍ — integrante
Actividad económica / giro mercantil,F12,INHERENTE,SENADOR DE LA REPUBLICA,9800113,5,5,8,0.08,SÍ — integrante
Actividad económica / giro mercantil,F12,INHERENTE,SECRETARIA DE LA DEFENSA NACIONAL (MILITAR),9800114,1,1,8,0.08,SÍ — integrante
Actividad económica / giro mercantil,F12,INHERENTE,SECRETARIA DE MARINA (MARINO),9800115,1,1,8,0.08,SÍ — integrante
Actividad económica / giro mercantil,F12,INHERENTE,EMBAJADOR,9800116,5,5,8,0.08,SÍ — integrante
Actividad económica / giro mercantil,F12,INHERENTE,CÓNSUL,9800117,2,2,8,0.08,SÍ — integrante
Actividad económica / giro mercantil,F12,INHERENTE,EMPLEADO DE GOBIERNO DE ENTIDAD FEDERATIVA,9800200,5,5,8,0.08,SÍ — integrante
Actividad económica / giro mercantil,F12,INHERENTE,GOBERNADOR CONSTITUCIONAL DEL ESTADO Ó JEFE DE GOBIERNO DEL DF,9800201,2,2,8,0.08,SÍ — integrante
Actividad económica / giro mercantil,F12,INHERENTE,SECRETARIO DEL RAMO,9800202,5,5,8,0.08,SÍ — integrante
Actividad económica / giro mercantil,F12,INHERENTE,PROCURADOR GENERAL DE JUSTICIA DEL ESTADO,9800203,5,5,8,0.08,SÍ — integrante
Actividad económica / giro mercantil,F12,INHERENTE,DIPUTADO AL H. CONGRESO DEL ESTADO,9800204,5,5,8,0.08,SÍ — integrante
Actividad económica / giro mercantil,F12,INHERENTE,SUB-PROCURADOR GENERAL DE JUSTICIA DEL ESTAD,9800205,5,5,8,0.08,SÍ — integrante
Actividad económica / giro mercantil,F12,INHERENTE,CONTRALOR DEL H. CONGRESO DEL ESTADO,9800206,2,2,8,0.08,SÍ — integrante
Actividad económica / giro mercantil,F12,INHERENTE,TESORERO DEL ESTADO,9800207,2,2,8,0.08,SÍ — integrante
Actividad económica / giro mercantil,F12,INHERENTE,SUB-SECRETARIO,9800208,5,5,8,0.08,SÍ — integrante
Actividad económica / giro mercantil,F12,INHERENTE,VOCAL EJECUTIVO,9800209,1,1,8,0.08,SÍ — integrante
Actividad económica / giro mercantil,F12,INHERENTE,OFICIAL MAYOR DE ENTIDAD FEDERATIVA,9800210,5,5,8,0.08,SÍ — integrante
Actividad económica / giro mercantil,F12,INHERENTE,DIRECTOR GENERAL,9800211,2,2,8,0.08,SÍ — integrante
Actividad económica / giro mercantil,F12,INHERENTE,DIRECTOR EJECUTIVO,9800212,2,2,8,0.08,SÍ — integrante
Actividad económica / giro mercantil,F12,INHERENTE,JEFE DE LA POLICÍA JUDICIAL DEL ESTADO,9800213,5,5,8,0.08,SÍ — integrante
Actividad económica / giro mercantil,F12,INHERENTE,JEFE DE UNIDAD,9800214,2,2,8,0.08,SÍ — integrante
Actividad económica / giro mercantil,F12,INHERENTE,DIRECTOR,9800215,2,2,8,0.08,SÍ — integrante
Actividad económica / giro mercantil,F12,INHERENTE,SUB-JEFE OPERATIVO,9800216,1,1,8,0.08,SÍ — integrante
Actividad económica / giro mercantil,F12,INHERENTE,SUB-DIRECTOR,9800217,1,1,8,0.08,SÍ — integrante
Actividad económica / giro mercantil,F12,INHERENTE,JEFE DE DEPARTAMENTO,9800218,1,1,8,0.08,SÍ — integrante
Actividad económica / giro mercantil,F12,INHERENTE,COORDINADOR OPERATIVO,9800219,1,1,8,0.08,SÍ — integrante
Actividad económica / giro mercantil,F12,INHERENTE,ENLACE,9800220,1,1,8,0.08,SÍ — integrante
Actividad económica / giro mercantil,F12,INHERENTE,EMPLEADO DE GOBIERNO MUNICIPAL O DELEGACIONES (D.F),9800300,5,5,8,0.08,SÍ — integrante
Actividad económica / giro mercantil,F12,INHERENTE,PRESIDENTE MUNICIPAL O DELEGADO,9800301,5,5,8,0.08,SÍ — integrante
Actividad económica / giro mercantil,F12,INHERENTE,SUB-DELEGADO,9800302,5,5,8,0.08,SÍ — integrante
Actividad económica / giro mercantil,F12,INHERENTE,REGIDOR,9800303,5,5,8,0.08,SÍ — integrante
Actividad económica / giro mercantil,F12,INHERENTE,DIRECTOR GENERAL,9800304,2,2,8,0.08,SÍ — integrante
Actividad económica / giro mercantil,F12,INHERENTE,DIRECTOR,9800305,2,2,8,0.08,SÍ — integrante
Actividad económica / giro mercantil,F12,INHERENTE,SUBDIRECTOR,9800306,1,1,8,0.08,SÍ — integrante
Actividad económica / giro mercantil,F12,INHERENTE,JEFE DE DEPARTAMENTO,9800307,1,1,8,0.08,SÍ — integrante
Actividad económica / giro mercantil,F12,INHERENTE,COORDINADOR DE ÁREA O TÉCNICO,9800308,1,1,8,0.08,SÍ — integrante
Actividad económica / giro mercantil,F12,INHERENTE,ANALISTA,9800309,1,1,8,0.08,SÍ — integrante
Actividad económica / giro mercantil,F12,INHERENTE,ENLACE Ó AUXILIAR ADMINISTRATIVO,9800310,1,1,8,0.08,SÍ — integrante
Actividad económica / giro mercantil,F12,INHERENTE,POLICÍA,9800311,2,2,8,0.08,SÍ — integrante
Actividad económica / giro mercantil,F12,INHERENTE,INSPECTOR,9800312,2,2,8,0.08,SÍ — integrante
Actividad económica / giro mercantil,F12,INHERENTE,EMPLEADO DEL PODER JUDICIAL,9800400,5,5,8,0.08,SÍ — integrante
Actividad económica / giro mercantil,F12,INHERENTE,MINISTRO DE LA SUPREMA CORTE DE JUSTICIA DE LA NACIÓN,9800401,5,5,8,0.08,SÍ — integrante
Actividad económica / giro mercantil,F12,INHERENTE,MAGISTRADO FEDERAL,9800402,5,5,8,0.08,SÍ — integrante
Actividad económica / giro mercantil,F12,INHERENTE,JUEZ FEDERAL,9800403,5,5,8,0.08,SÍ — integrante
Actividad económica / giro mercantil,F12,INHERENTE,"EMPLEADO DEL PODER JUDICIAL FEDERAL (SECRETARIOS, ACTUARIOS, ETC)",9800404,5,5,8,0.08,SÍ — integrante
Actividad económica / giro mercantil,F12,INHERENTE,MAGISTRADO DE ENTIDAD FEDERATIVA,9800405,5,5,8,0.08,SÍ — integrante
Actividad económica / giro mercantil,F12,INHERENTE,JUEZ DE ENTIDAD FEDERATIVA,9800406,5,5,8,0.08,SÍ — integrante
Actividad económica / giro mercantil,F12,INHERENTE,"EMPLEADO DEL PODER JUDICIAL DE ENTIDAD FEDERATIVA (SECRETARIOS, ACTUARIOS, ETC)",9800407,5,5,8,0.08,SÍ — integrante
Actividad económica / giro mercantil,F12,INHERENTE,JUEZ MUNICIPAL Ó DE DELEGACIÓN,9800408,5,5,8,0.08,SÍ — integrante
Actividad económica / giro mercantil,F12,INHERENTE,"EMPLEADO DEL PODER JUDICIAL DE MUNICIPIO Ó DELEGACIÓN (SECRETARIOS, ACTUARIOS, ETC)",9800409,5,5,8,0.08,SÍ — integrante
Actividad económica / giro mercantil,F12,INHERENTE,SERVICIOS DE ORGANIZACIONES INTERNACIONALES Y OTROS ORGANISMOS EXTRATERRITORIALES (U.I.F),9900003,1,1,8,0.08,SÍ — integrante
Actividad económica / giro mercantil,F12,INHERENTE,DEPENDENCIAS DE GOBIERNO O EMPRESAS PARAESTATALES,9900900,5,5,8,0.08,SÍ — integrante
Actividad económica / giro mercantil,F12,INHERENTE,SERVICIOS DE ORGANIZACIONES INTERNACIONALES Y OTROS ORGANISMOS EXTRATERRITORIALES,9900901,1,1,8,0.08,SÍ — integrante
Actividad económica / giro mercantil,F12,INHERENTE,TRANSMISORES DE DINERO O DISPERSORES,9900902,5,5,8,0.08,SÍ — integrante
Actividad económica / giro mercantil,F12,INHERENTE,CAMBISTAS O CENTROS CAMBIARIOS,9900903,4,4,8,0.08,SÍ — integrante
Actividad económica / giro mercantil,F12,INHERENTE,ESTUDIANTE Ó MENOR DE EDAD SIN OCUPACIÓN,9900904,3,3,8,0.08,SÍ — integrante
Actividad económica / giro mercantil,F12,INHERENTE,DESEMPLEADO,9900905,3,3,8,0.08,SÍ — integrante
Actividad económica / giro mercantil,F12,INHERENTE,JUBILADO,9900906,3,3,8,0.08,SÍ — integrante
Actividad económica / giro mercantil,F12,INHERENTE,PENSIONADO,9900907,3,3,8,0.08,SÍ — integrante
Actividad económica / giro mercantil,F12,INHERENTE,AMA DE CASA,9900908,3,3,8,0.08,SÍ — integrante
Actividad económica / giro mercantil,F12,INHERENTE,"MINISTROS DE CULTO RELIGIOSO (SACERDOTE, PASTOR, MONJA, ETC)",9900909,3,3,8,0.08,SÍ — integrante
Actividad económica / giro mercantil,F12,INHERENTE,INSTITUCIONES FINANCIERAS DEL EXTRANJERO,9911018,4,4,8,0.08,SÍ — integrante
Actividad económica / giro mercantil,F12,INHERENTE,CONSULADO,9912016,5,5,8,0.08,SÍ — integrante
Actividad económica / giro mercantil,F12,INHERENTE,GOBIERNO EXTRANJERO,9912024,5,5,8,0.08,SÍ — integrante
Actividad económica / giro mercantil,F12,INHERENTE,SERVICIOS DE OFICINAS Y REPRESENTACIONES DE OTROS PAISES QUE GOZAN DE EXTRATERRITORIALIDAD,9919012,1,1,8,0.08,SÍ — integrante
Actividad económica / giro mercantil,F12,INHERENTE,NO CLASIFICADA,9999999,5,5,8,0.08,SÍ — integrante
PERFIL TRANSACCIONAL,F14,TRANSACCIONAL,"TRANSFERENCIAS DE 0-50,000.00 MN - PESOS MXN",1,1,1,14,0.14,V2 — perfil por evento
PERFIL TRANSACCIONAL,F14,TRANSACCIONAL,"CHEQUES DE 0-50,000.00 MN - PESOS MXN",1,1,1,14,0.14,V2 — perfil por evento
PERFIL TRANSACCIONAL,F14,TRANSACCIONAL,"EFECTIVO DE 0-50,000.00 MN - PESOS MXN",1,2,2,14,0.14,V2 — perfil por evento
PERFIL TRANSACCIONAL,F14,TRANSACCIONAL,"TRANSFERENCIAS DE 0-5,000 - USD",1,1,1,14,0.14,V2 — perfil por evento
PERFIL TRANSACCIONAL,F14,TRANSACCIONAL,"CHEQUES DE 0-5,000 - USD",1,1,1,14,0.14,V2 — perfil por evento
PERFIL TRANSACCIONAL,F14,TRANSACCIONAL,"EFECTIVO DE DE 0-5,000 - USD",1,2,2,14,0.14,V2 — perfil por evento
PERFIL TRANSACCIONAL,F14,TRANSACCIONAL,"TRANSFERENCIAS DE 50,001-250,000.00 - PESOS MXN",2,1,1,14,0.14,V2 — perfil por evento
PERFIL TRANSACCIONAL,F14,TRANSACCIONAL,"CHEQUES DE 50,001-250,000.00 - PESOS MXN",2,1,1,14,0.14,V2 — perfil por evento
PERFIL TRANSACCIONAL,F14,TRANSACCIONAL,"EFECTIVO DE 50,001-250,000.00 - PESOS MXN",2,3,3,14,0.14,V2 — perfil por evento
PERFIL TRANSACCIONAL,F14,TRANSACCIONAL,"TRANSFERENCIAS DE 5,001-25,000 - USD",2,1,1,14,0.14,V2 — perfil por evento
PERFIL TRANSACCIONAL,F14,TRANSACCIONAL,"CHEQUES DE 5,001-25,000 - USD",2,1,1,14,0.14,V2 — perfil por evento
PERFIL TRANSACCIONAL,F14,TRANSACCIONAL,"EFECTIVO DE 5,001-25,000 - USD",2,3,3,14,0.14,V2 — perfil por evento
PERFIL TRANSACCIONAL,F14,TRANSACCIONAL,"TRANSFERENCIAS DE 250,001-1,250,000.00 - PESOS MXN",3,2,2,14,0.14,V2 — perfil por evento
PERFIL TRANSACCIONAL,F14,TRANSACCIONAL,"CHEQUES DE 250,001-1,250,000.00 - PESOS MXN",3,2,2,14,0.14,V2 — perfil por evento
PERFIL TRANSACCIONAL,F14,TRANSACCIONAL,"EFECTIVO DE 250,001-1,250,000.00 - PESOS MXN",3,4,4,14,0.14,V2 — perfil por evento
PERFIL TRANSACCIONAL,F14,TRANSACCIONAL,"TRANSFERENCIAS DE 25,001-125,000 - USD",3,2,2,14,0.14,V2 — perfil por evento
PERFIL TRANSACCIONAL,F14,TRANSACCIONAL,"CHEQUES DE 25,001-125,000 - USD",3,2,2,14,0.14,V2 — perfil por evento
PERFIL TRANSACCIONAL,F14,TRANSACCIONAL,"EFECTIVO DE 25,001-125,000 - USD",3,4,4,14,0.14,V2 — perfil por evento
PERFIL TRANSACCIONAL,F14,TRANSACCIONAL,"TRANSFERENCIAS DE 1,250,000.00 EN ADELANTE - PESOS MXN",4,2,2,14,0.14,V2 — perfil por evento
PERFIL TRANSACCIONAL,F14,TRANSACCIONAL,"CHEQUES DE 1,250,000.00 EN ADELANTE - PESOS MXN",4,2,2,14,0.14,V2 — perfil por evento
PERFIL TRANSACCIONAL,F14,TRANSACCIONAL,"EFECTIVO DE 1,250,000.00 EN ADELANTE - PESOS MXN",4,5,5,14,0.14,V2 — perfil por evento
PERFIL TRANSACCIONAL,F14,TRANSACCIONAL,"TRANSFERENCIAS DE 125,000.00 EN ADELANTE - USD",4,2,2,14,0.14,V2 — perfil por evento
PERFIL TRANSACCIONAL,F14,TRANSACCIONAL,"CHEQUES DE 125,000.00 EN ADELANTE - USD",4,2,2,14,0.14,V2 — perfil por evento
PERFIL TRANSACCIONAL,F14,TRANSACCIONAL,"EFECTIVO DE 125,000.00 EN ADELANTE - USD",4,5,5,14,0.14,V2 — perfil por evento
SUCURSAL DE APERTURA DE LA CUENTA,F15,TRANSACCIONAL,AGUASCALIENTES,1,2,2,6,0.06,NO — sucursal no aplica
SUCURSAL DE APERTURA DE LA CUENTA,F15,TRANSACCIONAL,BAJA CALIFORNIA,2,5,5,6,0.06,NO — sucursal no aplica
SUCURSAL DE APERTURA DE LA CUENTA,F15,TRANSACCIONAL,BAJA CALIFORNIA SUR,3,3,3,6,0.06,NO — sucursal no aplica
SUCURSAL DE APERTURA DE LA CUENTA,F15,TRANSACCIONAL,CAMPECHE,4,3,3,6,0.06,NO — sucursal no aplica
SUCURSAL DE APERTURA DE LA CUENTA,F15,TRANSACCIONAL,COAHUILA,5,3,3,6,0.06,NO — sucursal no aplica
SUCURSAL DE APERTURA DE LA CUENTA,F15,TRANSACCIONAL,COLIMA,6,4,4,6,0.06,NO — sucursal no aplica
SUCURSAL DE APERTURA DE LA CUENTA,F15,TRANSACCIONAL,CHIAPAS,7,4,4,6,0.06,NO — sucursal no aplica
SUCURSAL DE APERTURA DE LA CUENTA,F15,TRANSACCIONAL,CHIHUAHUA,8,5,5,6,0.06,NO — sucursal no aplica
SUCURSAL DE APERTURA DE LA CUENTA,F15,TRANSACCIONAL,CIUDAD DE MÉXICO,9,4,4,6,0.06,NO — sucursal no aplica
SUCURSAL DE APERTURA DE LA CUENTA,F15,TRANSACCIONAL,DURANGO,10,4,4,6,0.06,NO — sucursal no aplica
SUCURSAL DE APERTURA DE LA CUENTA,F15,TRANSACCIONAL,GUANAJUATO,11,4,4,6,0.06,NO — sucursal no aplica
SUCURSAL DE APERTURA DE LA CUENTA,F15,TRANSACCIONAL,GUERRERO,12,5,5,6,0.06,NO — sucursal no aplica
SUCURSAL DE APERTURA DE LA CUENTA,F15,TRANSACCIONAL,HIDALGO,13,3,3,6,0.06,NO — sucursal no aplica
SUCURSAL DE APERTURA DE LA CUENTA,F15,TRANSACCIONAL,JALISCO,14,5,5,6,0.06,NO — sucursal no aplica
SUCURSAL DE APERTURA DE LA CUENTA,F15,TRANSACCIONAL,ESTADO DE MÉXICO,15,4,4,6,0.06,NO — sucursal no aplica
SUCURSAL DE APERTURA DE LA CUENTA,F15,TRANSACCIONAL,MICHOACÁN,16,5,5,6,0.06,NO — sucursal no aplica
SUCURSAL DE APERTURA DE LA CUENTA,F15,TRANSACCIONAL,MORELOS,17,3,3,6,0.06,NO — sucursal no aplica
SUCURSAL DE APERTURA DE LA CUENTA,F15,TRANSACCIONAL,NAYARIT,18,3,3,6,0.06,NO — sucursal no aplica
SUCURSAL DE APERTURA DE LA CUENTA,F15,TRANSACCIONAL,NUEVO LEON,19,4,4,6,0.06,NO — sucursal no aplica
SUCURSAL DE APERTURA DE LA CUENTA,F15,TRANSACCIONAL,OAXACA,20,4,4,6,0.06,NO — sucursal no aplica
SUCURSAL DE APERTURA DE LA CUENTA,F15,TRANSACCIONAL,PUEBLA,21,3,3,6,0.06,NO — sucursal no aplica
SUCURSAL DE APERTURA DE LA CUENTA,F15,TRANSACCIONAL,QUERÉTARO,22,2,2,6,0.06,NO — sucursal no aplica
SUCURSAL DE APERTURA DE LA CUENTA,F15,TRANSACCIONAL,QUINTANA ROO,23,4,4,6,0.06,NO — sucursal no aplica
SUCURSAL DE APERTURA DE LA CUENTA,F15,TRANSACCIONAL,SAN LUIS POTOSÍ,24,3,3,6,0.06,NO — sucursal no aplica
SUCURSAL DE APERTURA DE LA CUENTA,F15,TRANSACCIONAL,SINALOA,25,4,4,6,0.06,NO — sucursal no aplica
SUCURSAL DE APERTURA DE LA CUENTA,F15,TRANSACCIONAL,SONORA,26,4,4,6,0.06,NO — sucursal no aplica
SUCURSAL DE APERTURA DE LA CUENTA,F15,TRANSACCIONAL,TABASCO,27,4,4,6,0.06,NO — sucursal no aplica
SUCURSAL DE APERTURA DE LA CUENTA,F15,TRANSACCIONAL,TAMAULIPAS,28,4,4,6,0.06,NO — sucursal no aplica
SUCURSAL DE APERTURA DE LA CUENTA,F15,TRANSACCIONAL,TLAXCALA,29,2,2,6,0.06,NO — sucursal no aplica
SUCURSAL DE APERTURA DE LA CUENTA,F15,TRANSACCIONAL,VERACRUZ,30,4,4,6,0.06,NO — sucursal no aplica
SUCURSAL DE APERTURA DE LA CUENTA,F15,TRANSACCIONAL,YUCATÁN,31,3,3,6,0.06,NO — sucursal no aplica
SUCURSAL DE APERTURA DE LA CUENTA,F15,TRANSACCIONAL,ZACATECAS,32,4,4,6,0.06,NO — sucursal no aplica
SUCURSAL DE APERTURA DE LA CUENTA,F15,TRANSACCIONAL,EXTRANJERO,33,4,4,6,0.06,NO — sucursal no aplica
TIPO DE CLIENTE (PERSONALIDAD JURIDICA),F18,INHERENTE,PERSONA FÍSICA,1,2,2,5,0.05,SÍ — integrante
TIPO DE CLIENTE (PERSONALIDAD JURIDICA),F18,INHERENTE,PFAE,2,1,1,5,0.05,SÍ — integrante
TIPO DE CLIENTE (PERSONALIDAD JURIDICA),F18,INHERENTE,PERSONA MORAL,3,3,3,5,0.05,SÍ — integrante
TIPO DE CLIENTE (PERSONALIDAD JURIDICA),F18,INHERENTE,FIDEICOMISO,4,4,4,5,0.05,SÍ — integrante
TIPO DE CLIENTE (PERSONALIDAD JURIDICA),F18,INHERENTE,MANDATO,5,4,4,5,0.05,SÍ — integrante
NUMERO DE CONTRAPARTES,F19,TRANSACCIONAL,DE 0 A 5 CONTRAPARTES,1,1,1,2,0.02,NO — sustituido por FF5
NUMERO DE CONTRAPARTES,F19,TRANSACCIONAL,DE 6 A 10 CONTRAPARTES,2,3,3,2,0.02,NO — sustituido por FF5
NUMERO DE CONTRAPARTES,F19,TRANSACCIONAL,MAS DE 10 CONTRAPARTES,3,5,5,2,0.02,NO — sustituido por FF5
Edad / Fecha de constitución,F2,INHERENTE,0-1 AÑOS,1,5,5,2,0.02,SÍ — integrante
Edad / Fecha de constitución,F2,INHERENTE,2-4 AÑOS,2,5,4,2,0.02,SÍ — integrante
Edad / Fecha de constitución,F2,INHERENTE,5-6 AÑOS,3,5,3,2,0.02,SÍ — integrante
Edad / Fecha de constitución,F2,INHERENTE,7-14 AÑOS,4,5,1,2,0.02,SÍ — integrante
Edad / Fecha de constitución,F2,INHERENTE,15-17 AÑOS,5,5,1,2,0.02,SÍ — integrante
Edad / Fecha de constitución,F2,INHERENTE,18-25 AÑOS,6,5,1,2,0.02,SÍ — integrante
Edad / Fecha de constitución,F2,INHERENTE,25-50 AÑOS,7,1,1,2,0.02,SÍ — integrante
Edad / Fecha de constitución,F2,INHERENTE,51-60 AÑOS,8,2,1,2,0.02,SÍ — integrante
Edad / Fecha de constitución,F2,INHERENTE,61-70 AÑOS,9,4,1,2,0.02,SÍ — integrante
Edad / Fecha de constitución,F2,INHERENTE,71 - 90,10,5,1,2,0.02,SÍ — integrante
Edad / Fecha de constitución,F2,INHERENTE,91 - EN ADELANTE,11,5,1,2,0.02,SÍ — integrante
Frecuencia de la operación,F23,TRANSACCIONAL,DE 0 A 20,1,1,1,5,0.05,V2 — frecuencia
Frecuencia de la operación,F23,TRANSACCIONAL,DE 21 A 50,2,2,1,5,0.05,V2 — frecuencia
Frecuencia de la operación,F23,TRANSACCIONAL,DE 51 A 200,3,3,1,5,0.05,V2 — frecuencia
Frecuencia de la operación,F23,TRANSACCIONAL,DE 201 A 1K,4,4,1,5,0.05,V2 — frecuencia
Frecuencia de la operación,F23,TRANSACCIONAL,MAS DE MIL,5,5,1,5,0.05,V2 — frecuencia
Frecuencia de la operación,F23,TRANSACCIONAL,de 0 a 100,1,1,1,5,0.05,V2 — frecuencia
Frecuencia de la operación,F23,TRANSACCIONAL,de 101 a 300,2,2,1,5,0.05,V2 — frecuencia
Frecuencia de la operación,F23,TRANSACCIONAL,"de 301 a 1,000",3,3,1,5,0.05,V2 — frecuencia
Frecuencia de la operación,F23,TRANSACCIONAL,"de 1,001 a 3,000",4,4,1,5,0.05,V2 — frecuencia
Frecuencia de la operación,F23,TRANSACCIONAL,mas de 3 mil,5,5,1,5,0.05,V2 — frecuencia
Frecuencia de la operación,F23,TRANSACCIONAL,de 0 a 500,1,1,1,5,0.05,V2 — frecuencia
Frecuencia de la operación,F23,TRANSACCIONAL,de 501 a 1000,2,1,2,5,0.05,V2 — frecuencia
Frecuencia de la operación,F23,TRANSACCIONAL,de 1001 a 5000,3,1,3,5,0.05,V2 — frecuencia
Frecuencia de la operación,F23,TRANSACCIONAL,de 5001 a 10 mil,4,1,4,5,0.05,V2 — frecuencia
Frecuencia de la operación,F23,TRANSACCIONAL,mas de 10 mil,5,1,5,5,0.05,V2 — frecuencia
Realización de SPID,F24,TRANSACCIONAL,NO,1,1,1,5,0.05,Absorbido en FF8
Realización de SPID,F24,TRANSACCIONAL,SI,2,5,5,5,0.05,Absorbido en FF8
Manejo de efectivo en la cuenta,F25,TRANSACCIONAL,DE 0 A 5K PF,1,1,1,6,0.06,V2 — efectivo (en revisión)
Manejo de efectivo en la cuenta,F25,TRANSACCIONAL,DE 5 A 10K PF,2,2,1,6,0.06,V2 — efectivo (en revisión)
Manejo de efectivo en la cuenta,F25,TRANSACCIONAL,DE 10 A 20K PF,3,3,1,6,0.06,V2 — efectivo (en revisión)
Manejo de efectivo en la cuenta,F25,TRANSACCIONAL,DE 20 A 50K PF,4,4,1,6,0.06,V2 — efectivo (en revisión)
Manejo de efectivo en la cuenta,F25,TRANSACCIONAL,MAS DE 50K PF,5,5,1,6,0.06,V2 — efectivo (en revisión)
Manejo de efectivo en la cuenta,F25,TRANSACCIONAL,DE 0 A 100K PM,6,1,1,6,0.06,V2 — efectivo (en revisión)
Manejo de efectivo en la cuenta,F25,TRANSACCIONAL,DE 100 A 500K PM,7,1,2,6,0.06,V2 — efectivo (en revisión)
Manejo de efectivo en la cuenta,F25,TRANSACCIONAL,DE 500K A 1MM PM,8,1,3,6,0.06,V2 — efectivo (en revisión)
Manejo de efectivo en la cuenta,F25,TRANSACCIONAL,DE 1MM A 5MM PM,9,1,4,6,0.06,V2 — efectivo (en revisión)
Manejo de efectivo en la cuenta,F25,TRANSACCIONAL,MAS DE 5MM PM,10,1,5,6,0.06,V2 — efectivo (en revisión)
Envío o recepción de transferencias internacionales,F26,TRANSACCIONAL,NO,1,1,1,6,0.06,Absorbido en FF8 (catálogo país se reutiliza)
Envío o recepción de transferencias internacionales,F26,TRANSACCIONAL,ANDORRA,AD,1,1,6,0.06,Absorbido en FF8 (catálogo país se reutiliza)
Envío o recepción de transferencias internacionales,F26,TRANSACCIONAL,EMIRATOS ARABES UNID,AE,3,3,6,0.06,Absorbido en FF8 (catálogo país se reutiliza)
Envío o recepción de transferencias internacionales,F26,TRANSACCIONAL,AFGANISTAN (GFG),AF,4,4,6,0.06,Absorbido en FF8 (catálogo país se reutiliza)
Envío o recepción de transferencias internacionales,F26,TRANSACCIONAL,ANTIGUA Y BARBUDA,AG,3,3,6,0.06,Absorbido en FF8 (catálogo país se reutiliza)
Envío o recepción de transferencias internacionales,F26,TRANSACCIONAL,ANGUILA,AI,3,3,6,0.06,Absorbido en FF8 (catálogo país se reutiliza)
Envío o recepción de transferencias internacionales,F26,TRANSACCIONAL,ALBANIA,AL,2,2,6,0.06,Absorbido en FF8 (catálogo país se reutiliza)
Envío o recepción de transferencias internacionales,F26,TRANSACCIONAL,ARMENIA,AM,2,2,6,0.06,Absorbido en FF8 (catálogo país se reutiliza)
Envío o recepción de transferencias internacionales,F26,TRANSACCIONAL,ANTILLAS NEERLANDESA,AN,3,3,6,0.06,Absorbido en FF8 (catálogo país se reutiliza)
Envío o recepción de transferencias internacionales,F26,TRANSACCIONAL,ANGOLA,AO,4,4,6,0.06,Absorbido en FF8 (catálogo país se reutiliza)
Envío o recepción de transferencias internacionales,F26,TRANSACCIONAL,ANTARTICA,AQ,1,1,6,0.06,Absorbido en FF8 (catálogo país se reutiliza)
Envío o recepción de transferencias internacionales,F26,TRANSACCIONAL,ARGENTINA,AR,2,2,6,0.06,Absorbido en FF8 (catálogo país se reutiliza)
Envío o recepción de transferencias internacionales,F26,TRANSACCIONAL,SAMOA,AS,1,1,6,0.06,Absorbido en FF8 (catálogo país se reutiliza)
Envío o recepción de transferencias internacionales,F26,TRANSACCIONAL,AUSTRIA,AT,1,1,6,0.06,Absorbido en FF8 (catálogo país se reutiliza)
Envío o recepción de transferencias internacionales,F26,TRANSACCIONAL,AUSTRALIA,AU,1,1,6,0.06,Absorbido en FF8 (catálogo país se reutiliza)
Envío o recepción de transferencias internacionales,F26,TRANSACCIONAL,ARUBA,AW,3,3,6,0.06,Absorbido en FF8 (catálogo país se reutiliza)
Envío o recepción de transferencias internacionales,F26,TRANSACCIONAL,ALAND,AX,1,1,6,0.06,Absorbido en FF8 (catálogo país se reutiliza)
Envío o recepción de transferencias internacionales,F26,TRANSACCIONAL,AZERBAIJAN,AZ,3,3,6,0.06,Absorbido en FF8 (catálogo país se reutiliza)
Envío o recepción de transferencias internacionales,F26,TRANSACCIONAL,BOSNIE-HERZ,BA,2,2,6,0.06,Absorbido en FF8 (catálogo país se reutiliza)
Envío o recepción de transferencias internacionales,F26,TRANSACCIONAL,BARBADOS,BB,3,3,6,0.06,Absorbido en FF8 (catálogo país se reutiliza)
Envío o recepción de transferencias internacionales,F26,TRANSACCIONAL,BANGLADESH,BD,3,3,6,0.06,Absorbido en FF8 (catálogo país se reutiliza)
Envío o recepción de transferencias internacionales,F26,TRANSACCIONAL,BELGICA,BE,1,1,6,0.06,Absorbido en FF8 (catálogo país se reutiliza)
Envío o recepción de transferencias internacionales,F26,TRANSACCIONAL,BURKINA FASO,BF,3,3,6,0.06,Absorbido en FF8 (catálogo país se reutiliza)
Envío o recepción de transferencias internacionales,F26,TRANSACCIONAL,BULGARIA,BG,4,4,6,0.06,Absorbido en FF8 (catálogo país se reutiliza)
Envío o recepción de transferencias internacionales,F26,TRANSACCIONAL,BAHREIN,BH,3,3,6,0.06,Absorbido en FF8 (catálogo país se reutiliza)
Envío o recepción de transferencias internacionales,F26,TRANSACCIONAL,BURUNDI,BI,4,4,6,0.06,Absorbido en FF8 (catálogo país se reutiliza)
Envío o recepción de transferencias internacionales,F26,TRANSACCIONAL,BENIN,BJ,3,3,6,0.06,Absorbido en FF8 (catálogo país se reutiliza)
Envío o recepción de transferencias internacionales,F26,TRANSACCIONAL,SAN BARTOLOME,BL,1,1,6,0.06,Absorbido en FF8 (catálogo país se reutiliza)
Envío o recepción de transferencias internacionales,F26,TRANSACCIONAL,BERMUDAS,BM,3,3,6,0.06,Absorbido en FF8 (catálogo país se reutiliza)
Envío o recepción de transferencias internacionales,F26,TRANSACCIONAL,BRUNEI,BN,3,3,6,0.06,Absorbido en FF8 (catálogo país se reutiliza)
Envío o recepción de transferencias internacionales,F26,TRANSACCIONAL,BOLIVIA,BO,4,4,6,0.06,Absorbido en FF8 (catálogo país se reutiliza)
Envío o recepción de transferencias internacionales,F26,TRANSACCIONAL,BRASIL,BR,2,2,6,0.06,Absorbido en FF8 (catálogo país se reutiliza)
Envío o recepción de transferencias internacionales,F26,TRANSACCIONAL,BAHAMAS,BS,3,3,6,0.06,Absorbido en FF8 (catálogo país se reutiliza)
Envío o recepción de transferencias internacionales,F26,TRANSACCIONAL,BHUTAN,BT,1,1,6,0.06,Absorbido en FF8 (catálogo país se reutiliza)
Envío o recepción de transferencias internacionales,F26,TRANSACCIONAL,ISLA BOUVET,BV,1,1,6,0.06,Absorbido en FF8 (catálogo país se reutiliza)
Envío o recepción de transferencias internacionales,F26,TRANSACCIONAL,BOTSWANA,BW,1,1,6,0.06,Absorbido en FF8 (catálogo país se reutiliza)
Envío o recepción de transferencias internacionales,F26,TRANSACCIONAL,BELARUS,BY,4,4,6,0.06,Absorbido en FF8 (catálogo país se reutiliza)
Envío o recepción de transferencias internacionales,F26,TRANSACCIONAL,BELICE,BZ,3,3,6,0.06,Absorbido en FF8 (catálogo país se reutiliza)
Envío o recepción de transferencias internacionales,F26,TRANSACCIONAL,CANADA,CA,1,1,6,0.06,Absorbido en FF8 (catálogo país se reutiliza)
Envío o recepción de transferencias internacionales,F26,TRANSACCIONAL,ISLAS COCOS O KELLIN,CC,1,1,6,0.06,Absorbido en FF8 (catálogo país se reutiliza)
Envío o recepción de transferencias internacionales,F26,TRANSACCIONAL,REP. DE CONGO,CD,4,4,6,0.06,Absorbido en FF8 (catálogo país se reutiliza)
Envío o recepción de transferencias internacionales,F26,TRANSACCIONAL,CENT AFR,CF,4,4,6,0.06,Absorbido en FF8 (catálogo país se reutiliza)
Envío o recepción de transferencias internacionales,F26,TRANSACCIONAL,CONGO,CG,4,4,6,0.06,Absorbido en FF8 (catálogo país se reutiliza)
Envío o recepción de transferencias internacionales,F26,TRANSACCIONAL,SUIZA,CH,1,1,6,0.06,Absorbido en FF8 (catálogo país se reutiliza)
Envío o recepción de transferencias internacionales,F26,TRANSACCIONAL,COSTA DE MARFIL,CI,4,4,6,0.06,Absorbido en FF8 (catálogo país se reutiliza)
Envío o recepción de transferencias internacionales,F26,TRANSACCIONAL,ISLAS COOK,CK,3,3,6,0.06,Absorbido en FF8 (catálogo país se reutiliza)
Envío o recepción de transferencias internacionales,F26,TRANSACCIONAL,CHILE,CL,1,1,6,0.06,Absorbido en FF8 (catálogo país se reutiliza)
Envío o recepción de transferencias internacionales,F26,TRANSACCIONAL,CAMERUN,CM,4,4,6,0.06,Absorbido en FF8 (catálogo país se reutiliza)
Envío o recepción de transferencias internacionales,F26,TRANSACCIONAL,CHINA,CN,4,4,6,0.06,Absorbido en FF8 (catálogo país se reutiliza)
Envío o recepción de transferencias internacionales,F26,TRANSACCIONAL,COLOMBIA,CO,2,2,6,0.06,Absorbido en FF8 (catálogo país se reutiliza)
Envío o recepción de transferencias internacionales,F26,TRANSACCIONAL,COSTA RICA,CR,1,1,6,0.06,Absorbido en FF8 (catálogo país se reutiliza)
Envío o recepción de transferencias internacionales,F26,TRANSACCIONAL,CUBA,CU,4,4,6,0.06,Absorbido en FF8 (catálogo país se reutiliza)
Envío o recepción de transferencias internacionales,F26,TRANSACCIONAL,CABO VERDE,CV,2,2,6,0.06,Absorbido en FF8 (catálogo país se reutiliza)
Envío o recepción de transferencias internacionales,F26,TRANSACCIONAL,CURACAO,CW,3,3,6,0.06,Absorbido en FF8 (catálogo país se reutiliza)
Envío o recepción de transferencias internacionales,F26,TRANSACCIONAL,ISLA CHRISTMAS,CX,1,1,6,0.06,Absorbido en FF8 (catálogo país se reutiliza)
Envío o recepción de transferencias internacionales,F26,TRANSACCIONAL,CHIPRE,CY,1,1,6,0.06,Absorbido en FF8 (catálogo país se reutiliza)
Envío o recepción de transferencias internacionales,F26,TRANSACCIONAL,"REP CHECA, OSTRAVA",CZ,1,1,6,0.06,Absorbido en FF8 (catálogo país se reutiliza)
Envío o recepción de transferencias internacionales,F26,TRANSACCIONAL,ALEMANIA,DE,1,1,6,0.06,Absorbido en FF8 (catálogo país se reutiliza)
Envío o recepción de transferencias internacionales,F26,TRANSACCIONAL,DJIBOUTI,DJ,4,4,6,0.06,Absorbido en FF8 (catálogo país se reutiliza)
Envío o recepción de transferencias internacionales,F26,TRANSACCIONAL,DINAMARCA,DK,1,1,6,0.06,Absorbido en FF8 (catálogo país se reutiliza)
Envío o recepción de transferencias internacionales,F26,TRANSACCIONAL,DOMINICA,DM,3,3,6,0.06,Absorbido en FF8 (catálogo país se reutiliza)
Envío o recepción de transferencias internacionales,F26,TRANSACCIONAL,DOMINICANA,DO,2,2,6,0.06,Absorbido en FF8 (catálogo país se reutiliza)
Envío o recepción de transferencias internacionales,F26,TRANSACCIONAL,ARGELIA,DZ,4,4,6,0.06,Absorbido en FF8 (catálogo país se reutiliza)
Envío o recepción de transferencias internacionales,F26,TRANSACCIONAL,ECUADOR,EC,2,2,6,0.06,Absorbido en FF8 (catálogo país se reutiliza)
Envío o recepción de transferencias internacionales,F26,TRANSACCIONAL,ESTONIA,EE,1,1,6,0.06,Absorbido en FF8 (catálogo país se reutiliza)
Envío o recepción de transferencias internacionales,F26,TRANSACCIONAL,EGIPTO,EG,2,2,6,0.06,Absorbido en FF8 (catálogo país se reutiliza)
Envío o recepción de transferencias internacionales,F26,TRANSACCIONAL,SAHARA OCCIDENT,EH,1,1,6,0.06,Absorbido en FF8 (catálogo país se reutiliza)
Envío o recepción de transferencias internacionales,F26,TRANSACCIONAL,ERITREA,ER,4,4,6,0.06,Absorbido en FF8 (catálogo país se reutiliza)
Envío o recepción de transferencias internacionales,F26,TRANSACCIONAL,ESPANA,ES,1,1,6,0.06,Absorbido en FF8 (catálogo país se reutiliza)
Envío o recepción de transferencias internacionales,F26,TRANSACCIONAL,ETIOPIA,ET,3,3,6,0.06,Absorbido en FF8 (catálogo país se reutiliza)
Envío o recepción de transferencias internacionales,F26,TRANSACCIONAL,PAIES EUR,EU,1,1,6,0.06,Absorbido en FF8 (catálogo país se reutiliza)
Envío o recepción de transferencias internacionales,F26,TRANSACCIONAL,FINLANDIA,FI,1,1,6,0.06,Absorbido en FF8 (catálogo país se reutiliza)
Envío o recepción de transferencias internacionales,F26,TRANSACCIONAL,ISLAS FIDJI,FJ,1,1,6,0.06,Absorbido en FF8 (catálogo país se reutiliza)
Envío o recepción de transferencias internacionales,F26,TRANSACCIONAL,ISLAS MALVINAS,FK,1,1,6,0.06,Absorbido en FF8 (catálogo país se reutiliza)
Envío o recepción de transferencias internacionales,F26,TRANSACCIONAL,MICRONESIA,FM,1,1,6,0.06,Absorbido en FF8 (catálogo país se reutiliza)
Envío o recepción de transferencias internacionales,F26,TRANSACCIONAL,ISLAS PACIFICO,FO,1,1,6,0.06,Absorbido en FF8 (catálogo país se reutiliza)
Envío o recepción de transferencias internacionales,F26,TRANSACCIONAL,FRANCIA,FR,1,1,6,0.06,Absorbido en FF8 (catálogo país se reutiliza)
Envío o recepción de transferencias internacionales,F26,TRANSACCIONAL,GABON,GA,4,4,6,0.06,Absorbido en FF8 (catálogo país se reutiliza)
Envío o recepción de transferencias internacionales,F26,TRANSACCIONAL,GRAN BRETANA,GB,1,1,6,0.06,Absorbido en FF8 (catálogo país se reutiliza)
Envío o recepción de transferencias internacionales,F26,TRANSACCIONAL,GIBRALTAR,GC,1,1,6,0.06,Absorbido en FF8 (catálogo país se reutiliza)
Envío o recepción de transferencias internacionales,F26,TRANSACCIONAL,GRANADA,GD,3,3,6,0.06,Absorbido en FF8 (catálogo país se reutiliza)
Envío o recepción de transferencias internacionales,F26,TRANSACCIONAL,GEORGIA,GE,1,1,6,0.06,Absorbido en FF8 (catálogo país se reutiliza)
Envío o recepción de transferencias internacionales,F26,TRANSACCIONAL,GUYANA FRANCESA,GF,1,1,6,0.06,Absorbido en FF8 (catálogo país se reutiliza)
Envío o recepción de transferencias internacionales,F26,TRANSACCIONAL,ISLAS CHANNEL,GG,1,1,6,0.06,Absorbido en FF8 (catálogo país se reutiliza)
Envío o recepción de transferencias internacionales,F26,TRANSACCIONAL,GHANA,GH,2,2,6,0.06,Absorbido en FF8 (catálogo país se reutiliza)
Envío o recepción de transferencias internacionales,F26,TRANSACCIONAL,GUERNESEY,GI,1,1,6,0.06,Absorbido en FF8 (catálogo país se reutiliza)
Envío o recepción de transferencias internacionales,F26,TRANSACCIONAL,GROENLANDIA,GL,1,1,6,0.06,Absorbido en FF8 (catálogo país se reutiliza)
Envío o recepción de transferencias internacionales,F26,TRANSACCIONAL,GAMBIA,GM,3,3,6,0.06,Absorbido en FF8 (catálogo país se reutiliza)
Envío o recepción de transferencias internacionales,F26,TRANSACCIONAL,GUINEA,GN,3,3,6,0.06,Absorbido en FF8 (catálogo país se reutiliza)
Envío o recepción de transferencias internacionales,F26,TRANSACCIONAL,GUADALUPE,GP,1,1,6,0.06,Absorbido en FF8 (catálogo país se reutiliza)
Envío o recepción de transferencias internacionales,F26,TRANSACCIONAL,GUINEA ECU.,GQ,4,4,6,0.06,Absorbido en FF8 (catálogo país se reutiliza)
Envío o recepción de transferencias internacionales,F26,TRANSACCIONAL,GRECIA,GR,1,1,6,0.06,Absorbido en FF8 (catálogo país se reutiliza)
Envío o recepción de transferencias internacionales,F26,TRANSACCIONAL,ISLAS GEORGIA,GS,1,1,6,0.06,Absorbido en FF8 (catálogo país se reutiliza)
Envío o recepción de transferencias internacionales,F26,TRANSACCIONAL,GUATEMALA,GT,3,3,6,0.06,Absorbido en FF8 (catálogo país se reutiliza)
Envío o recepción de transferencias internacionales,F26,TRANSACCIONAL,GUAM,GU,1,1,6,0.06,Absorbido en FF8 (catálogo país se reutiliza)
Envío o recepción de transferencias internacionales,F26,TRANSACCIONAL,GUINEA-BISSAU,GW,4,4,6,0.06,Absorbido en FF8 (catálogo país se reutiliza)
Envío o recepción de transferencias internacionales,F26,TRANSACCIONAL,GUYANA,GY,2,2,6,0.06,Absorbido en FF8 (catálogo país se reutiliza)
Envío o recepción de transferencias internacionales,F26,TRANSACCIONAL,HONG KONG,HK,3,3,6,0.06,Absorbido en FF8 (catálogo país se reutiliza)
Envío o recepción de transferencias internacionales,F26,TRANSACCIONAL,HEARD .MCDONALD,HM,1,1,6,0.06,Absorbido en FF8 (catálogo país se reutiliza)
Envío o recepción de transferencias internacionales,F26,TRANSACCIONAL,HONDURAS,HN,3,3,6,0.06,Absorbido en FF8 (catálogo país se reutiliza)
Envío o recepción de transferencias internacionales,F26,TRANSACCIONAL,CROACIA,HR,1,1,6,0.06,Absorbido en FF8 (catálogo país se reutiliza)
Envío o recepción de transferencias internacionales,F26,TRANSACCIONAL,HAITI,HT,4,4,6,0.06,Absorbido en FF8 (catálogo país se reutiliza)
Envío o recepción de transferencias internacionales,F26,TRANSACCIONAL,HUNGRIA,HU,2,2,6,0.06,Absorbido en FF8 (catálogo país se reutiliza)
Envío o recepción de transferencias internacionales,F26,TRANSACCIONAL,ISLAS DEL CANAL,IC,1,1,6,0.06,Absorbido en FF8 (catálogo país se reutiliza)
Envío o recepción de transferencias internacionales,F26,TRANSACCIONAL,INDONESIA,ID,3,3,6,0.06,Absorbido en FF8 (catálogo país se reutiliza)
Envío o recepción de transferencias internacionales,F26,TRANSACCIONAL,IRLANDA,IE,1,1,6,0.06,Absorbido en FF8 (catálogo país se reutiliza)
Envío o recepción de transferencias internacionales,F26,TRANSACCIONAL,ISRAEL,IL,1,1,6,0.06,Absorbido en FF8 (catálogo país se reutiliza)
Envío o recepción de transferencias internacionales,F26,TRANSACCIONAL,ISLA DE MAN,IM,1,1,6,0.06,Absorbido en FF8 (catálogo país se reutiliza)
Envío o recepción de transferencias internacionales,F26,TRANSACCIONAL,INDIA,IN,3,3,6,0.06,Absorbido en FF8 (catálogo país se reutiliza)
Envío o recepción de transferencias internacionales,F26,TRANSACCIONAL,TERRITORIO BRIT,IO,1,1,6,0.06,Absorbido en FF8 (catálogo país se reutiliza)
Envío o recepción de transferencias internacionales,F26,TRANSACCIONAL,IRAK (GFG),IQ,3,3,6,0.06,Absorbido en FF8 (catálogo país se reutiliza)
Envío o recepción de transferencias internacionales,F26,TRANSACCIONAL,IRAN,IR,5,5,6,0.06,Absorbido en FF8 (catálogo país se reutiliza)
Envío o recepción de transferencias internacionales,F26,TRANSACCIONAL,ISLANDIA,IS,1,1,6,0.06,Absorbido en FF8 (catálogo país se reutiliza)
Envío o recepción de transferencias internacionales,F26,TRANSACCIONAL,ITALIA,IT,1,1,6,0.06,Absorbido en FF8 (catálogo país se reutiliza)
Envío o recepción de transferencias internacionales,F26,TRANSACCIONAL,ISLAS VIRGENES BRITA,IV,4,4,6,0.06,Absorbido en FF8 (catálogo país se reutiliza)
Envío o recepción de transferencias internacionales,F26,TRANSACCIONAL,ISLA DE JERSEY,JE,1,1,6,0.06,Absorbido en FF8 (catálogo país se reutiliza)
Envío o recepción de transferencias internacionales,F26,TRANSACCIONAL,JAMAICA,JM,3,3,6,0.06,Absorbido en FF8 (catálogo país se reutiliza)
Envío o recepción de transferencias internacionales,F26,TRANSACCIONAL,JORDANIA,JO,2,2,6,0.06,Absorbido en FF8 (catálogo país se reutiliza)
Envío o recepción de transferencias internacionales,F26,TRANSACCIONAL,JAPON,JP,1,1,6,0.06,Absorbido en FF8 (catálogo país se reutiliza)
Envío o recepción de transferencias internacionales,F26,TRANSACCIONAL,KENYA,KE,4,4,6,0.06,Absorbido en FF8 (catálogo país se reutiliza)
Envío o recepción de transferencias internacionales,F26,TRANSACCIONAL,KYRGYZSTAN,KG,3,3,6,0.06,Absorbido en FF8 (catálogo país se reutiliza)
Envío o recepción de transferencias internacionales,F26,TRANSACCIONAL,CAMBOYA,KH,4,4,6,0.06,Absorbido en FF8 (catálogo país se reutiliza)
Envío o recepción de transferencias internacionales,F26,TRANSACCIONAL,KIRIBATI,KI,1,1,6,0.06,Absorbido en FF8 (catálogo país se reutiliza)
Envío o recepción de transferencias internacionales,F26,TRANSACCIONAL,COMORES,KM,4,4,6,0.06,Absorbido en FF8 (catálogo país se reutiliza)
Envío o recepción de transferencias internacionales,F26,TRANSACCIONAL,SAINT KITTS AND NEVI,KN,3,3,6,0.06,Absorbido en FF8 (catálogo país se reutiliza)
Envío o recepción de transferencias internacionales,F26,TRANSACCIONAL,COREA DEL NORTE,KP,5,5,6,0.06,Absorbido en FF8 (catálogo país se reutiliza)
Envío o recepción de transferencias internacionales,F26,TRANSACCIONAL,COREA DEL SUR,KR,1,1,6,0.06,Absorbido en FF8 (catálogo país se reutiliza)
Envío o recepción de transferencias internacionales,F26,TRANSACCIONAL,KUWAIT,KW,4,4,6,0.06,Absorbido en FF8 (catálogo país se reutiliza)
Envío o recepción de transferencias internacionales,F26,TRANSACCIONAL,ISLAS CAIMAN,KY,3,3,6,0.06,Absorbido en FF8 (catálogo país se reutiliza)
Envío o recepción de transferencias internacionales,F26,TRANSACCIONAL,KAZAKSTAN,KZ,2,2,6,0.06,Absorbido en FF8 (catálogo país se reutiliza)
Envío o recepción de transferencias internacionales,F26,TRANSACCIONAL,LAOS,LA,4,4,6,0.06,Absorbido en FF8 (catálogo país se reutiliza)
Envío o recepción de transferencias internacionales,F26,TRANSACCIONAL,LIBANO,LB,4,4,6,0.06,Absorbido en FF8 (catálogo país se reutiliza)
Envío o recepción de transferencias internacionales,F26,TRANSACCIONAL,SANTA LUCIA,LC,3,3,6,0.06,Absorbido en FF8 (catálogo país se reutiliza)
Envío o recepción de transferencias internacionales,F26,TRANSACCIONAL,LIECHTENSTEIN,LI,3,3,6,0.06,Absorbido en FF8 (catálogo país se reutiliza)
Envío o recepción de transferencias internacionales,F26,TRANSACCIONAL,SRI LANKA,LK,2,2,6,0.06,Absorbido en FF8 (catálogo país se reutiliza)
Envío o recepción de transferencias internacionales,F26,TRANSACCIONAL,LIBERIA,LR,3,3,6,0.06,Absorbido en FF8 (catálogo país se reutiliza)
Envío o recepción de transferencias internacionales,F26,TRANSACCIONAL,LESOTHO,LS,3,3,6,0.06,Absorbido en FF8 (catálogo país se reutiliza)
Envío o recepción de transferencias internacionales,F26,TRANSACCIONAL,LITUANIA,LT,1,1,6,0.06,Absorbido en FF8 (catálogo país se reutiliza)
Envío o recepción de transferencias internacionales,F26,TRANSACCIONAL,LUXEMBURGO,LU,3,3,6,0.06,Absorbido en FF8 (catálogo país se reutiliza)
Envío o recepción de transferencias internacionales,F26,TRANSACCIONAL,LATVIA,LV,1,1,6,0.06,Absorbido en FF8 (catálogo país se reutiliza)
Envío o recepción de transferencias internacionales,F26,TRANSACCIONAL,LIBIA,LY,4,4,6,0.06,Absorbido en FF8 (catálogo país se reutiliza)
Envío o recepción de transferencias internacionales,F26,TRANSACCIONAL,MARRUECOS,MA,2,2,6,0.06,Absorbido en FF8 (catálogo país se reutiliza)
Envío o recepción de transferencias internacionales,F26,TRANSACCIONAL,MONACO,MC,4,4,6,0.06,Absorbido en FF8 (catálogo país se reutiliza)
Envío o recepción de transferencias internacionales,F26,TRANSACCIONAL,"MOLDAVIA, REP.",MD,2,2,6,0.06,Absorbido en FF8 (catálogo país se reutiliza)
Envío o recepción de transferencias internacionales,F26,TRANSACCIONAL,MONTENEGRO,ME,2,2,6,0.06,Absorbido en FF8 (catálogo país se reutiliza)
Envío o recepción de transferencias internacionales,F26,TRANSACCIONAL,SAN MARTIN,MF,1,1,6,0.06,Absorbido en FF8 (catálogo país se reutiliza)
Envío o recepción de transferencias internacionales,F26,TRANSACCIONAL,MADAGASCAR,MG,4,4,6,0.06,Absorbido en FF8 (catálogo país se reutiliza)
Envío o recepción de transferencias internacionales,F26,TRANSACCIONAL,ISLAS MARSHALL,MH,3,3,6,0.06,Absorbido en FF8 (catálogo país se reutiliza)
Envío o recepción de transferencias internacionales,F26,TRANSACCIONAL,MACEDONIA,MK,2,2,6,0.06,Absorbido en FF8 (catálogo país se reutiliza)
Envío o recepción de transferencias internacionales,F26,TRANSACCIONAL,MALI,ML,3,3,6,0.06,Absorbido en FF8 (catálogo país se reutiliza)
Envío o recepción de transferencias internacionales,F26,TRANSACCIONAL,MYANMAR,MM,5,5,6,0.06,Absorbido en FF8 (catálogo país se reutiliza)
Envío o recepción de transferencias internacionales,F26,TRANSACCIONAL,MONGOLIA,MN,2,2,6,0.06,Absorbido en FF8 (catálogo país se reutiliza)
Envío o recepción de transferencias internacionales,F26,TRANSACCIONAL,MACAO,MO,3,3,6,0.06,Absorbido en FF8 (catálogo país se reutiliza)
Envío o recepción de transferencias internacionales,F26,TRANSACCIONAL,ISLAS MARIANAS,MP,1,1,6,0.06,Absorbido en FF8 (catálogo país se reutiliza)
Envío o recepción de transferencias internacionales,F26,TRANSACCIONAL,MARTINICA,MQ,1,1,6,0.06,Absorbido en FF8 (catálogo país se reutiliza)
Envío o recepción de transferencias internacionales,F26,TRANSACCIONAL,MAURITANIA,MR,3,3,6,0.06,Absorbido en FF8 (catálogo país se reutiliza)
Envío o recepción de transferencias internacionales,F26,TRANSACCIONAL,MONTSERRAT,MS,1,1,6,0.06,Absorbido en FF8 (catálogo país se reutiliza)
Envío o recepción de transferencias internacionales,F26,TRANSACCIONAL,MALTA,MT,2,2,6,0.06,Absorbido en FF8 (catálogo país se reutiliza)
Envío o recepción de transferencias internacionales,F26,TRANSACCIONAL,MAURICIO,MU,3,3,6,0.06,Absorbido en FF8 (catálogo país se reutiliza)
Envío o recepción de transferencias internacionales,F26,TRANSACCIONAL,MALDIVAS,MV,2,2,6,0.06,Absorbido en FF8 (catálogo país se reutiliza)
Envío o recepción de transferencias internacionales,F26,TRANSACCIONAL,MALAWI,MW,3,3,6,0.06,Absorbido en FF8 (catálogo país se reutiliza)
Envío o recepción de transferencias internacionales,F26,TRANSACCIONAL,MEXICO,MX,3,3,6,0.06,Absorbido en FF8 (catálogo país se reutiliza)
Envío o recepción de transferencias internacionales,F26,TRANSACCIONAL,"MALAYSIA, LABUAN",MY,3,3,6,0.06,Absorbido en FF8 (catálogo país se reutiliza)
Envío o recepción de transferencias internacionales,F26,TRANSACCIONAL,MOZAMBIQUE,MZ,3,3,6,0.06,Absorbido en FF8 (catálogo país se reutiliza)
Envío o recepción de transferencias internacionales,F26,TRANSACCIONAL,NAMIBIA,NA,4,4,6,0.06,Absorbido en FF8 (catálogo país se reutiliza)
Envío o recepción de transferencias internacionales,F26,TRANSACCIONAL,NUEVA CALEDONIA,NC,1,1,6,0.06,Absorbido en FF8 (catálogo país se reutiliza)
Envío o recepción de transferencias internacionales,F26,TRANSACCIONAL,NIGER,NE,4,4,6,0.06,Absorbido en FF8 (catálogo país se reutiliza)
Envío o recepción de transferencias internacionales,F26,TRANSACCIONAL,ISLA DE NORFOLK,NF,1,1,6,0.06,Absorbido en FF8 (catálogo país se reutiliza)
Envío o recepción de transferencias internacionales,F26,TRANSACCIONAL,NIGERIA,NG,3,3,6,0.06,Absorbido en FF8 (catálogo país se reutiliza)
Envío o recepción de transferencias internacionales,F26,TRANSACCIONAL,NICARAGUA,NI,4,4,6,0.06,Absorbido en FF8 (catálogo país se reutiliza)
Envío o recepción de transferencias internacionales,F26,TRANSACCIONAL,PAISES BAJOS,NL,1,1,6,0.06,Absorbido en FF8 (catálogo país se reutiliza)
Envío o recepción de transferencias internacionales,F26,TRANSACCIONAL,NORUEGA,NO,1,1,6,0.06,Absorbido en FF8 (catálogo país se reutiliza)
Envío o recepción de transferencias internacionales,F26,TRANSACCIONAL,NEPAL,NP,4,4,6,0.06,Absorbido en FF8 (catálogo país se reutiliza)
Envío o recepción de transferencias internacionales,F26,TRANSACCIONAL,NAURU,NR,3,3,6,0.06,Absorbido en FF8 (catálogo país se reutiliza)
Envío o recepción de transferencias internacionales,F26,TRANSACCIONAL,NIUE,NU,1,1,6,0.06,Absorbido en FF8 (catálogo país se reutiliza)
Envío o recepción de transferencias internacionales,F26,TRANSACCIONAL,NIEVES,NV,3,3,6,0.06,Absorbido en FF8 (catálogo país se reutiliza)
Envío o recepción de transferencias internacionales,F26,TRANSACCIONAL,NUEVA ZELANDIA,NZ,1,1,6,0.06,Absorbido en FF8 (catálogo país se reutiliza)
Envío o recepción de transferencias internacionales,F26,TRANSACCIONAL,OMAN,OM,3,3,6,0.06,Absorbido en FF8 (catálogo país se reutiliza)
Envío o recepción de transferencias internacionales,F26,TRANSACCIONAL,PANAMA,PA,3,3,6,0.06,Absorbido en FF8 (catálogo país se reutiliza)
Envío o recepción de transferencias internacionales,F26,TRANSACCIONAL,PERU,PE,2,2,6,0.06,Absorbido en FF8 (catálogo país se reutiliza)
Envío o recepción de transferencias internacionales,F26,TRANSACCIONAL,POLINESIA FRANCESA,PF,3,3,6,0.06,Absorbido en FF8 (catálogo país se reutiliza)
Envío o recepción de transferencias internacionales,F26,TRANSACCIONAL,PAP NUEVA GUINE,PG,4,4,6,0.06,Absorbido en FF8 (catálogo país se reutiliza)
Envío o recepción de transferencias internacionales,F26,TRANSACCIONAL,FILIPINAS,PH,2,2,6,0.06,Absorbido en FF8 (catálogo país se reutiliza)
Envío o recepción de transferencias internacionales,F26,TRANSACCIONAL,PAKISTAN,PK,3,3,6,0.06,Absorbido en FF8 (catálogo país se reutiliza)
Envío o recepción de transferencias internacionales,F26,TRANSACCIONAL,POLONIA,PL,1,1,6,0.06,Absorbido en FF8 (catálogo país se reutiliza)
Envío o recepción de transferencias internacionales,F26,TRANSACCIONAL,SAN PEDRO,PM,1,1,6,0.06,Absorbido en FF8 (catálogo país se reutiliza)
Envío o recepción de transferencias internacionales,F26,TRANSACCIONAL,PITCAIRN,PN,1,1,6,0.06,Absorbido en FF8 (catálogo país se reutiliza)
Envío o recepción de transferencias internacionales,F26,TRANSACCIONAL,PUERTO RICO,PR,1,1,6,0.06,Absorbido en FF8 (catálogo país se reutiliza)
Envío o recepción de transferencias internacionales,F26,TRANSACCIONAL,TERRITORIOS PALESTIN,PS,4,4,6,0.06,Absorbido en FF8 (catálogo país se reutiliza)
Envío o recepción de transferencias internacionales,F26,TRANSACCIONAL,PORTUGAL,PT,1,1,6,0.06,Absorbido en FF8 (catálogo país se reutiliza)
Envío o recepción de transferencias internacionales,F26,TRANSACCIONAL,PATAU,PW,1,1,6,0.06,Absorbido en FF8 (catálogo país se reutiliza)
Envío o recepción de transferencias internacionales,F26,TRANSACCIONAL,PARAGUAY,PY,3,3,6,0.06,Absorbido en FF8 (catálogo país se reutiliza)
Envío o recepción de transferencias internacionales,F26,TRANSACCIONAL,QATAR,QA,3,3,6,0.06,Absorbido en FF8 (catálogo país se reutiliza)
Envío o recepción de transferencias internacionales,F26,TRANSACCIONAL,REUNION,RE,1,1,6,0.06,Absorbido en FF8 (catálogo país se reutiliza)
Envío o recepción de transferencias internacionales,F26,TRANSACCIONAL,RUMANIA,RO,1,1,6,0.06,Absorbido en FF8 (catálogo país se reutiliza)
Envío o recepción de transferencias internacionales,F26,TRANSACCIONAL,SERBIA,RS,2,2,6,0.06,Absorbido en FF8 (catálogo país se reutiliza)
Envío o recepción de transferencias internacionales,F26,TRANSACCIONAL,FEDERACION RUSA,RU,4,4,6,0.06,Absorbido en FF8 (catálogo país se reutiliza)
Envío o recepción de transferencias internacionales,F26,TRANSACCIONAL,RWANDA,RW,3,3,6,0.06,Absorbido en FF8 (catálogo país se reutiliza)
Envío o recepción de transferencias internacionales,F26,TRANSACCIONAL,ARABIA SAUDI,SA,3,3,6,0.06,Absorbido en FF8 (catálogo país se reutiliza)
Envío o recepción de transferencias internacionales,F26,TRANSACCIONAL,ISLAS SOLOMON,SB,3,3,6,0.06,Absorbido en FF8 (catálogo país se reutiliza)
Envío o recepción de transferencias internacionales,F26,TRANSACCIONAL,SEYCHELLES,SC,3,3,6,0.06,Absorbido en FF8 (catálogo país se reutiliza)
Envío o recepción de transferencias internacionales,F26,TRANSACCIONAL,SUDAN,SD,4,4,6,0.06,Absorbido en FF8 (catálogo país se reutiliza)
Envío o recepción de transferencias internacionales,F26,TRANSACCIONAL,SUECIA,SE,1,1,6,0.06,Absorbido en FF8 (catálogo país se reutiliza)
Envío o recepción de transferencias internacionales,F26,TRANSACCIONAL,SINGAPUR,SG,3,3,6,0.06,Absorbido en FF8 (catálogo país se reutiliza)
Envío o recepción de transferencias internacionales,F26,TRANSACCIONAL,"ST ELENA, ASCENSION",SH,1,1,6,0.06,Absorbido en FF8 (catálogo país se reutiliza)
Envío o recepción de transferencias internacionales,F26,TRANSACCIONAL,SLOVENIA,SI,1,1,6,0.06,Absorbido en FF8 (catálogo país se reutiliza)
Envío o recepción de transferencias internacionales,F26,TRANSACCIONAL,SVALBARD,SJ,1,1,6,0.06,Absorbido en FF8 (catálogo país se reutiliza)
Envío o recepción de transferencias internacionales,F26,TRANSACCIONAL,SLOVAKIA,SK,1,1,6,0.06,Absorbido en FF8 (catálogo país se reutiliza)
Envío o recepción de transferencias internacionales,F26,TRANSACCIONAL,SIERRA LEONA,SL,3,3,6,0.06,Absorbido en FF8 (catálogo país se reutiliza)
Envío o recepción de transferencias internacionales,F26,TRANSACCIONAL,SAN MARINO,SM,1,1,6,0.06,Absorbido en FF8 (catálogo país se reutiliza)
Envío o recepción de transferencias internacionales,F26,TRANSACCIONAL,SENEGAL,SN,2,2,6,0.06,Absorbido en FF8 (catálogo país se reutiliza)
Envío o recepción de transferencias internacionales,F26,TRANSACCIONAL,SOMALIA,SO,4,4,6,0.06,Absorbido en FF8 (catálogo país se reutiliza)
Envío o recepción de transferencias internacionales,F26,TRANSACCIONAL,SURINAM,SR,3,3,6,0.06,Absorbido en FF8 (catálogo país se reutiliza)
Envío o recepción de transferencias internacionales,F26,TRANSACCIONAL,SANTO TOME,ST,2,2,6,0.06,Absorbido en FF8 (catálogo país se reutiliza)
Envío o recepción de transferencias internacionales,F26,TRANSACCIONAL,EL SALVADOR,SV,3,3,6,0.06,Absorbido en FF8 (catálogo país se reutiliza)
Envío o recepción de transferencias internacionales,F26,TRANSACCIONAL,SIRIA,SY,4,4,6,0.06,Absorbido en FF8 (catálogo país se reutiliza)
Envío o recepción de transferencias internacionales,F26,TRANSACCIONAL,SWAZILANDIA,SZ,4,4,6,0.06,Absorbido en FF8 (catálogo país se reutiliza)
Envío o recepción de transferencias internacionales,F26,TRANSACCIONAL,ISLAS TURCAS Y CAICO,TC,3,3,6,0.06,Absorbido en FF8 (catálogo país se reutiliza)
Envío o recepción de transferencias internacionales,F26,TRANSACCIONAL,CHAD,TD,4,4,6,0.06,Absorbido en FF8 (catálogo país se reutiliza)
Envío o recepción de transferencias internacionales,F26,TRANSACCIONAL,TERRIT AUS FRAN,TF,1,1,6,0.06,Absorbido en FF8 (catálogo país se reutiliza)
Envío o recepción de transferencias internacionales,F26,TRANSACCIONAL,TOGO,TG,3,3,6,0.06,Absorbido en FF8 (catálogo país se reutiliza)
Envío o recepción de transferencias internacionales,F26,TRANSACCIONAL,TAILANDIA,TH,3,3,6,0.06,Absorbido en FF8 (catálogo país se reutiliza)
Envío o recepción de transferencias internacionales,F26,TRANSACCIONAL,TAJIKISTAN,TJ,3,3,6,0.06,Absorbido en FF8 (catálogo país se reutiliza)
Envío o recepción de transferencias internacionales,F26,TRANSACCIONAL,TOKELAU,TK,1,1,6,0.06,Absorbido en FF8 (catálogo país se reutiliza)
Envío o recepción de transferencias internacionales,F26,TRANSACCIONAL,TIMOR ORIENTAL,TL,3,3,6,0.06,Absorbido en FF8 (catálogo país se reutiliza)
Envío o recepción de transferencias internacionales,F26,TRANSACCIONAL,TURKMENISTAN,TM,4,4,6,0.06,Absorbido en FF8 (catálogo país se reutiliza)
Envío o recepción de transferencias internacionales,F26,TRANSACCIONAL,TUNEZ,TN,2,2,6,0.06,Absorbido en FF8 (catálogo país se reutiliza)
Envío o recepción de transferencias internacionales,F26,TRANSACCIONAL,TONGA,TO,3,3,6,0.06,Absorbido en FF8 (catálogo país se reutiliza)
Envío o recepción de transferencias internacionales,F26,TRANSACCIONAL,TIMOR,TP,3,3,6,0.06,Absorbido en FF8 (catálogo país se reutiliza)
Envío o recepción de transferencias internacionales,F26,TRANSACCIONAL,TURQUIA,TR,3,3,6,0.06,Absorbido en FF8 (catálogo país se reutiliza)
Envío o recepción de transferencias internacionales,F26,TRANSACCIONAL,TRIESTE ITALIA,TS,1,1,6,0.06,Absorbido en FF8 (catálogo país se reutiliza)
Envío o recepción de transferencias internacionales,F26,TRANSACCIONAL,TRINIDAD TOBAGO,TT,3,3,6,0.06,Absorbido en FF8 (catálogo país se reutiliza)
Envío o recepción de transferencias internacionales,F26,TRANSACCIONAL,TUVALU,TV,1,1,6,0.06,Absorbido en FF8 (catálogo país se reutiliza)
Envío o recepción de transferencias internacionales,F26,TRANSACCIONAL,TAIWAN,TW,1,1,6,0.06,Absorbido en FF8 (catálogo país se reutiliza)
Envío o recepción de transferencias internacionales,F26,TRANSACCIONAL,TANZANIA,TZ,3,3,6,0.06,Absorbido en FF8 (catálogo país se reutiliza)
Envío o recepción de transferencias internacionales,F26,TRANSACCIONAL,UCRANIA,UA,2,2,6,0.06,Absorbido en FF8 (catálogo país se reutiliza)
Envío o recepción de transferencias internacionales,F26,TRANSACCIONAL,UGANDA,UG,3,3,6,0.06,Absorbido en FF8 (catálogo país se reutiliza)
Envío o recepción de transferencias internacionales,F26,TRANSACCIONAL,REINO UNIDO,UK,1,1,6,0.06,Absorbido en FF8 (catálogo país se reutiliza)
Envío o recepción de transferencias internacionales,F26,TRANSACCIONAL,ISLAS REMOT. US,UM,1,1,6,0.06,Absorbido en FF8 (catálogo país se reutiliza)
Envío o recepción de transferencias internacionales,F26,TRANSACCIONAL,ESTADOS UNIDOS DE AM,US,1,1,6,0.06,Absorbido en FF8 (catálogo país se reutiliza)
Envío o recepción de transferencias internacionales,F26,TRANSACCIONAL,URUGUAY,UY,1,1,6,0.06,Absorbido en FF8 (catálogo país se reutiliza)
Envío o recepción de transferencias internacionales,F26,TRANSACCIONAL,UZBEKISTAN,UZ,2,2,6,0.06,Absorbido en FF8 (catálogo país se reutiliza)
Envío o recepción de transferencias internacionales,F26,TRANSACCIONAL,ISLA DE MARGARITA,VA,1,1,6,0.06,Absorbido en FF8 (catálogo país se reutiliza)
Envío o recepción de transferencias internacionales,F26,TRANSACCIONAL,SAN VINCENTE Y LAS G,VC,3,3,6,0.06,Absorbido en FF8 (catálogo país se reutiliza)
Envío o recepción de transferencias internacionales,F26,TRANSACCIONAL,VENEZUELA,VE,4,4,6,0.06,Absorbido en FF8 (catálogo país se reutiliza)
Envío o recepción de transferencias internacionales,F26,TRANSACCIONAL,ISLAS VIRGENES DE EU,VG,3,3,6,0.06,Absorbido en FF8 (catálogo país se reutiliza)
Envío o recepción de transferencias internacionales,F26,TRANSACCIONAL,VIETNAM,VI,4,4,6,0.06,Absorbido en FF8 (catálogo país se reutiliza)
Envío o recepción de transferencias internacionales,F26,TRANSACCIONAL,VANUATU,VN,2,2,6,0.06,Absorbido en FF8 (catálogo país se reutiliza)
Envío o recepción de transferencias internacionales,F26,TRANSACCIONAL,MADEIRA,VU,3,3,6,0.06,Absorbido en FF8 (catálogo país se reutiliza)
Envío o recepción de transferencias internacionales,F26,TRANSACCIONAL,ISLA DE SAN PEDRO Y,WF,1,1,6,0.06,Absorbido en FF8 (catálogo país se reutiliza)
Envío o recepción de transferencias internacionales,F26,TRANSACCIONAL,SAMOA AMERICANA,WS,1,1,6,0.06,Absorbido en FF8 (catálogo país se reutiliza)
Envío o recepción de transferencias internacionales,F26,TRANSACCIONAL,ISLAS CANARIAS,XE,1,1,6,0.06,Absorbido en FF8 (catálogo país se reutiliza)
Envío o recepción de transferencias internacionales,F26,TRANSACCIONAL,ISLAS AZORES PORTUGA,XG,1,1,6,0.06,Absorbido en FF8 (catálogo país se reutiliza)
Envío o recepción de transferencias internacionales,F26,TRANSACCIONAL,LABUAN MALAYSIA,XS,3,3,6,0.06,Absorbido en FF8 (catálogo país se reutiliza)
Envío o recepción de transferencias internacionales,F26,TRANSACCIONAL,YEMEN,YE,4,4,6,0.06,Absorbido en FF8 (catálogo país se reutiliza)
Envío o recepción de transferencias internacionales,F26,TRANSACCIONAL,MAYOTTE,YT,1,1,6,0.06,Absorbido en FF8 (catálogo país se reutiliza)
Envío o recepción de transferencias internacionales,F26,TRANSACCIONAL,"ISLA QESHM, IRAN",YU,5,5,6,0.06,Absorbido en FF8 (catálogo país se reutiliza)
Envío o recepción de transferencias internacionales,F26,TRANSACCIONAL,SUDAFRICA,ZA,3,3,6,0.06,Absorbido en FF8 (catálogo país se reutiliza)
Envío o recepción de transferencias internacionales,F26,TRANSACCIONAL,ZAMBIA,ZM,2,2,6,0.06,Absorbido en FF8 (catálogo país se reutiliza)
Envío o recepción de transferencias internacionales,F26,TRANSACCIONAL,ZIMBABUE,ZW,4,4,6,0.06,Absorbido en FF8 (catálogo país se reutiliza)
ANTIGÜEDAD DEL CLIENTE,F3,INHERENTE,0-1 AÑOS,1,5,5,3,0.03,V2 — antigüedad de la relación
ANTIGÜEDAD DEL CLIENTE,F3,INHERENTE,2-4 AÑOS,2,3,3,3,0.03,V2 — antigüedad de la relación
ANTIGÜEDAD DEL CLIENTE,F3,INHERENTE,5 EN ADELANTE,3,1,1,3,0.03,V2 — antigüedad de la relación
PAIS DE NACIMIENTO ,F4,INHERENTE,ANDORRA,AD,1,1,3,0.03,SÍ — integrante
PAIS DE NACIMIENTO ,F4,INHERENTE,EMIRATOS ARABES UNID,AE,3,3,3,0.03,SÍ — integrante
PAIS DE NACIMIENTO ,F4,INHERENTE,AFGANISTAN (GFG),AF,4,4,3,0.03,SÍ — integrante
PAIS DE NACIMIENTO ,F4,INHERENTE,ANTIGUA Y BARBUDA,AG,3,3,3,0.03,SÍ — integrante
PAIS DE NACIMIENTO ,F4,INHERENTE,ANGUILA,AI,3,3,3,0.03,SÍ — integrante
PAIS DE NACIMIENTO ,F4,INHERENTE,ALBANIA,AL,2,2,3,0.03,SÍ — integrante
PAIS DE NACIMIENTO ,F4,INHERENTE,ARMENIA,AM,2,2,3,0.03,SÍ — integrante
PAIS DE NACIMIENTO ,F4,INHERENTE,ANTILLAS NEERLANDESA,AN,3,3,3,0.03,SÍ — integrante
PAIS DE NACIMIENTO ,F4,INHERENTE,ANGOLA,AO,4,4,3,0.03,SÍ — integrante
PAIS DE NACIMIENTO ,F4,INHERENTE,ANTARTICA,AQ,1,1,3,0.03,SÍ — integrante
PAIS DE NACIMIENTO ,F4,INHERENTE,ARGENTINA,AR,2,2,3,0.03,SÍ — integrante
PAIS DE NACIMIENTO ,F4,INHERENTE,SAMOA,AS,1,1,3,0.03,SÍ — integrante
PAIS DE NACIMIENTO ,F4,INHERENTE,AUSTRIA,AT,1,1,3,0.03,SÍ — integrante
PAIS DE NACIMIENTO ,F4,INHERENTE,AUSTRALIA,AU,1,1,3,0.03,SÍ — integrante
PAIS DE NACIMIENTO ,F4,INHERENTE,ARUBA,AW,3,3,3,0.03,SÍ — integrante
PAIS DE NACIMIENTO ,F4,INHERENTE,ALAND,AX,1,1,3,0.03,SÍ — integrante
PAIS DE NACIMIENTO ,F4,INHERENTE,AZERBAIJAN,AZ,3,3,3,0.03,SÍ — integrante
PAIS DE NACIMIENTO ,F4,INHERENTE,BOSNIE-HERZ,BA,2,2,3,0.03,SÍ — integrante
PAIS DE NACIMIENTO ,F4,INHERENTE,BARBADOS,BB,3,3,3,0.03,SÍ — integrante
PAIS DE NACIMIENTO ,F4,INHERENTE,BANGLADESH,BD,3,3,3,0.03,SÍ — integrante
PAIS DE NACIMIENTO ,F4,INHERENTE,BELGICA,BE,1,1,3,0.03,SÍ — integrante
PAIS DE NACIMIENTO ,F4,INHERENTE,BURKINA FASO,BF,3,3,3,0.03,SÍ — integrante
PAIS DE NACIMIENTO ,F4,INHERENTE,BULGARIA,BG,4,4,3,0.03,SÍ — integrante
PAIS DE NACIMIENTO ,F4,INHERENTE,BAHREIN,BH,3,3,3,0.03,SÍ — integrante
PAIS DE NACIMIENTO ,F4,INHERENTE,BURUNDI,BI,4,4,3,0.03,SÍ — integrante
PAIS DE NACIMIENTO ,F4,INHERENTE,BENIN,BJ,3,3,3,0.03,SÍ — integrante
PAIS DE NACIMIENTO ,F4,INHERENTE,SAN BARTOLOME,BL,1,1,3,0.03,SÍ — integrante
PAIS DE NACIMIENTO ,F4,INHERENTE,BERMUDAS,BM,3,3,3,0.03,SÍ — integrante
PAIS DE NACIMIENTO ,F4,INHERENTE,BRUNEI,BN,3,3,3,0.03,SÍ — integrante
PAIS DE NACIMIENTO ,F4,INHERENTE,BOLIVIA,BO,4,4,3,0.03,SÍ — integrante
PAIS DE NACIMIENTO ,F4,INHERENTE,BRASIL,BR,2,2,3,0.03,SÍ — integrante
PAIS DE NACIMIENTO ,F4,INHERENTE,BAHAMAS,BS,3,3,3,0.03,SÍ — integrante
PAIS DE NACIMIENTO ,F4,INHERENTE,BHUTAN,BT,1,1,3,0.03,SÍ — integrante
PAIS DE NACIMIENTO ,F4,INHERENTE,ISLA BOUVET,BV,1,1,3,0.03,SÍ — integrante
PAIS DE NACIMIENTO ,F4,INHERENTE,BOTSWANA,BW,1,1,3,0.03,SÍ — integrante
PAIS DE NACIMIENTO ,F4,INHERENTE,BELARUS,BY,4,4,3,0.03,SÍ — integrante
PAIS DE NACIMIENTO ,F4,INHERENTE,BELICE,BZ,3,3,3,0.03,SÍ — integrante
PAIS DE NACIMIENTO ,F4,INHERENTE,CANADA,CA,1,1,3,0.03,SÍ — integrante
PAIS DE NACIMIENTO ,F4,INHERENTE,ISLAS COCOS O KELLIN,CC,1,1,3,0.03,SÍ — integrante
PAIS DE NACIMIENTO ,F4,INHERENTE,REP. DE CONGO,CD,4,4,3,0.03,SÍ — integrante
PAIS DE NACIMIENTO ,F4,INHERENTE,CENT AFR,CF,4,4,3,0.03,SÍ — integrante
PAIS DE NACIMIENTO ,F4,INHERENTE,CONGO,CG,4,4,3,0.03,SÍ — integrante
PAIS DE NACIMIENTO ,F4,INHERENTE,SUIZA,CH,1,1,3,0.03,SÍ — integrante
PAIS DE NACIMIENTO ,F4,INHERENTE,COSTA DE MARFIL,CI,4,4,3,0.03,SÍ — integrante
PAIS DE NACIMIENTO ,F4,INHERENTE,ISLAS COOK,CK,3,3,3,0.03,SÍ — integrante
PAIS DE NACIMIENTO ,F4,INHERENTE,CHILE,CL,1,1,3,0.03,SÍ — integrante
PAIS DE NACIMIENTO ,F4,INHERENTE,CAMERUN,CM,4,4,3,0.03,SÍ — integrante
PAIS DE NACIMIENTO ,F4,INHERENTE,CHINA,CN,4,4,3,0.03,SÍ — integrante
PAIS DE NACIMIENTO ,F4,INHERENTE,COLOMBIA,CO,2,2,3,0.03,SÍ — integrante
PAIS DE NACIMIENTO ,F4,INHERENTE,COSTA RICA,CR,1,1,3,0.03,SÍ — integrante
PAIS DE NACIMIENTO ,F4,INHERENTE,CUBA,CU,4,4,3,0.03,SÍ — integrante
PAIS DE NACIMIENTO ,F4,INHERENTE,CABO VERDE,CV,2,2,3,0.03,SÍ — integrante
PAIS DE NACIMIENTO ,F4,INHERENTE,CURACAO,CW,3,3,3,0.03,SÍ — integrante
PAIS DE NACIMIENTO ,F4,INHERENTE,ISLA CHRISTMAS,CX,1,1,3,0.03,SÍ — integrante
PAIS DE NACIMIENTO ,F4,INHERENTE,CHIPRE,CY,1,1,3,0.03,SÍ — integrante
PAIS DE NACIMIENTO ,F4,INHERENTE,"REP CHECA, OSTRAVA",CZ,1,1,3,0.03,SÍ — integrante
PAIS DE NACIMIENTO ,F4,INHERENTE,ALEMANIA,DE,1,1,3,0.03,SÍ — integrante
PAIS DE NACIMIENTO ,F4,INHERENTE,DJIBOUTI,DJ,4,4,3,0.03,SÍ — integrante
PAIS DE NACIMIENTO ,F4,INHERENTE,DINAMARCA,DK,1,1,3,0.03,SÍ — integrante
PAIS DE NACIMIENTO ,F4,INHERENTE,DOMINICA,DM,3,3,3,0.03,SÍ — integrante
PAIS DE NACIMIENTO ,F4,INHERENTE,DOMINICANA,DO,2,2,3,0.03,SÍ — integrante
PAIS DE NACIMIENTO ,F4,INHERENTE,ARGELIA,DZ,4,4,3,0.03,SÍ — integrante
PAIS DE NACIMIENTO ,F4,INHERENTE,ECUADOR,EC,2,2,3,0.03,SÍ — integrante
PAIS DE NACIMIENTO ,F4,INHERENTE,ESTONIA,EE,1,1,3,0.03,SÍ — integrante
PAIS DE NACIMIENTO ,F4,INHERENTE,EGIPTO,EG,2,2,3,0.03,SÍ — integrante
PAIS DE NACIMIENTO ,F4,INHERENTE,SAHARA OCCIDENT,EH,1,1,3,0.03,SÍ — integrante
PAIS DE NACIMIENTO ,F4,INHERENTE,ERITREA,ER,4,4,3,0.03,SÍ — integrante
PAIS DE NACIMIENTO ,F4,INHERENTE,ESPANA,ES,1,1,3,0.03,SÍ — integrante
PAIS DE NACIMIENTO ,F4,INHERENTE,ETIOPIA,ET,3,3,3,0.03,SÍ — integrante
PAIS DE NACIMIENTO ,F4,INHERENTE,PAIES EUR,EU,1,1,3,0.03,SÍ — integrante
PAIS DE NACIMIENTO ,F4,INHERENTE,FINLANDIA,FI,1,1,3,0.03,SÍ — integrante
PAIS DE NACIMIENTO ,F4,INHERENTE,ISLAS FIDJI,FJ,1,1,3,0.03,SÍ — integrante
PAIS DE NACIMIENTO ,F4,INHERENTE,ISLAS MALVINAS,FK,1,1,3,0.03,SÍ — integrante
PAIS DE NACIMIENTO ,F4,INHERENTE,MICRONESIA,FM,1,1,3,0.03,SÍ — integrante
PAIS DE NACIMIENTO ,F4,INHERENTE,ISLAS PACIFICO,FO,1,1,3,0.03,SÍ — integrante
PAIS DE NACIMIENTO ,F4,INHERENTE,FRANCIA,FR,1,1,3,0.03,SÍ — integrante
PAIS DE NACIMIENTO ,F4,INHERENTE,GABON,GA,4,4,3,0.03,SÍ — integrante
PAIS DE NACIMIENTO ,F4,INHERENTE,GRAN BRETANA,GB,1,1,3,0.03,SÍ — integrante
PAIS DE NACIMIENTO ,F4,INHERENTE,GIBRALTAR,GC,1,1,3,0.03,SÍ — integrante
PAIS DE NACIMIENTO ,F4,INHERENTE,GRANADA,GD,3,3,3,0.03,SÍ — integrante
PAIS DE NACIMIENTO ,F4,INHERENTE,GEORGIA,GE,1,1,3,0.03,SÍ — integrante
PAIS DE NACIMIENTO ,F4,INHERENTE,GUYANA FRANCESA,GF,1,1,3,0.03,SÍ — integrante
PAIS DE NACIMIENTO ,F4,INHERENTE,ISLAS CHANNEL,GG,1,1,3,0.03,SÍ — integrante
PAIS DE NACIMIENTO ,F4,INHERENTE,GHANA,GH,2,2,3,0.03,SÍ — integrante
PAIS DE NACIMIENTO ,F4,INHERENTE,GUERNESEY,GI,1,1,3,0.03,SÍ — integrante
PAIS DE NACIMIENTO ,F4,INHERENTE,GROENLANDIA,GL,1,1,3,0.03,SÍ — integrante
PAIS DE NACIMIENTO ,F4,INHERENTE,GAMBIA,GM,3,3,3,0.03,SÍ — integrante
PAIS DE NACIMIENTO ,F4,INHERENTE,GUINEA,GN,3,3,3,0.03,SÍ — integrante
PAIS DE NACIMIENTO ,F4,INHERENTE,GUADALUPE,GP,1,1,3,0.03,SÍ — integrante
PAIS DE NACIMIENTO ,F4,INHERENTE,GUINEA ECU.,GQ,4,4,3,0.03,SÍ — integrante
PAIS DE NACIMIENTO ,F4,INHERENTE,GRECIA,GR,1,1,3,0.03,SÍ — integrante
PAIS DE NACIMIENTO ,F4,INHERENTE,ISLAS GEORGIA,GS,1,1,3,0.03,SÍ — integrante
PAIS DE NACIMIENTO ,F4,INHERENTE,GUATEMALA,GT,3,3,3,0.03,SÍ — integrante
PAIS DE NACIMIENTO ,F4,INHERENTE,GUAM,GU,1,1,3,0.03,SÍ — integrante
PAIS DE NACIMIENTO ,F4,INHERENTE,GUINEA-BISSAU,GW,4,4,3,0.03,SÍ — integrante
PAIS DE NACIMIENTO ,F4,INHERENTE,GUYANA,GY,2,2,3,0.03,SÍ — integrante
PAIS DE NACIMIENTO ,F4,INHERENTE,HONG KONG,HK,3,3,3,0.03,SÍ — integrante
PAIS DE NACIMIENTO ,F4,INHERENTE,HEARD .MCDONALD,HM,1,1,3,0.03,SÍ — integrante
PAIS DE NACIMIENTO ,F4,INHERENTE,HONDURAS,HN,3,3,3,0.03,SÍ — integrante
PAIS DE NACIMIENTO ,F4,INHERENTE,CROACIA,HR,1,1,3,0.03,SÍ — integrante
PAIS DE NACIMIENTO ,F4,INHERENTE,HAITI,HT,4,4,3,0.03,SÍ — integrante
PAIS DE NACIMIENTO ,F4,INHERENTE,HUNGRIA,HU,2,2,3,0.03,SÍ — integrante
PAIS DE NACIMIENTO ,F4,INHERENTE,ISLAS DEL CANAL,IC,1,1,3,0.03,SÍ — integrante
PAIS DE NACIMIENTO ,F4,INHERENTE,INDONESIA,ID,3,3,3,0.03,SÍ — integrante
PAIS DE NACIMIENTO ,F4,INHERENTE,IRLANDA,IE,1,1,3,0.03,SÍ — integrante
PAIS DE NACIMIENTO ,F4,INHERENTE,ISRAEL,IL,1,1,3,0.03,SÍ — integrante
PAIS DE NACIMIENTO ,F4,INHERENTE,ISLA DE MAN,IM,1,1,3,0.03,SÍ — integrante
PAIS DE NACIMIENTO ,F4,INHERENTE,INDIA,IN,3,3,3,0.03,SÍ — integrante
PAIS DE NACIMIENTO ,F4,INHERENTE,TERRITORIO BRIT,IO,1,1,3,0.03,SÍ — integrante
PAIS DE NACIMIENTO ,F4,INHERENTE,IRAK (GFG),IQ,3,3,3,0.03,SÍ — integrante
PAIS DE NACIMIENTO ,F4,INHERENTE,IRAN,IR,5,5,3,0.03,SÍ — integrante
PAIS DE NACIMIENTO ,F4,INHERENTE,ISLANDIA,IS,1,1,3,0.03,SÍ — integrante
PAIS DE NACIMIENTO ,F4,INHERENTE,ITALIA,IT,1,1,3,0.03,SÍ — integrante
PAIS DE NACIMIENTO ,F4,INHERENTE,ISLAS VIRGENES BRITA,IV,4,4,3,0.03,SÍ — integrante
PAIS DE NACIMIENTO ,F4,INHERENTE,ISLA DE JERSEY,JE,1,1,3,0.03,SÍ — integrante
PAIS DE NACIMIENTO ,F4,INHERENTE,JAMAICA,JM,3,3,3,0.03,SÍ — integrante
PAIS DE NACIMIENTO ,F4,INHERENTE,JORDANIA,JO,2,2,3,0.03,SÍ — integrante
PAIS DE NACIMIENTO ,F4,INHERENTE,JAPON,JP,1,1,3,0.03,SÍ — integrante
PAIS DE NACIMIENTO ,F4,INHERENTE,KENYA,KE,4,4,3,0.03,SÍ — integrante
PAIS DE NACIMIENTO ,F4,INHERENTE,KYRGYZSTAN,KG,3,3,3,0.03,SÍ — integrante
PAIS DE NACIMIENTO ,F4,INHERENTE,CAMBOYA,KH,4,4,3,0.03,SÍ — integrante
PAIS DE NACIMIENTO ,F4,INHERENTE,KIRIBATI,KI,1,1,3,0.03,SÍ — integrante
PAIS DE NACIMIENTO ,F4,INHERENTE,COMORES,KM,4,4,3,0.03,SÍ — integrante
PAIS DE NACIMIENTO ,F4,INHERENTE,SAINT KITTS AND NEVI,KN,3,3,3,0.03,SÍ — integrante
PAIS DE NACIMIENTO ,F4,INHERENTE,COREA DEL NORTE,KP,5,5,3,0.03,SÍ — integrante
PAIS DE NACIMIENTO ,F4,INHERENTE,COREA DEL SUR,KR,1,1,3,0.03,SÍ — integrante
PAIS DE NACIMIENTO ,F4,INHERENTE,KUWAIT,KW,4,4,3,0.03,SÍ — integrante
PAIS DE NACIMIENTO ,F4,INHERENTE,ISLAS CAIMAN,KY,3,3,3,0.03,SÍ — integrante
PAIS DE NACIMIENTO ,F4,INHERENTE,KAZAKSTAN,KZ,2,2,3,0.03,SÍ — integrante
PAIS DE NACIMIENTO ,F4,INHERENTE,LAOS,LA,4,4,3,0.03,SÍ — integrante
PAIS DE NACIMIENTO ,F4,INHERENTE,LIBANO,LB,4,4,3,0.03,SÍ — integrante
PAIS DE NACIMIENTO ,F4,INHERENTE,SANTA LUCIA,LC,3,3,3,0.03,SÍ — integrante
PAIS DE NACIMIENTO ,F4,INHERENTE,LIECHTENSTEIN,LI,3,3,3,0.03,SÍ — integrante
PAIS DE NACIMIENTO ,F4,INHERENTE,SRI LANKA,LK,2,2,3,0.03,SÍ — integrante
PAIS DE NACIMIENTO ,F4,INHERENTE,LIBERIA,LR,3,3,3,0.03,SÍ — integrante
PAIS DE NACIMIENTO ,F4,INHERENTE,LESOTHO,LS,3,3,3,0.03,SÍ — integrante
PAIS DE NACIMIENTO ,F4,INHERENTE,LITUANIA,LT,1,1,3,0.03,SÍ — integrante
PAIS DE NACIMIENTO ,F4,INHERENTE,LUXEMBURGO,LU,3,3,3,0.03,SÍ — integrante
PAIS DE NACIMIENTO ,F4,INHERENTE,LATVIA,LV,1,1,3,0.03,SÍ — integrante
PAIS DE NACIMIENTO ,F4,INHERENTE,LIBIA,LY,4,4,3,0.03,SÍ — integrante
PAIS DE NACIMIENTO ,F4,INHERENTE,MARRUECOS,MA,2,2,3,0.03,SÍ — integrante
PAIS DE NACIMIENTO ,F4,INHERENTE,MONACO,MC,4,4,3,0.03,SÍ — integrante
PAIS DE NACIMIENTO ,F4,INHERENTE,"MOLDAVIA, REP.",MD,2,2,3,0.03,SÍ — integrante
PAIS DE NACIMIENTO ,F4,INHERENTE,MONTENEGRO,ME,2,2,3,0.03,SÍ — integrante
PAIS DE NACIMIENTO ,F4,INHERENTE,SAN MARTIN,MF,1,1,3,0.03,SÍ — integrante
PAIS DE NACIMIENTO ,F4,INHERENTE,MADAGASCAR,MG,4,4,3,0.03,SÍ — integrante
PAIS DE NACIMIENTO ,F4,INHERENTE,ISLAS MARSHALL,MH,3,3,3,0.03,SÍ — integrante
PAIS DE NACIMIENTO ,F4,INHERENTE,MACEDONIA,MK,2,2,3,0.03,SÍ — integrante
PAIS DE NACIMIENTO ,F4,INHERENTE,MALI,ML,3,3,3,0.03,SÍ — integrante
PAIS DE NACIMIENTO ,F4,INHERENTE,MYANMAR,MM,5,5,3,0.03,SÍ — integrante
PAIS DE NACIMIENTO ,F4,INHERENTE,MONGOLIA,MN,2,2,3,0.03,SÍ — integrante
PAIS DE NACIMIENTO ,F4,INHERENTE,MACAO,MO,3,3,3,0.03,SÍ — integrante
PAIS DE NACIMIENTO ,F4,INHERENTE,ISLAS MARIANAS,MP,1,1,3,0.03,SÍ — integrante
PAIS DE NACIMIENTO ,F4,INHERENTE,MARTINICA,MQ,1,1,3,0.03,SÍ — integrante
PAIS DE NACIMIENTO ,F4,INHERENTE,MAURITANIA,MR,3,3,3,0.03,SÍ — integrante
PAIS DE NACIMIENTO ,F4,INHERENTE,MONTSERRAT,MS,1,1,3,0.03,SÍ — integrante
PAIS DE NACIMIENTO ,F4,INHERENTE,MALTA,MT,2,2,3,0.03,SÍ — integrante
PAIS DE NACIMIENTO ,F4,INHERENTE,MAURICIO,MU,3,3,3,0.03,SÍ — integrante
PAIS DE NACIMIENTO ,F4,INHERENTE,MALDIVAS,MV,2,2,3,0.03,SÍ — integrante
PAIS DE NACIMIENTO ,F4,INHERENTE,MALAWI,MW,3,3,3,0.03,SÍ — integrante
PAIS DE NACIMIENTO ,F4,INHERENTE,MEXICO,MX,3,3,3,0.03,SÍ — integrante
PAIS DE NACIMIENTO ,F4,INHERENTE,"MALAYSIA, LABUAN",MY,3,3,3,0.03,SÍ — integrante
PAIS DE NACIMIENTO ,F4,INHERENTE,MOZAMBIQUE,MZ,3,3,3,0.03,SÍ — integrante
PAIS DE NACIMIENTO ,F4,INHERENTE,NAMIBIA,NA,4,4,3,0.03,SÍ — integrante
PAIS DE NACIMIENTO ,F4,INHERENTE,NUEVA CALEDONIA,NC,1,1,3,0.03,SÍ — integrante
PAIS DE NACIMIENTO ,F4,INHERENTE,NIGER,NE,4,4,3,0.03,SÍ — integrante
PAIS DE NACIMIENTO ,F4,INHERENTE,ISLA DE NORFOLK,NF,1,1,3,0.03,SÍ — integrante
PAIS DE NACIMIENTO ,F4,INHERENTE,NIGERIA,NG,3,3,3,0.03,SÍ — integrante
PAIS DE NACIMIENTO ,F4,INHERENTE,NICARAGUA,NI,4,4,3,0.03,SÍ — integrante
PAIS DE NACIMIENTO ,F4,INHERENTE,PAISES BAJOS,NL,1,1,3,0.03,SÍ — integrante
PAIS DE NACIMIENTO ,F4,INHERENTE,NORUEGA,NO,1,1,3,0.03,SÍ — integrante
PAIS DE NACIMIENTO ,F4,INHERENTE,NEPAL,NP,4,4,3,0.03,SÍ — integrante
PAIS DE NACIMIENTO ,F4,INHERENTE,NAURU,NR,3,3,3,0.03,SÍ — integrante
PAIS DE NACIMIENTO ,F4,INHERENTE,NIUE,NU,1,1,3,0.03,SÍ — integrante
PAIS DE NACIMIENTO ,F4,INHERENTE,NIEVES,NV,3,3,3,0.03,SÍ — integrante
PAIS DE NACIMIENTO ,F4,INHERENTE,NUEVA ZELANDIA,NZ,1,1,3,0.03,SÍ — integrante
PAIS DE NACIMIENTO ,F4,INHERENTE,OMAN,OM,3,3,3,0.03,SÍ — integrante
PAIS DE NACIMIENTO ,F4,INHERENTE,PANAMA,PA,3,3,3,0.03,SÍ — integrante
PAIS DE NACIMIENTO ,F4,INHERENTE,PERU,PE,2,2,3,0.03,SÍ — integrante
PAIS DE NACIMIENTO ,F4,INHERENTE,POLINESIA FRANCESA,PF,3,3,3,0.03,SÍ — integrante
PAIS DE NACIMIENTO ,F4,INHERENTE,PAP NUEVA GUINE,PG,4,4,3,0.03,SÍ — integrante
PAIS DE NACIMIENTO ,F4,INHERENTE,FILIPINAS,PH,2,2,3,0.03,SÍ — integrante
PAIS DE NACIMIENTO ,F4,INHERENTE,PAKISTAN,PK,3,3,3,0.03,SÍ — integrante
PAIS DE NACIMIENTO ,F4,INHERENTE,POLONIA,PL,1,1,3,0.03,SÍ — integrante
PAIS DE NACIMIENTO ,F4,INHERENTE,SAN PEDRO,PM,1,1,3,0.03,SÍ — integrante
PAIS DE NACIMIENTO ,F4,INHERENTE,PITCAIRN,PN,1,1,3,0.03,SÍ — integrante
PAIS DE NACIMIENTO ,F4,INHERENTE,PUERTO RICO,PR,1,1,3,0.03,SÍ — integrante
PAIS DE NACIMIENTO ,F4,INHERENTE,TERRITORIOS PALESTIN,PS,4,4,3,0.03,SÍ — integrante
PAIS DE NACIMIENTO ,F4,INHERENTE,PORTUGAL,PT,1,1,3,0.03,SÍ — integrante
PAIS DE NACIMIENTO ,F4,INHERENTE,PATAU,PW,1,1,3,0.03,SÍ — integrante
PAIS DE NACIMIENTO ,F4,INHERENTE,PARAGUAY,PY,3,3,3,0.03,SÍ — integrante
PAIS DE NACIMIENTO ,F4,INHERENTE,QATAR,QA,3,3,3,0.03,SÍ — integrante
PAIS DE NACIMIENTO ,F4,INHERENTE,REUNION,RE,1,1,3,0.03,SÍ — integrante
PAIS DE NACIMIENTO ,F4,INHERENTE,RUMANIA,RO,1,1,3,0.03,SÍ — integrante
PAIS DE NACIMIENTO ,F4,INHERENTE,SERBIA,RS,2,2,3,0.03,SÍ — integrante
PAIS DE NACIMIENTO ,F4,INHERENTE,FEDERACION RUSA,RU,4,4,3,0.03,SÍ — integrante
PAIS DE NACIMIENTO ,F4,INHERENTE,RWANDA,RW,3,3,3,0.03,SÍ — integrante
PAIS DE NACIMIENTO ,F4,INHERENTE,ARABIA SAUDI,SA,3,3,3,0.03,SÍ — integrante
PAIS DE NACIMIENTO ,F4,INHERENTE,ISLAS SOLOMON,SB,3,3,3,0.03,SÍ — integrante
PAIS DE NACIMIENTO ,F4,INHERENTE,SEYCHELLES,SC,3,3,3,0.03,SÍ — integrante
PAIS DE NACIMIENTO ,F4,INHERENTE,SUDAN,SD,4,4,3,0.03,SÍ — integrante
PAIS DE NACIMIENTO ,F4,INHERENTE,SUECIA,SE,1,1,3,0.03,SÍ — integrante
PAIS DE NACIMIENTO ,F4,INHERENTE,SINGAPUR,SG,3,3,3,0.03,SÍ — integrante
PAIS DE NACIMIENTO ,F4,INHERENTE,"ST ELENA, ASCENSION",SH,1,1,3,0.03,SÍ — integrante
PAIS DE NACIMIENTO ,F4,INHERENTE,SLOVENIA,SI,1,1,3,0.03,SÍ — integrante
PAIS DE NACIMIENTO ,F4,INHERENTE,SVALBARD,SJ,1,1,3,0.03,SÍ — integrante
PAIS DE NACIMIENTO ,F4,INHERENTE,SLOVAKIA,SK,1,1,3,0.03,SÍ — integrante
PAIS DE NACIMIENTO ,F4,INHERENTE,SIERRA LEONA,SL,3,3,3,0.03,SÍ — integrante
PAIS DE NACIMIENTO ,F4,INHERENTE,SAN MARINO,SM,1,1,3,0.03,SÍ — integrante
PAIS DE NACIMIENTO ,F4,INHERENTE,SENEGAL,SN,2,2,3,0.03,SÍ — integrante
PAIS DE NACIMIENTO ,F4,INHERENTE,SOMALIA,SO,4,4,3,0.03,SÍ — integrante
PAIS DE NACIMIENTO ,F4,INHERENTE,SURINAM,SR,3,3,3,0.03,SÍ — integrante
PAIS DE NACIMIENTO ,F4,INHERENTE,SANTO TOME,ST,2,2,3,0.03,SÍ — integrante
PAIS DE NACIMIENTO ,F4,INHERENTE,EL SALVADOR,SV,3,3,3,0.03,SÍ — integrante
PAIS DE NACIMIENTO ,F4,INHERENTE,SIRIA,SY,4,4,3,0.03,SÍ — integrante
PAIS DE NACIMIENTO ,F4,INHERENTE,SWAZILANDIA,SZ,4,4,3,0.03,SÍ — integrante
PAIS DE NACIMIENTO ,F4,INHERENTE,ISLAS TURCAS Y CAICO,TC,3,3,3,0.03,SÍ — integrante
PAIS DE NACIMIENTO ,F4,INHERENTE,CHAD,TD,4,4,3,0.03,SÍ — integrante
PAIS DE NACIMIENTO ,F4,INHERENTE,TERRIT AUS FRAN,TF,1,1,3,0.03,SÍ — integrante
PAIS DE NACIMIENTO ,F4,INHERENTE,TOGO,TG,3,3,3,0.03,SÍ — integrante
PAIS DE NACIMIENTO ,F4,INHERENTE,TAILANDIA,TH,3,3,3,0.03,SÍ — integrante
PAIS DE NACIMIENTO ,F4,INHERENTE,TAJIKISTAN,TJ,3,3,3,0.03,SÍ — integrante
PAIS DE NACIMIENTO ,F4,INHERENTE,TOKELAU,TK,1,1,3,0.03,SÍ — integrante
PAIS DE NACIMIENTO ,F4,INHERENTE,TIMOR ORIENTAL,TL,3,3,3,0.03,SÍ — integrante
PAIS DE NACIMIENTO ,F4,INHERENTE,TURKMENISTAN,TM,4,4,3,0.03,SÍ — integrante
PAIS DE NACIMIENTO ,F4,INHERENTE,TUNEZ,TN,2,2,3,0.03,SÍ — integrante
PAIS DE NACIMIENTO ,F4,INHERENTE,TONGA,TO,3,3,3,0.03,SÍ — integrante
PAIS DE NACIMIENTO ,F4,INHERENTE,TIMOR,TP,3,3,3,0.03,SÍ — integrante
PAIS DE NACIMIENTO ,F4,INHERENTE,TURQUIA,TR,3,3,3,0.03,SÍ — integrante
PAIS DE NACIMIENTO ,F4,INHERENTE,TRIESTE ITALIA,TS,1,1,3,0.03,SÍ — integrante
PAIS DE NACIMIENTO ,F4,INHERENTE,TRINIDAD TOBAGO,TT,3,3,3,0.03,SÍ — integrante
PAIS DE NACIMIENTO ,F4,INHERENTE,TUVALU,TV,1,1,3,0.03,SÍ — integrante
PAIS DE NACIMIENTO ,F4,INHERENTE,TAIWAN,TW,1,1,3,0.03,SÍ — integrante
PAIS DE NACIMIENTO ,F4,INHERENTE,TANZANIA,TZ,3,3,3,0.03,SÍ — integrante
PAIS DE NACIMIENTO ,F4,INHERENTE,UCRANIA,UA,2,2,3,0.03,SÍ — integrante
PAIS DE NACIMIENTO ,F4,INHERENTE,UGANDA,UG,3,3,3,0.03,SÍ — integrante
PAIS DE NACIMIENTO ,F4,INHERENTE,REINO UNIDO,UK,1,1,3,0.03,SÍ — integrante
PAIS DE NACIMIENTO ,F4,INHERENTE,ISLAS REMOT. US,UM,1,1,3,0.03,SÍ — integrante
PAIS DE NACIMIENTO ,F4,INHERENTE,ESTADOS UNIDOS DE AM,US,1,1,3,0.03,SÍ — integrante
PAIS DE NACIMIENTO ,F4,INHERENTE,URUGUAY,UY,1,1,3,0.03,SÍ — integrante
PAIS DE NACIMIENTO ,F4,INHERENTE,UZBEKISTAN,UZ,2,2,3,0.03,SÍ — integrante
PAIS DE NACIMIENTO ,F4,INHERENTE,ISLA DE MARGARITA,VA,1,1,3,0.03,SÍ — integrante
PAIS DE NACIMIENTO ,F4,INHERENTE,SAN VINCENTE Y LAS G,VC,3,3,3,0.03,SÍ — integrante
PAIS DE NACIMIENTO ,F4,INHERENTE,VENEZUELA,VE,4,4,3,0.03,SÍ — integrante
PAIS DE NACIMIENTO ,F4,INHERENTE,ISLAS VIRGENES DE EU,VG,3,3,3,0.03,SÍ — integrante
PAIS DE NACIMIENTO ,F4,INHERENTE,VIETNAM,VI,4,4,3,0.03,SÍ — integrante
PAIS DE NACIMIENTO ,F4,INHERENTE,VANUATU,VN,2,2,3,0.03,SÍ — integrante
PAIS DE NACIMIENTO ,F4,INHERENTE,MADEIRA,VU,3,3,3,0.03,SÍ — integrante
PAIS DE NACIMIENTO ,F4,INHERENTE,ISLA DE SAN PEDRO Y,WF,1,1,3,0.03,SÍ — integrante
PAIS DE NACIMIENTO ,F4,INHERENTE,SAMOA AMERICANA,WS,1,1,3,0.03,SÍ — integrante
PAIS DE NACIMIENTO ,F4,INHERENTE,ISLAS CANARIAS,XE,1,1,3,0.03,SÍ — integrante
PAIS DE NACIMIENTO ,F4,INHERENTE,ISLAS AZORES PORTUGA,XG,1,1,3,0.03,SÍ — integrante
PAIS DE NACIMIENTO ,F4,INHERENTE,LABUAN MALAYSIA,XS,3,3,3,0.03,SÍ — integrante
PAIS DE NACIMIENTO ,F4,INHERENTE,YEMEN,YE,4,4,3,0.03,SÍ — integrante
PAIS DE NACIMIENTO ,F4,INHERENTE,MAYOTTE,YT,1,1,3,0.03,SÍ — integrante
PAIS DE NACIMIENTO ,F4,INHERENTE,"ISLA QESHM, IRAN",YU,5,5,3,0.03,SÍ — integrante
PAIS DE NACIMIENTO ,F4,INHERENTE,SUDAFRICA,ZA,3,3,3,0.03,SÍ — integrante
PAIS DE NACIMIENTO ,F4,INHERENTE,ZAMBIA,ZM,2,2,3,0.03,SÍ — integrante
PAIS DE NACIMIENTO ,F4,INHERENTE,ZIMBABUE,ZW,4,4,3,0.03,SÍ — integrante
NACIONALIDAD,F5,INHERENTE,ANDORRA,AD,1,1,4,0.04,SÍ — integrante
NACIONALIDAD,F5,INHERENTE,EMIRATOS ARABES UNID,AE,3,3,4,0.04,SÍ — integrante
NACIONALIDAD,F5,INHERENTE,AFGANISTAN (GFG),AF,4,4,4,0.04,SÍ — integrante
NACIONALIDAD,F5,INHERENTE,ANTIGUA Y BARBUDA,AG,3,3,4,0.04,SÍ — integrante
NACIONALIDAD,F5,INHERENTE,ANGUILA,AI,3,3,4,0.04,SÍ — integrante
NACIONALIDAD,F5,INHERENTE,ALBANIA,AL,2,2,4,0.04,SÍ — integrante
NACIONALIDAD,F5,INHERENTE,ARMENIA,AM,2,2,4,0.04,SÍ — integrante
NACIONALIDAD,F5,INHERENTE,ANTILLAS NEERLANDESA,AN,3,3,4,0.04,SÍ — integrante
NACIONALIDAD,F5,INHERENTE,ANGOLA,AO,4,4,4,0.04,SÍ — integrante
NACIONALIDAD,F5,INHERENTE,ANTARTICA,AQ,1,1,4,0.04,SÍ — integrante
NACIONALIDAD,F5,INHERENTE,ARGENTINA,AR,2,2,4,0.04,SÍ — integrante
NACIONALIDAD,F5,INHERENTE,SAMOA,AS,1,1,4,0.04,SÍ — integrante
NACIONALIDAD,F5,INHERENTE,AUSTRIA,AT,1,1,4,0.04,SÍ — integrante
NACIONALIDAD,F5,INHERENTE,AUSTRALIA,AU,1,1,4,0.04,SÍ — integrante
NACIONALIDAD,F5,INHERENTE,ARUBA,AW,3,3,4,0.04,SÍ — integrante
NACIONALIDAD,F5,INHERENTE,ALAND,AX,1,1,4,0.04,SÍ — integrante
NACIONALIDAD,F5,INHERENTE,AZERBAIJAN,AZ,3,3,4,0.04,SÍ — integrante
NACIONALIDAD,F5,INHERENTE,BOSNIE-HERZ,BA,2,2,4,0.04,SÍ — integrante
NACIONALIDAD,F5,INHERENTE,BARBADOS,BB,3,3,4,0.04,SÍ — integrante
NACIONALIDAD,F5,INHERENTE,BANGLADESH,BD,3,3,4,0.04,SÍ — integrante
NACIONALIDAD,F5,INHERENTE,BELGICA,BE,1,1,4,0.04,SÍ — integrante
NACIONALIDAD,F5,INHERENTE,BURKINA FASO,BF,3,3,4,0.04,SÍ — integrante
NACIONALIDAD,F5,INHERENTE,BULGARIA,BG,4,4,4,0.04,SÍ — integrante
NACIONALIDAD,F5,INHERENTE,BAHREIN,BH,3,3,4,0.04,SÍ — integrante
NACIONALIDAD,F5,INHERENTE,BURUNDI,BI,4,4,4,0.04,SÍ — integrante
NACIONALIDAD,F5,INHERENTE,BENIN,BJ,3,3,4,0.04,SÍ — integrante
NACIONALIDAD,F5,INHERENTE,SAN BARTOLOME,BL,1,1,4,0.04,SÍ — integrante
NACIONALIDAD,F5,INHERENTE,BERMUDAS,BM,3,3,4,0.04,SÍ — integrante
NACIONALIDAD,F5,INHERENTE,BRUNEI,BN,3,3,4,0.04,SÍ — integrante
NACIONALIDAD,F5,INHERENTE,BOLIVIA,BO,4,4,4,0.04,SÍ — integrante
NACIONALIDAD,F5,INHERENTE,BRASIL,BR,2,2,4,0.04,SÍ — integrante
NACIONALIDAD,F5,INHERENTE,BAHAMAS,BS,3,3,4,0.04,SÍ — integrante
NACIONALIDAD,F5,INHERENTE,BHUTAN,BT,1,1,4,0.04,SÍ — integrante
NACIONALIDAD,F5,INHERENTE,ISLA BOUVET,BV,1,1,4,0.04,SÍ — integrante
NACIONALIDAD,F5,INHERENTE,BOTSWANA,BW,1,1,4,0.04,SÍ — integrante
NACIONALIDAD,F5,INHERENTE,BELARUS,BY,4,4,4,0.04,SÍ — integrante
NACIONALIDAD,F5,INHERENTE,BELICE,BZ,3,3,4,0.04,SÍ — integrante
NACIONALIDAD,F5,INHERENTE,CANADA,CA,1,1,4,0.04,SÍ — integrante
NACIONALIDAD,F5,INHERENTE,ISLAS COCOS O KELLIN,CC,1,1,4,0.04,SÍ — integrante
NACIONALIDAD,F5,INHERENTE,REP. DE CONGO,CD,4,4,4,0.04,SÍ — integrante
NACIONALIDAD,F5,INHERENTE,CENT AFR,CF,4,4,4,0.04,SÍ — integrante
NACIONALIDAD,F5,INHERENTE,CONGO,CG,4,4,4,0.04,SÍ — integrante
NACIONALIDAD,F5,INHERENTE,SUIZA,CH,1,1,4,0.04,SÍ — integrante
NACIONALIDAD,F5,INHERENTE,COSTA DE MARFIL,CI,4,4,4,0.04,SÍ — integrante
NACIONALIDAD,F5,INHERENTE,ISLAS COOK,CK,3,3,4,0.04,SÍ — integrante
NACIONALIDAD,F5,INHERENTE,CHILE,CL,1,1,4,0.04,SÍ — integrante
NACIONALIDAD,F5,INHERENTE,CAMERUN,CM,4,4,4,0.04,SÍ — integrante
NACIONALIDAD,F5,INHERENTE,CHINA,CN,4,4,4,0.04,SÍ — integrante
NACIONALIDAD,F5,INHERENTE,COLOMBIA,CO,2,2,4,0.04,SÍ — integrante
NACIONALIDAD,F5,INHERENTE,COSTA RICA,CR,1,1,4,0.04,SÍ — integrante
NACIONALIDAD,F5,INHERENTE,CUBA,CU,4,4,4,0.04,SÍ — integrante
NACIONALIDAD,F5,INHERENTE,CABO VERDE,CV,2,2,4,0.04,SÍ — integrante
NACIONALIDAD,F5,INHERENTE,CURACAO,CW,3,3,4,0.04,SÍ — integrante
NACIONALIDAD,F5,INHERENTE,ISLA CHRISTMAS,CX,1,1,4,0.04,SÍ — integrante
NACIONALIDAD,F5,INHERENTE,CHIPRE,CY,1,1,4,0.04,SÍ — integrante
NACIONALIDAD,F5,INHERENTE,"REP CHECA, OSTRAVA",CZ,1,1,4,0.04,SÍ — integrante
NACIONALIDAD,F5,INHERENTE,ALEMANIA,DE,1,1,4,0.04,SÍ — integrante
NACIONALIDAD,F5,INHERENTE,DJIBOUTI,DJ,4,4,4,0.04,SÍ — integrante
NACIONALIDAD,F5,INHERENTE,DINAMARCA,DK,1,1,4,0.04,SÍ — integrante
NACIONALIDAD,F5,INHERENTE,DOMINICA,DM,3,3,4,0.04,SÍ — integrante
NACIONALIDAD,F5,INHERENTE,DOMINICANA,DO,2,2,4,0.04,SÍ — integrante
NACIONALIDAD,F5,INHERENTE,ARGELIA,DZ,4,4,4,0.04,SÍ — integrante
NACIONALIDAD,F5,INHERENTE,ECUADOR,EC,2,2,4,0.04,SÍ — integrante
NACIONALIDAD,F5,INHERENTE,ESTONIA,EE,1,1,4,0.04,SÍ — integrante
NACIONALIDAD,F5,INHERENTE,EGIPTO,EG,2,2,4,0.04,SÍ — integrante
NACIONALIDAD,F5,INHERENTE,SAHARA OCCIDENT,EH,1,1,4,0.04,SÍ — integrante
NACIONALIDAD,F5,INHERENTE,ERITREA,ER,4,4,4,0.04,SÍ — integrante
NACIONALIDAD,F5,INHERENTE,ESPANA,ES,1,1,4,0.04,SÍ — integrante
NACIONALIDAD,F5,INHERENTE,ETIOPIA,ET,3,3,4,0.04,SÍ — integrante
NACIONALIDAD,F5,INHERENTE,PAIES EUR,EU,1,1,4,0.04,SÍ — integrante
NACIONALIDAD,F5,INHERENTE,FINLANDIA,FI,1,1,4,0.04,SÍ — integrante
NACIONALIDAD,F5,INHERENTE,ISLAS FIDJI,FJ,1,1,4,0.04,SÍ — integrante
NACIONALIDAD,F5,INHERENTE,ISLAS MALVINAS,FK,1,1,4,0.04,SÍ — integrante
NACIONALIDAD,F5,INHERENTE,MICRONESIA,FM,1,1,4,0.04,SÍ — integrante
NACIONALIDAD,F5,INHERENTE,ISLAS PACIFICO,FO,1,1,4,0.04,SÍ — integrante
NACIONALIDAD,F5,INHERENTE,FRANCIA,FR,1,1,4,0.04,SÍ — integrante
NACIONALIDAD,F5,INHERENTE,GABON,GA,4,4,4,0.04,SÍ — integrante
NACIONALIDAD,F5,INHERENTE,GRAN BRETANA,GB,1,1,4,0.04,SÍ — integrante
NACIONALIDAD,F5,INHERENTE,GIBRALTAR,GC,1,1,4,0.04,SÍ — integrante
NACIONALIDAD,F5,INHERENTE,GRANADA,GD,3,3,4,0.04,SÍ — integrante
NACIONALIDAD,F5,INHERENTE,GEORGIA,GE,1,1,4,0.04,SÍ — integrante
NACIONALIDAD,F5,INHERENTE,GUYANA FRANCESA,GF,1,1,4,0.04,SÍ — integrante
NACIONALIDAD,F5,INHERENTE,ISLAS CHANNEL,GG,1,1,4,0.04,SÍ — integrante
NACIONALIDAD,F5,INHERENTE,GHANA,GH,2,2,4,0.04,SÍ — integrante
NACIONALIDAD,F5,INHERENTE,GUERNESEY,GI,1,1,4,0.04,SÍ — integrante
NACIONALIDAD,F5,INHERENTE,GROENLANDIA,GL,1,1,4,0.04,SÍ — integrante
NACIONALIDAD,F5,INHERENTE,GAMBIA,GM,3,3,4,0.04,SÍ — integrante
NACIONALIDAD,F5,INHERENTE,GUINEA,GN,3,3,4,0.04,SÍ — integrante
NACIONALIDAD,F5,INHERENTE,GUADALUPE,GP,1,1,4,0.04,SÍ — integrante
NACIONALIDAD,F5,INHERENTE,GUINEA ECU.,GQ,4,4,4,0.04,SÍ — integrante
NACIONALIDAD,F5,INHERENTE,GRECIA,GR,1,1,4,0.04,SÍ — integrante
NACIONALIDAD,F5,INHERENTE,ISLAS GEORGIA,GS,1,1,4,0.04,SÍ — integrante
NACIONALIDAD,F5,INHERENTE,GUATEMALA,GT,3,3,4,0.04,SÍ — integrante
NACIONALIDAD,F5,INHERENTE,GUAM,GU,1,1,4,0.04,SÍ — integrante
NACIONALIDAD,F5,INHERENTE,GUINEA-BISSAU,GW,4,4,4,0.04,SÍ — integrante
NACIONALIDAD,F5,INHERENTE,GUYANA,GY,2,2,4,0.04,SÍ — integrante
NACIONALIDAD,F5,INHERENTE,HONG KONG,HK,3,3,4,0.04,SÍ — integrante
NACIONALIDAD,F5,INHERENTE,HEARD .MCDONALD,HM,1,1,4,0.04,SÍ — integrante
NACIONALIDAD,F5,INHERENTE,HONDURAS,HN,3,3,4,0.04,SÍ — integrante
NACIONALIDAD,F5,INHERENTE,CROACIA,HR,1,1,4,0.04,SÍ — integrante
NACIONALIDAD,F5,INHERENTE,HAITI,HT,4,4,4,0.04,SÍ — integrante
NACIONALIDAD,F5,INHERENTE,HUNGRIA,HU,2,2,4,0.04,SÍ — integrante
NACIONALIDAD,F5,INHERENTE,ISLAS DEL CANAL,IC,1,1,4,0.04,SÍ — integrante
NACIONALIDAD,F5,INHERENTE,INDONESIA,ID,3,3,4,0.04,SÍ — integrante
NACIONALIDAD,F5,INHERENTE,IRLANDA,IE,1,1,4,0.04,SÍ — integrante
NACIONALIDAD,F5,INHERENTE,ISRAEL,IL,1,1,4,0.04,SÍ — integrante
NACIONALIDAD,F5,INHERENTE,ISLA DE MAN,IM,1,1,4,0.04,SÍ — integrante
NACIONALIDAD,F5,INHERENTE,INDIA,IN,3,3,4,0.04,SÍ — integrante
NACIONALIDAD,F5,INHERENTE,TERRITORIO BRIT,IO,1,1,4,0.04,SÍ — integrante
NACIONALIDAD,F5,INHERENTE,IRAK (GFG),IQ,3,3,4,0.04,SÍ — integrante
NACIONALIDAD,F5,INHERENTE,IRAN,IR,5,5,4,0.04,SÍ — integrante
NACIONALIDAD,F5,INHERENTE,ISLANDIA,IS,1,1,4,0.04,SÍ — integrante
NACIONALIDAD,F5,INHERENTE,ITALIA,IT,1,1,4,0.04,SÍ — integrante
NACIONALIDAD,F5,INHERENTE,ISLAS VIRGENES BRITA,IV,4,4,4,0.04,SÍ — integrante
NACIONALIDAD,F5,INHERENTE,ISLA DE JERSEY,JE,1,1,4,0.04,SÍ — integrante
NACIONALIDAD,F5,INHERENTE,JAMAICA,JM,3,3,4,0.04,SÍ — integrante
NACIONALIDAD,F5,INHERENTE,JORDANIA,JO,2,2,4,0.04,SÍ — integrante
NACIONALIDAD,F5,INHERENTE,JAPON,JP,1,1,4,0.04,SÍ — integrante
NACIONALIDAD,F5,INHERENTE,KENYA,KE,4,4,4,0.04,SÍ — integrante
NACIONALIDAD,F5,INHERENTE,KYRGYZSTAN,KG,3,3,4,0.04,SÍ — integrante
NACIONALIDAD,F5,INHERENTE,CAMBOYA,KH,4,4,4,0.04,SÍ — integrante
NACIONALIDAD,F5,INHERENTE,KIRIBATI,KI,1,1,4,0.04,SÍ — integrante
NACIONALIDAD,F5,INHERENTE,COMORES,KM,4,4,4,0.04,SÍ — integrante
NACIONALIDAD,F5,INHERENTE,SAINT KITTS AND NEVI,KN,3,3,4,0.04,SÍ — integrante
NACIONALIDAD,F5,INHERENTE,COREA DEL NORTE,KP,5,5,4,0.04,SÍ — integrante
NACIONALIDAD,F5,INHERENTE,COREA DEL SUR,KR,1,1,4,0.04,SÍ — integrante
NACIONALIDAD,F5,INHERENTE,KUWAIT,KW,4,4,4,0.04,SÍ — integrante
NACIONALIDAD,F5,INHERENTE,ISLAS CAIMAN,KY,3,3,4,0.04,SÍ — integrante
NACIONALIDAD,F5,INHERENTE,KAZAKSTAN,KZ,2,2,4,0.04,SÍ — integrante
NACIONALIDAD,F5,INHERENTE,LAOS,LA,4,4,4,0.04,SÍ — integrante
NACIONALIDAD,F5,INHERENTE,LIBANO,LB,4,4,4,0.04,SÍ — integrante
NACIONALIDAD,F5,INHERENTE,SANTA LUCIA,LC,3,3,4,0.04,SÍ — integrante
NACIONALIDAD,F5,INHERENTE,LIECHTENSTEIN,LI,3,3,4,0.04,SÍ — integrante
NACIONALIDAD,F5,INHERENTE,SRI LANKA,LK,2,2,4,0.04,SÍ — integrante
NACIONALIDAD,F5,INHERENTE,LIBERIA,LR,3,3,4,0.04,SÍ — integrante
NACIONALIDAD,F5,INHERENTE,LESOTHO,LS,3,3,4,0.04,SÍ — integrante
NACIONALIDAD,F5,INHERENTE,LITUANIA,LT,1,1,4,0.04,SÍ — integrante
NACIONALIDAD,F5,INHERENTE,LUXEMBURGO,LU,3,3,4,0.04,SÍ — integrante
NACIONALIDAD,F5,INHERENTE,LATVIA,LV,1,1,4,0.04,SÍ — integrante
NACIONALIDAD,F5,INHERENTE,LIBIA,LY,4,4,4,0.04,SÍ — integrante
NACIONALIDAD,F5,INHERENTE,MARRUECOS,MA,2,2,4,0.04,SÍ — integrante
NACIONALIDAD,F5,INHERENTE,MONACO,MC,4,4,4,0.04,SÍ — integrante
NACIONALIDAD,F5,INHERENTE,"MOLDAVIA, REP.",MD,2,2,4,0.04,SÍ — integrante
NACIONALIDAD,F5,INHERENTE,MONTENEGRO,ME,2,2,4,0.04,SÍ — integrante
NACIONALIDAD,F5,INHERENTE,SAN MARTIN,MF,1,1,4,0.04,SÍ — integrante
NACIONALIDAD,F5,INHERENTE,MADAGASCAR,MG,4,4,4,0.04,SÍ — integrante
NACIONALIDAD,F5,INHERENTE,ISLAS MARSHALL,MH,3,3,4,0.04,SÍ — integrante
NACIONALIDAD,F5,INHERENTE,MACEDONIA,MK,2,2,4,0.04,SÍ — integrante
NACIONALIDAD,F5,INHERENTE,MALI,ML,3,3,4,0.04,SÍ — integrante
NACIONALIDAD,F5,INHERENTE,MYANMAR,MM,5,5,4,0.04,SÍ — integrante
NACIONALIDAD,F5,INHERENTE,MONGOLIA,MN,2,2,4,0.04,SÍ — integrante
NACIONALIDAD,F5,INHERENTE,MACAO,MO,3,3,4,0.04,SÍ — integrante
NACIONALIDAD,F5,INHERENTE,ISLAS MARIANAS,MP,1,1,4,0.04,SÍ — integrante
NACIONALIDAD,F5,INHERENTE,MARTINICA,MQ,1,1,4,0.04,SÍ — integrante
NACIONALIDAD,F5,INHERENTE,MAURITANIA,MR,3,3,4,0.04,SÍ — integrante
NACIONALIDAD,F5,INHERENTE,MONTSERRAT,MS,1,1,4,0.04,SÍ — integrante
NACIONALIDAD,F5,INHERENTE,MALTA,MT,2,2,4,0.04,SÍ — integrante
NACIONALIDAD,F5,INHERENTE,MAURICIO,MU,3,3,4,0.04,SÍ — integrante
NACIONALIDAD,F5,INHERENTE,MALDIVAS,MV,2,2,4,0.04,SÍ — integrante
NACIONALIDAD,F5,INHERENTE,MALAWI,MW,3,3,4,0.04,SÍ — integrante
NACIONALIDAD,F5,INHERENTE,MEXICO,MX,3,3,4,0.04,SÍ — integrante
NACIONALIDAD,F5,INHERENTE,"MALAYSIA, LABUAN",MY,3,3,4,0.04,SÍ — integrante
NACIONALIDAD,F5,INHERENTE,MOZAMBIQUE,MZ,3,3,4,0.04,SÍ — integrante
NACIONALIDAD,F5,INHERENTE,NAMIBIA,NA,4,4,4,0.04,SÍ — integrante
NACIONALIDAD,F5,INHERENTE,NUEVA CALEDONIA,NC,1,1,4,0.04,SÍ — integrante
NACIONALIDAD,F5,INHERENTE,NIGER,NE,4,4,4,0.04,SÍ — integrante
NACIONALIDAD,F5,INHERENTE,ISLA DE NORFOLK,NF,1,1,4,0.04,SÍ — integrante
NACIONALIDAD,F5,INHERENTE,NIGERIA,NG,3,3,4,0.04,SÍ — integrante
NACIONALIDAD,F5,INHERENTE,NICARAGUA,NI,4,4,4,0.04,SÍ — integrante
NACIONALIDAD,F5,INHERENTE,PAISES BAJOS,NL,1,1,4,0.04,SÍ — integrante
NACIONALIDAD,F5,INHERENTE,NORUEGA,NO,1,1,4,0.04,SÍ — integrante
NACIONALIDAD,F5,INHERENTE,NEPAL,NP,4,4,4,0.04,SÍ — integrante
NACIONALIDAD,F5,INHERENTE,NAURU,NR,3,3,4,0.04,SÍ — integrante
NACIONALIDAD,F5,INHERENTE,NIUE,NU,1,1,4,0.04,SÍ — integrante
NACIONALIDAD,F5,INHERENTE,NIEVES,NV,3,3,4,0.04,SÍ — integrante
NACIONALIDAD,F5,INHERENTE,NUEVA ZELANDIA,NZ,1,1,4,0.04,SÍ — integrante
NACIONALIDAD,F5,INHERENTE,OMAN,OM,3,3,4,0.04,SÍ — integrante
NACIONALIDAD,F5,INHERENTE,PANAMA,PA,3,3,4,0.04,SÍ — integrante
NACIONALIDAD,F5,INHERENTE,PERU,PE,2,2,4,0.04,SÍ — integrante
NACIONALIDAD,F5,INHERENTE,POLINESIA FRANCESA,PF,3,3,4,0.04,SÍ — integrante
NACIONALIDAD,F5,INHERENTE,PAP NUEVA GUINE,PG,4,4,4,0.04,SÍ — integrante
NACIONALIDAD,F5,INHERENTE,FILIPINAS,PH,2,2,4,0.04,SÍ — integrante
NACIONALIDAD,F5,INHERENTE,PAKISTAN,PK,3,3,4,0.04,SÍ — integrante
NACIONALIDAD,F5,INHERENTE,POLONIA,PL,1,1,4,0.04,SÍ — integrante
NACIONALIDAD,F5,INHERENTE,SAN PEDRO,PM,1,1,4,0.04,SÍ — integrante
NACIONALIDAD,F5,INHERENTE,PITCAIRN,PN,1,1,4,0.04,SÍ — integrante
NACIONALIDAD,F5,INHERENTE,PUERTO RICO,PR,1,1,4,0.04,SÍ — integrante
NACIONALIDAD,F5,INHERENTE,TERRITORIOS PALESTIN,PS,4,4,4,0.04,SÍ — integrante
NACIONALIDAD,F5,INHERENTE,PORTUGAL,PT,1,1,4,0.04,SÍ — integrante
NACIONALIDAD,F5,INHERENTE,PATAU,PW,1,1,4,0.04,SÍ — integrante
NACIONALIDAD,F5,INHERENTE,PARAGUAY,PY,3,3,4,0.04,SÍ — integrante
NACIONALIDAD,F5,INHERENTE,QATAR,QA,3,3,4,0.04,SÍ — integrante
NACIONALIDAD,F5,INHERENTE,REUNION,RE,1,1,4,0.04,SÍ — integrante
NACIONALIDAD,F5,INHERENTE,RUMANIA,RO,1,1,4,0.04,SÍ — integrante
NACIONALIDAD,F5,INHERENTE,SERBIA,RS,2,2,4,0.04,SÍ — integrante
NACIONALIDAD,F5,INHERENTE,FEDERACION RUSA,RU,4,4,4,0.04,SÍ — integrante
NACIONALIDAD,F5,INHERENTE,RWANDA,RW,3,3,4,0.04,SÍ — integrante
NACIONALIDAD,F5,INHERENTE,ARABIA SAUDI,SA,3,3,4,0.04,SÍ — integrante
NACIONALIDAD,F5,INHERENTE,ISLAS SOLOMON,SB,3,3,4,0.04,SÍ — integrante
NACIONALIDAD,F5,INHERENTE,SEYCHELLES,SC,3,3,4,0.04,SÍ — integrante
NACIONALIDAD,F5,INHERENTE,SUDAN,SD,4,4,4,0.04,SÍ — integrante
NACIONALIDAD,F5,INHERENTE,SUECIA,SE,1,1,4,0.04,SÍ — integrante
NACIONALIDAD,F5,INHERENTE,SINGAPUR,SG,3,3,4,0.04,SÍ — integrante
NACIONALIDAD,F5,INHERENTE,"ST ELENA, ASCENSION",SH,1,1,4,0.04,SÍ — integrante
NACIONALIDAD,F5,INHERENTE,SLOVENIA,SI,1,1,4,0.04,SÍ — integrante
NACIONALIDAD,F5,INHERENTE,SVALBARD,SJ,1,1,4,0.04,SÍ — integrante
NACIONALIDAD,F5,INHERENTE,SLOVAKIA,SK,1,1,4,0.04,SÍ — integrante
NACIONALIDAD,F5,INHERENTE,SIERRA LEONA,SL,3,3,4,0.04,SÍ — integrante
NACIONALIDAD,F5,INHERENTE,SAN MARINO,SM,1,1,4,0.04,SÍ — integrante
NACIONALIDAD,F5,INHERENTE,SENEGAL,SN,2,2,4,0.04,SÍ — integrante
NACIONALIDAD,F5,INHERENTE,SOMALIA,SO,4,4,4,0.04,SÍ — integrante
NACIONALIDAD,F5,INHERENTE,SURINAM,SR,3,3,4,0.04,SÍ — integrante
NACIONALIDAD,F5,INHERENTE,SANTO TOME,ST,2,2,4,0.04,SÍ — integrante
NACIONALIDAD,F5,INHERENTE,EL SALVADOR,SV,3,3,4,0.04,SÍ — integrante
NACIONALIDAD,F5,INHERENTE,SIRIA,SY,4,4,4,0.04,SÍ — integrante
NACIONALIDAD,F5,INHERENTE,SWAZILANDIA,SZ,4,4,4,0.04,SÍ — integrante
NACIONALIDAD,F5,INHERENTE,ISLAS TURCAS Y CAICO,TC,3,3,4,0.04,SÍ — integrante
NACIONALIDAD,F5,INHERENTE,CHAD,TD,4,4,4,0.04,SÍ — integrante
NACIONALIDAD,F5,INHERENTE,TERRIT AUS FRAN,TF,1,1,4,0.04,SÍ — integrante
NACIONALIDAD,F5,INHERENTE,TOGO,TG,3,3,4,0.04,SÍ — integrante
NACIONALIDAD,F5,INHERENTE,TAILANDIA,TH,3,3,4,0.04,SÍ — integrante
NACIONALIDAD,F5,INHERENTE,TAJIKISTAN,TJ,3,3,4,0.04,SÍ — integrante
NACIONALIDAD,F5,INHERENTE,TOKELAU,TK,1,1,4,0.04,SÍ — integrante
NACIONALIDAD,F5,INHERENTE,TIMOR ORIENTAL,TL,3,3,4,0.04,SÍ — integrante
NACIONALIDAD,F5,INHERENTE,TURKMENISTAN,TM,4,4,4,0.04,SÍ — integrante
NACIONALIDAD,F5,INHERENTE,TUNEZ,TN,2,2,4,0.04,SÍ — integrante
NACIONALIDAD,F5,INHERENTE,TONGA,TO,3,3,4,0.04,SÍ — integrante
NACIONALIDAD,F5,INHERENTE,TIMOR,TP,3,3,4,0.04,SÍ — integrante
NACIONALIDAD,F5,INHERENTE,TURQUIA,TR,3,3,4,0.04,SÍ — integrante
NACIONALIDAD,F5,INHERENTE,TRIESTE ITALIA,TS,1,1,4,0.04,SÍ — integrante
NACIONALIDAD,F5,INHERENTE,TRINIDAD TOBAGO,TT,3,3,4,0.04,SÍ — integrante
NACIONALIDAD,F5,INHERENTE,TUVALU,TV,1,1,4,0.04,SÍ — integrante
NACIONALIDAD,F5,INHERENTE,TAIWAN,TW,1,1,4,0.04,SÍ — integrante
NACIONALIDAD,F5,INHERENTE,TANZANIA,TZ,3,3,4,0.04,SÍ — integrante
NACIONALIDAD,F5,INHERENTE,UCRANIA,UA,2,2,4,0.04,SÍ — integrante
NACIONALIDAD,F5,INHERENTE,UGANDA,UG,3,3,4,0.04,SÍ — integrante
NACIONALIDAD,F5,INHERENTE,REINO UNIDO,UK,1,1,4,0.04,SÍ — integrante
NACIONALIDAD,F5,INHERENTE,ISLAS REMOT. US,UM,1,1,4,0.04,SÍ — integrante
NACIONALIDAD,F5,INHERENTE,ESTADOS UNIDOS DE AM,US,1,1,4,0.04,SÍ — integrante
NACIONALIDAD,F5,INHERENTE,URUGUAY,UY,1,1,4,0.04,SÍ — integrante
NACIONALIDAD,F5,INHERENTE,UZBEKISTAN,UZ,2,2,4,0.04,SÍ — integrante
NACIONALIDAD,F5,INHERENTE,ISLA DE MARGARITA,VA,1,1,4,0.04,SÍ — integrante
NACIONALIDAD,F5,INHERENTE,SAN VINCENTE Y LAS G,VC,3,3,4,0.04,SÍ — integrante
NACIONALIDAD,F5,INHERENTE,VENEZUELA,VE,4,4,4,0.04,SÍ — integrante
NACIONALIDAD,F5,INHERENTE,ISLAS VIRGENES DE EU,VG,3,3,4,0.04,SÍ — integrante
NACIONALIDAD,F5,INHERENTE,VIETNAM,VI,4,4,4,0.04,SÍ — integrante
NACIONALIDAD,F5,INHERENTE,VANUATU,VN,2,2,4,0.04,SÍ — integrante
NACIONALIDAD,F5,INHERENTE,MADEIRA,VU,3,3,4,0.04,SÍ — integrante
NACIONALIDAD,F5,INHERENTE,ISLA DE SAN PEDRO Y,WF,1,1,4,0.04,SÍ — integrante
NACIONALIDAD,F5,INHERENTE,SAMOA AMERICANA,WS,1,1,4,0.04,SÍ — integrante
NACIONALIDAD,F5,INHERENTE,ISLAS CANARIAS,XE,1,1,4,0.04,SÍ — integrante
NACIONALIDAD,F5,INHERENTE,ISLAS AZORES PORTUGA,XG,1,1,4,0.04,SÍ — integrante
NACIONALIDAD,F5,INHERENTE,LABUAN MALAYSIA,XS,3,3,4,0.04,SÍ — integrante
NACIONALIDAD,F5,INHERENTE,YEMEN,YE,4,4,4,0.04,SÍ — integrante
NACIONALIDAD,F5,INHERENTE,MAYOTTE,YT,1,1,4,0.04,SÍ — integrante
NACIONALIDAD,F5,INHERENTE,"ISLA QESHM, IRAN",YU,5,5,4,0.04,SÍ — integrante
NACIONALIDAD,F5,INHERENTE,SUDAFRICA,ZA,3,3,4,0.04,SÍ — integrante
NACIONALIDAD,F5,INHERENTE,ZAMBIA,ZM,2,2,4,0.04,SÍ — integrante
NACIONALIDAD,F5,INHERENTE,ZIMBABUE,ZW,4,4,4,0.04,SÍ — integrante
PAIS DEL DOMICILIO,F6,INHERENTE,ANDORRA,AD,1,1,4,0.04,SÍ — integrante
PAIS DEL DOMICILIO,F6,INHERENTE,EMIRATOS ARABES UNID,AE,3,3,4,0.04,SÍ — integrante
PAIS DEL DOMICILIO,F6,INHERENTE,AFGANISTAN (GFG),AF,4,4,4,0.04,SÍ — integrante
PAIS DEL DOMICILIO,F6,INHERENTE,ANTIGUA Y BARBUDA,AG,3,3,4,0.04,SÍ — integrante
PAIS DEL DOMICILIO,F6,INHERENTE,ANGUILA,AI,3,3,4,0.04,SÍ — integrante
PAIS DEL DOMICILIO,F6,INHERENTE,ALBANIA,AL,2,2,4,0.04,SÍ — integrante
PAIS DEL DOMICILIO,F6,INHERENTE,ARMENIA,AM,2,2,4,0.04,SÍ — integrante
PAIS DEL DOMICILIO,F6,INHERENTE,ANTILLAS NEERLANDESA,AN,3,3,4,0.04,SÍ — integrante
PAIS DEL DOMICILIO,F6,INHERENTE,ANGOLA,AO,4,4,4,0.04,SÍ — integrante
PAIS DEL DOMICILIO,F6,INHERENTE,ANTARTICA,AQ,1,1,4,0.04,SÍ — integrante
PAIS DEL DOMICILIO,F6,INHERENTE,ARGENTINA,AR,2,2,4,0.04,SÍ — integrante
PAIS DEL DOMICILIO,F6,INHERENTE,SAMOA,AS,1,1,4,0.04,SÍ — integrante
PAIS DEL DOMICILIO,F6,INHERENTE,AUSTRIA,AT,1,1,4,0.04,SÍ — integrante
PAIS DEL DOMICILIO,F6,INHERENTE,AUSTRALIA,AU,1,1,4,0.04,SÍ — integrante
PAIS DEL DOMICILIO,F6,INHERENTE,ARUBA,AW,3,3,4,0.04,SÍ — integrante
PAIS DEL DOMICILIO,F6,INHERENTE,ALAND,AX,1,1,4,0.04,SÍ — integrante
PAIS DEL DOMICILIO,F6,INHERENTE,AZERBAIJAN,AZ,3,3,4,0.04,SÍ — integrante
PAIS DEL DOMICILIO,F6,INHERENTE,BOSNIE-HERZ,BA,2,2,4,0.04,SÍ — integrante
PAIS DEL DOMICILIO,F6,INHERENTE,BARBADOS,BB,3,3,4,0.04,SÍ — integrante
PAIS DEL DOMICILIO,F6,INHERENTE,BANGLADESH,BD,3,3,4,0.04,SÍ — integrante
PAIS DEL DOMICILIO,F6,INHERENTE,BELGICA,BE,1,1,4,0.04,SÍ — integrante
PAIS DEL DOMICILIO,F6,INHERENTE,BURKINA FASO,BF,3,3,4,0.04,SÍ — integrante
PAIS DEL DOMICILIO,F6,INHERENTE,BULGARIA,BG,4,4,4,0.04,SÍ — integrante
PAIS DEL DOMICILIO,F6,INHERENTE,BAHREIN,BH,3,3,4,0.04,SÍ — integrante
PAIS DEL DOMICILIO,F6,INHERENTE,BURUNDI,BI,4,4,4,0.04,SÍ — integrante
PAIS DEL DOMICILIO,F6,INHERENTE,BENIN,BJ,3,3,4,0.04,SÍ — integrante
PAIS DEL DOMICILIO,F6,INHERENTE,SAN BARTOLOME,BL,1,1,4,0.04,SÍ — integrante
PAIS DEL DOMICILIO,F6,INHERENTE,BERMUDAS,BM,3,3,4,0.04,SÍ — integrante
PAIS DEL DOMICILIO,F6,INHERENTE,BRUNEI,BN,3,3,4,0.04,SÍ — integrante
PAIS DEL DOMICILIO,F6,INHERENTE,BOLIVIA,BO,4,4,4,0.04,SÍ — integrante
PAIS DEL DOMICILIO,F6,INHERENTE,BRASIL,BR,2,2,4,0.04,SÍ — integrante
PAIS DEL DOMICILIO,F6,INHERENTE,BAHAMAS,BS,3,3,4,0.04,SÍ — integrante
PAIS DEL DOMICILIO,F6,INHERENTE,BHUTAN,BT,1,1,4,0.04,SÍ — integrante
PAIS DEL DOMICILIO,F6,INHERENTE,ISLA BOUVET,BV,1,1,4,0.04,SÍ — integrante
PAIS DEL DOMICILIO,F6,INHERENTE,BOTSWANA,BW,1,1,4,0.04,SÍ — integrante
PAIS DEL DOMICILIO,F6,INHERENTE,BELARUS,BY,4,4,4,0.04,SÍ — integrante
PAIS DEL DOMICILIO,F6,INHERENTE,BELICE,BZ,3,3,4,0.04,SÍ — integrante
PAIS DEL DOMICILIO,F6,INHERENTE,CANADA,CA,1,1,4,0.04,SÍ — integrante
PAIS DEL DOMICILIO,F6,INHERENTE,ISLAS COCOS O KELLIN,CC,1,1,4,0.04,SÍ — integrante
PAIS DEL DOMICILIO,F6,INHERENTE,REP. DE CONGO,CD,4,4,4,0.04,SÍ — integrante
PAIS DEL DOMICILIO,F6,INHERENTE,CENT AFR,CF,4,4,4,0.04,SÍ — integrante
PAIS DEL DOMICILIO,F6,INHERENTE,CONGO,CG,4,4,4,0.04,SÍ — integrante
PAIS DEL DOMICILIO,F6,INHERENTE,SUIZA,CH,1,1,4,0.04,SÍ — integrante
PAIS DEL DOMICILIO,F6,INHERENTE,COSTA DE MARFIL,CI,4,4,4,0.04,SÍ — integrante
PAIS DEL DOMICILIO,F6,INHERENTE,ISLAS COOK,CK,3,3,4,0.04,SÍ — integrante
PAIS DEL DOMICILIO,F6,INHERENTE,CHILE,CL,1,1,4,0.04,SÍ — integrante
PAIS DEL DOMICILIO,F6,INHERENTE,CAMERUN,CM,4,4,4,0.04,SÍ — integrante
PAIS DEL DOMICILIO,F6,INHERENTE,CHINA,CN,4,4,4,0.04,SÍ — integrante
PAIS DEL DOMICILIO,F6,INHERENTE,COLOMBIA,CO,2,2,4,0.04,SÍ — integrante
PAIS DEL DOMICILIO,F6,INHERENTE,COSTA RICA,CR,1,1,4,0.04,SÍ — integrante
PAIS DEL DOMICILIO,F6,INHERENTE,CUBA,CU,4,4,4,0.04,SÍ — integrante
PAIS DEL DOMICILIO,F6,INHERENTE,CABO VERDE,CV,2,2,4,0.04,SÍ — integrante
PAIS DEL DOMICILIO,F6,INHERENTE,CURACAO,CW,3,3,4,0.04,SÍ — integrante
PAIS DEL DOMICILIO,F6,INHERENTE,ISLA CHRISTMAS,CX,1,1,4,0.04,SÍ — integrante
PAIS DEL DOMICILIO,F6,INHERENTE,CHIPRE,CY,1,1,4,0.04,SÍ — integrante
PAIS DEL DOMICILIO,F6,INHERENTE,"REP CHECA, OSTRAVA",CZ,1,1,4,0.04,SÍ — integrante
PAIS DEL DOMICILIO,F6,INHERENTE,ALEMANIA,DE,1,1,4,0.04,SÍ — integrante
PAIS DEL DOMICILIO,F6,INHERENTE,DJIBOUTI,DJ,4,4,4,0.04,SÍ — integrante
PAIS DEL DOMICILIO,F6,INHERENTE,DINAMARCA,DK,1,1,4,0.04,SÍ — integrante
PAIS DEL DOMICILIO,F6,INHERENTE,DOMINICA,DM,3,3,4,0.04,SÍ — integrante
PAIS DEL DOMICILIO,F6,INHERENTE,DOMINICANA,DO,2,2,4,0.04,SÍ — integrante
PAIS DEL DOMICILIO,F6,INHERENTE,ARGELIA,DZ,4,4,4,0.04,SÍ — integrante
PAIS DEL DOMICILIO,F6,INHERENTE,ECUADOR,EC,2,2,4,0.04,SÍ — integrante
PAIS DEL DOMICILIO,F6,INHERENTE,ESTONIA,EE,1,1,4,0.04,SÍ — integrante
PAIS DEL DOMICILIO,F6,INHERENTE,EGIPTO,EG,2,2,4,0.04,SÍ — integrante
PAIS DEL DOMICILIO,F6,INHERENTE,SAHARA OCCIDENT,EH,1,1,4,0.04,SÍ — integrante
PAIS DEL DOMICILIO,F6,INHERENTE,ERITREA,ER,4,4,4,0.04,SÍ — integrante
PAIS DEL DOMICILIO,F6,INHERENTE,ESPANA,ES,1,1,4,0.04,SÍ — integrante
PAIS DEL DOMICILIO,F6,INHERENTE,ETIOPIA,ET,3,3,4,0.04,SÍ — integrante
PAIS DEL DOMICILIO,F6,INHERENTE,PAIES EUR,EU,1,1,4,0.04,SÍ — integrante
PAIS DEL DOMICILIO,F6,INHERENTE,FINLANDIA,FI,1,1,4,0.04,SÍ — integrante
PAIS DEL DOMICILIO,F6,INHERENTE,ISLAS FIDJI,FJ,1,1,4,0.04,SÍ — integrante
PAIS DEL DOMICILIO,F6,INHERENTE,ISLAS MALVINAS,FK,1,1,4,0.04,SÍ — integrante
PAIS DEL DOMICILIO,F6,INHERENTE,MICRONESIA,FM,1,1,4,0.04,SÍ — integrante
PAIS DEL DOMICILIO,F6,INHERENTE,ISLAS PACIFICO,FO,1,1,4,0.04,SÍ — integrante
PAIS DEL DOMICILIO,F6,INHERENTE,FRANCIA,FR,1,1,4,0.04,SÍ — integrante
PAIS DEL DOMICILIO,F6,INHERENTE,GABON,GA,4,4,4,0.04,SÍ — integrante
PAIS DEL DOMICILIO,F6,INHERENTE,GRAN BRETANA,GB,1,1,4,0.04,SÍ — integrante
PAIS DEL DOMICILIO,F6,INHERENTE,GIBRALTAR,GC,1,1,4,0.04,SÍ — integrante
PAIS DEL DOMICILIO,F6,INHERENTE,GRANADA,GD,3,3,4,0.04,SÍ — integrante
PAIS DEL DOMICILIO,F6,INHERENTE,GEORGIA,GE,1,1,4,0.04,SÍ — integrante
PAIS DEL DOMICILIO,F6,INHERENTE,GUYANA FRANCESA,GF,1,1,4,0.04,SÍ — integrante
PAIS DEL DOMICILIO,F6,INHERENTE,ISLAS CHANNEL,GG,1,1,4,0.04,SÍ — integrante
PAIS DEL DOMICILIO,F6,INHERENTE,GHANA,GH,2,2,4,0.04,SÍ — integrante
PAIS DEL DOMICILIO,F6,INHERENTE,GUERNESEY,GI,1,1,4,0.04,SÍ — integrante
PAIS DEL DOMICILIO,F6,INHERENTE,GROENLANDIA,GL,1,1,4,0.04,SÍ — integrante
PAIS DEL DOMICILIO,F6,INHERENTE,GAMBIA,GM,3,3,4,0.04,SÍ — integrante
PAIS DEL DOMICILIO,F6,INHERENTE,GUINEA,GN,3,3,4,0.04,SÍ — integrante
PAIS DEL DOMICILIO,F6,INHERENTE,GUADALUPE,GP,1,1,4,0.04,SÍ — integrante
PAIS DEL DOMICILIO,F6,INHERENTE,GUINEA ECU.,GQ,4,4,4,0.04,SÍ — integrante
PAIS DEL DOMICILIO,F6,INHERENTE,GRECIA,GR,1,1,4,0.04,SÍ — integrante
PAIS DEL DOMICILIO,F6,INHERENTE,ISLAS GEORGIA,GS,1,1,4,0.04,SÍ — integrante
PAIS DEL DOMICILIO,F6,INHERENTE,GUATEMALA,GT,3,3,4,0.04,SÍ — integrante
PAIS DEL DOMICILIO,F6,INHERENTE,GUAM,GU,1,1,4,0.04,SÍ — integrante
PAIS DEL DOMICILIO,F6,INHERENTE,GUINEA-BISSAU,GW,4,4,4,0.04,SÍ — integrante
PAIS DEL DOMICILIO,F6,INHERENTE,GUYANA,GY,2,2,4,0.04,SÍ — integrante
PAIS DEL DOMICILIO,F6,INHERENTE,HONG KONG,HK,3,3,4,0.04,SÍ — integrante
PAIS DEL DOMICILIO,F6,INHERENTE,HEARD .MCDONALD,HM,1,1,4,0.04,SÍ — integrante
PAIS DEL DOMICILIO,F6,INHERENTE,HONDURAS,HN,3,3,4,0.04,SÍ — integrante
PAIS DEL DOMICILIO,F6,INHERENTE,CROACIA,HR,1,1,4,0.04,SÍ — integrante
PAIS DEL DOMICILIO,F6,INHERENTE,HAITI,HT,4,4,4,0.04,SÍ — integrante
PAIS DEL DOMICILIO,F6,INHERENTE,HUNGRIA,HU,2,2,4,0.04,SÍ — integrante
PAIS DEL DOMICILIO,F6,INHERENTE,ISLAS DEL CANAL,IC,1,1,4,0.04,SÍ — integrante
PAIS DEL DOMICILIO,F6,INHERENTE,INDONESIA,ID,3,3,4,0.04,SÍ — integrante
PAIS DEL DOMICILIO,F6,INHERENTE,IRLANDA,IE,1,1,4,0.04,SÍ — integrante
PAIS DEL DOMICILIO,F6,INHERENTE,ISRAEL,IL,1,1,4,0.04,SÍ — integrante
PAIS DEL DOMICILIO,F6,INHERENTE,ISLA DE MAN,IM,1,1,4,0.04,SÍ — integrante
PAIS DEL DOMICILIO,F6,INHERENTE,INDIA,IN,3,3,4,0.04,SÍ — integrante
PAIS DEL DOMICILIO,F6,INHERENTE,TERRITORIO BRIT,IO,1,1,4,0.04,SÍ — integrante
PAIS DEL DOMICILIO,F6,INHERENTE,IRAK (GFG),IQ,3,3,4,0.04,SÍ — integrante
PAIS DEL DOMICILIO,F6,INHERENTE,IRAN,IR,5,5,4,0.04,SÍ — integrante
PAIS DEL DOMICILIO,F6,INHERENTE,ISLANDIA,IS,1,1,4,0.04,SÍ — integrante
PAIS DEL DOMICILIO,F6,INHERENTE,ITALIA,IT,1,1,4,0.04,SÍ — integrante
PAIS DEL DOMICILIO,F6,INHERENTE,ISLAS VIRGENES BRITA,IV,4,4,4,0.04,SÍ — integrante
PAIS DEL DOMICILIO,F6,INHERENTE,ISLA DE JERSEY,JE,1,1,4,0.04,SÍ — integrante
PAIS DEL DOMICILIO,F6,INHERENTE,JAMAICA,JM,3,3,4,0.04,SÍ — integrante
PAIS DEL DOMICILIO,F6,INHERENTE,JORDANIA,JO,2,2,4,0.04,SÍ — integrante
PAIS DEL DOMICILIO,F6,INHERENTE,JAPON,JP,1,1,4,0.04,SÍ — integrante
PAIS DEL DOMICILIO,F6,INHERENTE,KENYA,KE,4,4,4,0.04,SÍ — integrante
PAIS DEL DOMICILIO,F6,INHERENTE,KYRGYZSTAN,KG,3,3,4,0.04,SÍ — integrante
PAIS DEL DOMICILIO,F6,INHERENTE,CAMBOYA,KH,4,4,4,0.04,SÍ — integrante
PAIS DEL DOMICILIO,F6,INHERENTE,KIRIBATI,KI,1,1,4,0.04,SÍ — integrante
PAIS DEL DOMICILIO,F6,INHERENTE,COMORES,KM,4,4,4,0.04,SÍ — integrante
PAIS DEL DOMICILIO,F6,INHERENTE,SAINT KITTS AND NEVI,KN,3,3,4,0.04,SÍ — integrante
PAIS DEL DOMICILIO,F6,INHERENTE,COREA DEL NORTE,KP,5,5,4,0.04,SÍ — integrante
PAIS DEL DOMICILIO,F6,INHERENTE,COREA DEL SUR,KR,1,1,4,0.04,SÍ — integrante
PAIS DEL DOMICILIO,F6,INHERENTE,KUWAIT,KW,4,4,4,0.04,SÍ — integrante
PAIS DEL DOMICILIO,F6,INHERENTE,ISLAS CAIMAN,KY,3,3,4,0.04,SÍ — integrante
PAIS DEL DOMICILIO,F6,INHERENTE,KAZAKSTAN,KZ,2,2,4,0.04,SÍ — integrante
PAIS DEL DOMICILIO,F6,INHERENTE,LAOS,LA,4,4,4,0.04,SÍ — integrante
PAIS DEL DOMICILIO,F6,INHERENTE,LIBANO,LB,4,4,4,0.04,SÍ — integrante
PAIS DEL DOMICILIO,F6,INHERENTE,SANTA LUCIA,LC,3,3,4,0.04,SÍ — integrante
PAIS DEL DOMICILIO,F6,INHERENTE,LIECHTENSTEIN,LI,3,3,4,0.04,SÍ — integrante
PAIS DEL DOMICILIO,F6,INHERENTE,SRI LANKA,LK,2,2,4,0.04,SÍ — integrante
PAIS DEL DOMICILIO,F6,INHERENTE,LIBERIA,LR,3,3,4,0.04,SÍ — integrante
PAIS DEL DOMICILIO,F6,INHERENTE,LESOTHO,LS,3,3,4,0.04,SÍ — integrante
PAIS DEL DOMICILIO,F6,INHERENTE,LITUANIA,LT,1,1,4,0.04,SÍ — integrante
PAIS DEL DOMICILIO,F6,INHERENTE,LUXEMBURGO,LU,3,3,4,0.04,SÍ — integrante
PAIS DEL DOMICILIO,F6,INHERENTE,LATVIA,LV,1,1,4,0.04,SÍ — integrante
PAIS DEL DOMICILIO,F6,INHERENTE,LIBIA,LY,4,4,4,0.04,SÍ — integrante
PAIS DEL DOMICILIO,F6,INHERENTE,MARRUECOS,MA,2,2,4,0.04,SÍ — integrante
PAIS DEL DOMICILIO,F6,INHERENTE,MONACO,MC,4,4,4,0.04,SÍ — integrante
PAIS DEL DOMICILIO,F6,INHERENTE,"MOLDAVIA, REP.",MD,2,2,4,0.04,SÍ — integrante
PAIS DEL DOMICILIO,F6,INHERENTE,MONTENEGRO,ME,2,2,4,0.04,SÍ — integrante
PAIS DEL DOMICILIO,F6,INHERENTE,SAN MARTIN,MF,1,1,4,0.04,SÍ — integrante
PAIS DEL DOMICILIO,F6,INHERENTE,MADAGASCAR,MG,4,4,4,0.04,SÍ — integrante
PAIS DEL DOMICILIO,F6,INHERENTE,ISLAS MARSHALL,MH,3,3,4,0.04,SÍ — integrante
PAIS DEL DOMICILIO,F6,INHERENTE,MACEDONIA,MK,2,2,4,0.04,SÍ — integrante
PAIS DEL DOMICILIO,F6,INHERENTE,MALI,ML,3,3,4,0.04,SÍ — integrante
PAIS DEL DOMICILIO,F6,INHERENTE,MYANMAR,MM,5,5,4,0.04,SÍ — integrante
PAIS DEL DOMICILIO,F6,INHERENTE,MONGOLIA,MN,2,2,4,0.04,SÍ — integrante
PAIS DEL DOMICILIO,F6,INHERENTE,MACAO,MO,3,3,4,0.04,SÍ — integrante
PAIS DEL DOMICILIO,F6,INHERENTE,ISLAS MARIANAS,MP,1,1,4,0.04,SÍ — integrante
PAIS DEL DOMICILIO,F6,INHERENTE,MARTINICA,MQ,1,1,4,0.04,SÍ — integrante
PAIS DEL DOMICILIO,F6,INHERENTE,MAURITANIA,MR,3,3,4,0.04,SÍ — integrante
PAIS DEL DOMICILIO,F6,INHERENTE,MONTSERRAT,MS,1,1,4,0.04,SÍ — integrante
PAIS DEL DOMICILIO,F6,INHERENTE,MALTA,MT,2,2,4,0.04,SÍ — integrante
PAIS DEL DOMICILIO,F6,INHERENTE,MAURICIO,MU,3,3,4,0.04,SÍ — integrante
PAIS DEL DOMICILIO,F6,INHERENTE,MALDIVAS,MV,2,2,4,0.04,SÍ — integrante
PAIS DEL DOMICILIO,F6,INHERENTE,MALAWI,MW,3,3,4,0.04,SÍ — integrante
PAIS DEL DOMICILIO,F6,INHERENTE,MEXICO,MX,3,3,4,0.04,SÍ — integrante
PAIS DEL DOMICILIO,F6,INHERENTE,"MALAYSIA, LABUAN",MY,3,3,4,0.04,SÍ — integrante
PAIS DEL DOMICILIO,F6,INHERENTE,MOZAMBIQUE,MZ,3,3,4,0.04,SÍ — integrante
PAIS DEL DOMICILIO,F6,INHERENTE,NAMIBIA,NA,4,4,4,0.04,SÍ — integrante
PAIS DEL DOMICILIO,F6,INHERENTE,NUEVA CALEDONIA,NC,1,1,4,0.04,SÍ — integrante
PAIS DEL DOMICILIO,F6,INHERENTE,NIGER,NE,4,4,4,0.04,SÍ — integrante
PAIS DEL DOMICILIO,F6,INHERENTE,ISLA DE NORFOLK,NF,1,1,4,0.04,SÍ — integrante
PAIS DEL DOMICILIO,F6,INHERENTE,NIGERIA,NG,3,3,4,0.04,SÍ — integrante
PAIS DEL DOMICILIO,F6,INHERENTE,NICARAGUA,NI,4,4,4,0.04,SÍ — integrante
PAIS DEL DOMICILIO,F6,INHERENTE,PAISES BAJOS,NL,1,1,4,0.04,SÍ — integrante
PAIS DEL DOMICILIO,F6,INHERENTE,NORUEGA,NO,1,1,4,0.04,SÍ — integrante
PAIS DEL DOMICILIO,F6,INHERENTE,NEPAL,NP,4,4,4,0.04,SÍ — integrante
PAIS DEL DOMICILIO,F6,INHERENTE,NAURU,NR,3,3,4,0.04,SÍ — integrante
PAIS DEL DOMICILIO,F6,INHERENTE,NIUE,NU,1,1,4,0.04,SÍ — integrante
PAIS DEL DOMICILIO,F6,INHERENTE,NIEVES,NV,3,3,4,0.04,SÍ — integrante
PAIS DEL DOMICILIO,F6,INHERENTE,NUEVA ZELANDIA,NZ,1,1,4,0.04,SÍ — integrante
PAIS DEL DOMICILIO,F6,INHERENTE,OMAN,OM,3,3,4,0.04,SÍ — integrante
PAIS DEL DOMICILIO,F6,INHERENTE,PANAMA,PA,3,3,4,0.04,SÍ — integrante
PAIS DEL DOMICILIO,F6,INHERENTE,PERU,PE,2,2,4,0.04,SÍ — integrante
PAIS DEL DOMICILIO,F6,INHERENTE,POLINESIA FRANCESA,PF,3,3,4,0.04,SÍ — integrante
PAIS DEL DOMICILIO,F6,INHERENTE,PAP NUEVA GUINE,PG,4,4,4,0.04,SÍ — integrante
PAIS DEL DOMICILIO,F6,INHERENTE,FILIPINAS,PH,2,2,4,0.04,SÍ — integrante
PAIS DEL DOMICILIO,F6,INHERENTE,PAKISTAN,PK,3,3,4,0.04,SÍ — integrante
PAIS DEL DOMICILIO,F6,INHERENTE,POLONIA,PL,1,1,4,0.04,SÍ — integrante
PAIS DEL DOMICILIO,F6,INHERENTE,SAN PEDRO,PM,1,1,4,0.04,SÍ — integrante
PAIS DEL DOMICILIO,F6,INHERENTE,PITCAIRN,PN,1,1,4,0.04,SÍ — integrante
PAIS DEL DOMICILIO,F6,INHERENTE,PUERTO RICO,PR,1,1,4,0.04,SÍ — integrante
PAIS DEL DOMICILIO,F6,INHERENTE,TERRITORIOS PALESTIN,PS,4,4,4,0.04,SÍ — integrante
PAIS DEL DOMICILIO,F6,INHERENTE,PORTUGAL,PT,1,1,4,0.04,SÍ — integrante
PAIS DEL DOMICILIO,F6,INHERENTE,PATAU,PW,1,1,4,0.04,SÍ — integrante
PAIS DEL DOMICILIO,F6,INHERENTE,PARAGUAY,PY,3,3,4,0.04,SÍ — integrante
PAIS DEL DOMICILIO,F6,INHERENTE,QATAR,QA,3,3,4,0.04,SÍ — integrante
PAIS DEL DOMICILIO,F6,INHERENTE,REUNION,RE,1,1,4,0.04,SÍ — integrante
PAIS DEL DOMICILIO,F6,INHERENTE,RUMANIA,RO,1,1,4,0.04,SÍ — integrante
PAIS DEL DOMICILIO,F6,INHERENTE,SERBIA,RS,2,2,4,0.04,SÍ — integrante
PAIS DEL DOMICILIO,F6,INHERENTE,FEDERACION RUSA,RU,4,4,4,0.04,SÍ — integrante
PAIS DEL DOMICILIO,F6,INHERENTE,RWANDA,RW,3,3,4,0.04,SÍ — integrante
PAIS DEL DOMICILIO,F6,INHERENTE,ARABIA SAUDI,SA,3,3,4,0.04,SÍ — integrante
PAIS DEL DOMICILIO,F6,INHERENTE,ISLAS SOLOMON,SB,3,3,4,0.04,SÍ — integrante
PAIS DEL DOMICILIO,F6,INHERENTE,SEYCHELLES,SC,3,3,4,0.04,SÍ — integrante
PAIS DEL DOMICILIO,F6,INHERENTE,SUDAN,SD,4,4,4,0.04,SÍ — integrante
PAIS DEL DOMICILIO,F6,INHERENTE,SUECIA,SE,1,1,4,0.04,SÍ — integrante
PAIS DEL DOMICILIO,F6,INHERENTE,SINGAPUR,SG,3,3,4,0.04,SÍ — integrante
PAIS DEL DOMICILIO,F6,INHERENTE,"ST ELENA, ASCENSION",SH,1,1,4,0.04,SÍ — integrante
PAIS DEL DOMICILIO,F6,INHERENTE,SLOVENIA,SI,1,1,4,0.04,SÍ — integrante
PAIS DEL DOMICILIO,F6,INHERENTE,SVALBARD,SJ,1,1,4,0.04,SÍ — integrante
PAIS DEL DOMICILIO,F6,INHERENTE,SLOVAKIA,SK,1,1,4,0.04,SÍ — integrante
PAIS DEL DOMICILIO,F6,INHERENTE,SIERRA LEONA,SL,3,3,4,0.04,SÍ — integrante
PAIS DEL DOMICILIO,F6,INHERENTE,SAN MARINO,SM,1,1,4,0.04,SÍ — integrante
PAIS DEL DOMICILIO,F6,INHERENTE,SENEGAL,SN,2,2,4,0.04,SÍ — integrante
PAIS DEL DOMICILIO,F6,INHERENTE,SOMALIA,SO,4,4,4,0.04,SÍ — integrante
PAIS DEL DOMICILIO,F6,INHERENTE,SURINAM,SR,3,3,4,0.04,SÍ — integrante
PAIS DEL DOMICILIO,F6,INHERENTE,SANTO TOME,ST,2,2,4,0.04,SÍ — integrante
PAIS DEL DOMICILIO,F6,INHERENTE,EL SALVADOR,SV,3,3,4,0.04,SÍ — integrante
PAIS DEL DOMICILIO,F6,INHERENTE,SIRIA,SY,4,4,4,0.04,SÍ — integrante
PAIS DEL DOMICILIO,F6,INHERENTE,SWAZILANDIA,SZ,4,4,4,0.04,SÍ — integrante
PAIS DEL DOMICILIO,F6,INHERENTE,ISLAS TURCAS Y CAICO,TC,3,3,4,0.04,SÍ — integrante
PAIS DEL DOMICILIO,F6,INHERENTE,CHAD,TD,4,4,4,0.04,SÍ — integrante
PAIS DEL DOMICILIO,F6,INHERENTE,TERRIT AUS FRAN,TF,1,1,4,0.04,SÍ — integrante
PAIS DEL DOMICILIO,F6,INHERENTE,TOGO,TG,3,3,4,0.04,SÍ — integrante
PAIS DEL DOMICILIO,F6,INHERENTE,TAILANDIA,TH,3,3,4,0.04,SÍ — integrante
PAIS DEL DOMICILIO,F6,INHERENTE,TAJIKISTAN,TJ,3,3,4,0.04,SÍ — integrante
PAIS DEL DOMICILIO,F6,INHERENTE,TOKELAU,TK,1,1,4,0.04,SÍ — integrante
PAIS DEL DOMICILIO,F6,INHERENTE,TIMOR ORIENTAL,TL,3,3,4,0.04,SÍ — integrante
PAIS DEL DOMICILIO,F6,INHERENTE,TURKMENISTAN,TM,4,4,4,0.04,SÍ — integrante
PAIS DEL DOMICILIO,F6,INHERENTE,TUNEZ,TN,2,2,4,0.04,SÍ — integrante
PAIS DEL DOMICILIO,F6,INHERENTE,TONGA,TO,3,3,4,0.04,SÍ — integrante
PAIS DEL DOMICILIO,F6,INHERENTE,TIMOR,TP,3,3,4,0.04,SÍ — integrante
PAIS DEL DOMICILIO,F6,INHERENTE,TURQUIA,TR,3,3,4,0.04,SÍ — integrante
PAIS DEL DOMICILIO,F6,INHERENTE,TRIESTE ITALIA,TS,1,1,4,0.04,SÍ — integrante
PAIS DEL DOMICILIO,F6,INHERENTE,TRINIDAD TOBAGO,TT,3,3,4,0.04,SÍ — integrante
PAIS DEL DOMICILIO,F6,INHERENTE,TUVALU,TV,1,1,4,0.04,SÍ — integrante
PAIS DEL DOMICILIO,F6,INHERENTE,TAIWAN,TW,1,1,4,0.04,SÍ — integrante
PAIS DEL DOMICILIO,F6,INHERENTE,TANZANIA,TZ,3,3,4,0.04,SÍ — integrante
PAIS DEL DOMICILIO,F6,INHERENTE,UCRANIA,UA,2,2,4,0.04,SÍ — integrante
PAIS DEL DOMICILIO,F6,INHERENTE,UGANDA,UG,3,3,4,0.04,SÍ — integrante
PAIS DEL DOMICILIO,F6,INHERENTE,REINO UNIDO,UK,1,1,4,0.04,SÍ — integrante
PAIS DEL DOMICILIO,F6,INHERENTE,ISLAS REMOT. US,UM,1,1,4,0.04,SÍ — integrante
PAIS DEL DOMICILIO,F6,INHERENTE,ESTADOS UNIDOS DE AM,US,1,1,4,0.04,SÍ — integrante
PAIS DEL DOMICILIO,F6,INHERENTE,URUGUAY,UY,1,1,4,0.04,SÍ — integrante
PAIS DEL DOMICILIO,F6,INHERENTE,UZBEKISTAN,UZ,2,2,4,0.04,SÍ — integrante
PAIS DEL DOMICILIO,F6,INHERENTE,ISLA DE MARGARITA,VA,1,1,4,0.04,SÍ — integrante
PAIS DEL DOMICILIO,F6,INHERENTE,SAN VINCENTE Y LAS G,VC,3,3,4,0.04,SÍ — integrante
PAIS DEL DOMICILIO,F6,INHERENTE,VENEZUELA,VE,4,4,4,0.04,SÍ — integrante
PAIS DEL DOMICILIO,F6,INHERENTE,ISLAS VIRGENES DE EU,VG,3,3,4,0.04,SÍ — integrante
PAIS DEL DOMICILIO,F6,INHERENTE,VIETNAM,VI,4,4,4,0.04,SÍ — integrante
PAIS DEL DOMICILIO,F6,INHERENTE,VANUATU,VN,2,2,4,0.04,SÍ — integrante
PAIS DEL DOMICILIO,F6,INHERENTE,MADEIRA,VU,3,3,4,0.04,SÍ — integrante
PAIS DEL DOMICILIO,F6,INHERENTE,ISLA DE SAN PEDRO Y,WF,1,1,4,0.04,SÍ — integrante
PAIS DEL DOMICILIO,F6,INHERENTE,SAMOA AMERICANA,WS,1,1,4,0.04,SÍ — integrante
PAIS DEL DOMICILIO,F6,INHERENTE,ISLAS CANARIAS,XE,1,1,4,0.04,SÍ — integrante
PAIS DEL DOMICILIO,F6,INHERENTE,ISLAS AZORES PORTUGA,XG,1,1,4,0.04,SÍ — integrante
PAIS DEL DOMICILIO,F6,INHERENTE,LABUAN MALAYSIA,XS,3,3,4,0.04,SÍ — integrante
PAIS DEL DOMICILIO,F6,INHERENTE,YEMEN,YE,4,4,4,0.04,SÍ — integrante
PAIS DEL DOMICILIO,F6,INHERENTE,MAYOTTE,YT,1,1,4,0.04,SÍ — integrante
PAIS DEL DOMICILIO,F6,INHERENTE,"ISLA QESHM, IRAN",YU,5,5,4,0.04,SÍ — integrante
PAIS DEL DOMICILIO,F6,INHERENTE,SUDAFRICA,ZA,3,3,4,0.04,SÍ — integrante
PAIS DEL DOMICILIO,F6,INHERENTE,ZAMBIA,ZM,2,2,4,0.04,SÍ — integrante
PAIS DEL DOMICILIO,F6,INHERENTE,ZIMBABUE,ZW,4,4,4,0.04,SÍ — integrante
ESTADO DEL DOMICILIO,F7,INHERENTE,AGUASCALIENTES,1,2,2,4,0.04,SÍ — integrante
ESTADO DEL DOMICILIO,F7,INHERENTE,BAJA CALIFORNIA,2,5,5,4,0.04,SÍ — integrante
ESTADO DEL DOMICILIO,F7,INHERENTE,BAJA CALIFORNIA SUR,3,3,3,4,0.04,SÍ — integrante
ESTADO DEL DOMICILIO,F7,INHERENTE,CAMPECHE,4,3,3,4,0.04,SÍ — integrante
ESTADO DEL DOMICILIO,F7,INHERENTE,COAHUILA,5,3,3,4,0.04,SÍ — integrante
ESTADO DEL DOMICILIO,F7,INHERENTE,COLIMA,6,4,4,4,0.04,SÍ — integrante
ESTADO DEL DOMICILIO,F7,INHERENTE,CHIAPAS,7,4,4,4,0.04,SÍ — integrante
ESTADO DEL DOMICILIO,F7,INHERENTE,CHIHUAHUA,8,5,5,4,0.04,SÍ — integrante
ESTADO DEL DOMICILIO,F7,INHERENTE,CIUDAD DE MÉXICO,9,4,4,4,0.04,SÍ — integrante
ESTADO DEL DOMICILIO,F7,INHERENTE,DURANGO,10,4,4,4,0.04,SÍ — integrante
ESTADO DEL DOMICILIO,F7,INHERENTE,GUANAJUATO,11,4,4,4,0.04,SÍ — integrante
ESTADO DEL DOMICILIO,F7,INHERENTE,GUERRERO,12,5,5,4,0.04,SÍ — integrante
ESTADO DEL DOMICILIO,F7,INHERENTE,HIDALGO,13,3,3,4,0.04,SÍ — integrante
ESTADO DEL DOMICILIO,F7,INHERENTE,JALISCO,14,5,5,4,0.04,SÍ — integrante
ESTADO DEL DOMICILIO,F7,INHERENTE,ESTADO DE MÉXICO,15,4,4,4,0.04,SÍ — integrante
ESTADO DEL DOMICILIO,F7,INHERENTE,MICHOACÁN,16,5,5,4,0.04,SÍ — integrante
ESTADO DEL DOMICILIO,F7,INHERENTE,MORELOS,17,3,3,4,0.04,SÍ — integrante
ESTADO DEL DOMICILIO,F7,INHERENTE,NAYARIT,18,3,3,4,0.04,SÍ — integrante
ESTADO DEL DOMICILIO,F7,INHERENTE,NUEVO LEON,19,4,4,4,0.04,SÍ — integrante
ESTADO DEL DOMICILIO,F7,INHERENTE,OAXACA,20,4,4,4,0.04,SÍ — integrante
ESTADO DEL DOMICILIO,F7,INHERENTE,PUEBLA,21,3,3,4,0.04,SÍ — integrante
ESTADO DEL DOMICILIO,F7,INHERENTE,QUERÉTARO,22,2,2,4,0.04,SÍ — integrante
ESTADO DEL DOMICILIO,F7,INHERENTE,QUINTANA ROO,23,4,4,4,0.04,SÍ — integrante
ESTADO DEL DOMICILIO,F7,INHERENTE,SAN LUIS POTOSÍ,24,3,3,4,0.04,SÍ — integrante
ESTADO DEL DOMICILIO,F7,INHERENTE,SINALOA,25,4,4,4,0.04,SÍ — integrante
ESTADO DEL DOMICILIO,F7,INHERENTE,SONORA,26,4,4,4,0.04,SÍ — integrante
ESTADO DEL DOMICILIO,F7,INHERENTE,TABASCO,27,4,4,4,0.04,SÍ — integrante
ESTADO DEL DOMICILIO,F7,INHERENTE,TAMAULIPAS,28,4,4,4,0.04,SÍ — integrante
ESTADO DEL DOMICILIO,F7,INHERENTE,TLAXCALA,29,2,2,4,0.04,SÍ — integrante
ESTADO DEL DOMICILIO,F7,INHERENTE,VERACRUZ,30,4,4,4,0.04,SÍ — integrante
ESTADO DEL DOMICILIO,F7,INHERENTE,YUCATÁN,31,3,3,4,0.04,SÍ — integrante
ESTADO DEL DOMICILIO,F7,INHERENTE,ZACATECAS,32,4,4,4,0.04,SÍ — integrante
ESTADO DEL DOMICILIO,F7,INHERENTE,EXTRANJERO,33,4,4,4,0.04,SÍ — integrante
PROCEDENCIA DE LOS RECURSOS,F8,TRANSACCIONAL,BECA,BE,1,1,8,0.08,Absorbido en FF7
PROCEDENCIA DE LOS RECURSOS,F8,TRANSACCIONAL,BONO LABORAL,BL,1,1,8,0.08,Absorbido en FF7
PROCEDENCIA DE LOS RECURSOS,F8,TRANSACCIONAL,COBRANZA FACTORAJE,CF,1,1,8,0.08,Absorbido en FF7
PROCEDENCIA DE LOS RECURSOS,F8,TRANSACCIONAL,COMISIONES,CO,1,1,8,0.08,Absorbido en FF7
PROCEDENCIA DE LOS RECURSOS,F8,TRANSACCIONAL,CREDITOS,CR,1,1,8,0.08,Absorbido en FF7
PROCEDENCIA DE LOS RECURSOS,F8,TRANSACCIONAL,DONACIONES,DO,5,5,8,0.08,Absorbido en FF7
PROCEDENCIA DE LOS RECURSOS,F8,TRANSACCIONAL,ACTIVIDAD PROPIA/ ECONOMICA DEL CLIENTE,EA,1,1,8,0.08,Absorbido en FF7
PROCEDENCIA DE LOS RECURSOS,F8,TRANSACCIONAL,GARANTIA,GA,1,1,8,0.08,Absorbido en FF7
PROCEDENCIA DE LOS RECURSOS,F8,TRANSACCIONAL,HERENCIA,HE,3,3,8,0.08,Absorbido en FF7
PROCEDENCIA DE LOS RECURSOS,F8,TRANSACCIONAL,HONORARIOS,HO,1,1,8,0.08,Absorbido en FF7
PROCEDENCIA DE LOS RECURSOS,F8,TRANSACCIONAL,INVERSION,IN,1,1,8,0.08,Absorbido en FF7
PROCEDENCIA DE LOS RECURSOS,F8,TRANSACCIONAL,INGRESOS POR OPERACIÓN,IO,1,1,8,0.08,Absorbido en FF7
PROCEDENCIA DE LOS RECURSOS,F8,TRANSACCIONAL,JUBILACIONES Y PENSIONES,JP,1,1,8,0.08,Absorbido en FF7
PROCEDENCIA DE LOS RECURSOS,F8,TRANSACCIONAL,LIQUIDACION O FINIQUITO,LF,1,1,8,0.08,Absorbido en FF7
PROCEDENCIA DE LOS RECURSOS,F8,TRANSACCIONAL,LIQUIDEZ OPERATIVA,LO,1,1,8,0.08,Absorbido en FF7
PROCEDENCIA DE LOS RECURSOS,F8,TRANSACCIONAL,VENTA DE OTROS ACTIVOS,OA,3,3,8,0.08,Absorbido en FF7
PROCEDENCIA DE LOS RECURSOS,F8,TRANSACCIONAL,OTRO,OT,5,5,8,0.08,Absorbido en FF7
PROCEDENCIA DE LOS RECURSOS,F8,TRANSACCIONAL,PATRIMONIO/AHORRO,PA,1,1,8,0.08,Absorbido en FF7
PROCEDENCIA DE LOS RECURSOS,F8,TRANSACCIONAL,"RIFAS,PREMIOS, SORTEOS",PR,3,3,8,0.08,Absorbido en FF7
PROCEDENCIA DE LOS RECURSOS,F8,TRANSACCIONAL,RENTAS,RE,5,5,8,0.08,Absorbido en FF7
PROCEDENCIA DE LOS RECURSOS,F8,TRANSACCIONAL,SUELDOS,SU,1,1,8,0.08,Absorbido en FF7
PROCEDENCIA DE LOS RECURSOS,F8,TRANSACCIONAL,VENTA DE ACTIVOS,VA,3,3,8,0.08,Absorbido en FF7
PROCEDENCIA DE LOS RECURSOS,F8,TRANSACCIONAL,VENTA DE INMUEBLES,VI,5,5,8,0.08,Absorbido en FF7
PROCEDENCIA DE LOS RECURSOS,F8,TRANSACCIONAL,VENTA DE NEGOCIO,VN,1,1,8,0.08,Absorbido en FF7
PROCEDENCIA DE LOS RECURSOS,F8,TRANSACCIONAL,VENTA OTROS ACTIVOS,VO,3,3,8,0.08,Absorbido en FF7
PROCEDENCIA DE LOS RECURSOS,F8,TRANSACCIONAL,VENTA DE PRODUCTOS/SERVICIOS,VP,1,1,8,0.08,Absorbido en FF7
DESTINO DE LOS RECURSOS (USO DE LA CUENTA),F9,TRANSACCIONAL,AHORRO/ INVERSION,AI,1,1,8,0.08,V2 — destino de recursos
DESTINO DE LOS RECURSOS (USO DE LA CUENTA),F9,TRANSACCIONAL,CAMBIOS/ DERIVADOS,CD,5,5,8,0.08,V2 — destino de recursos
DESTINO DE LOS RECURSOS (USO DE LA CUENTA),F9,TRANSACCIONAL,CONCENTRACIÓN DE FONDOS,CF,3,3,8,0.08,V2 — destino de recursos
DESTINO DE LOS RECURSOS (USO DE LA CUENTA),F9,TRANSACCIONAL,CUENTA DE INVERSIÓN,CI,1,1,8,0.08,V2 — destino de recursos
DESTINO DE LOS RECURSOS (USO DE LA CUENTA),F9,TRANSACCIONAL,CRÉDITO,CR,1,1,8,0.08,V2 — destino de recursos
DESTINO DE LOS RECURSOS (USO DE LA CUENTA),F9,TRANSACCIONAL,GARANTIA,GA,1,1,8,0.08,V2 — destino de recursos
DESTINO DE LOS RECURSOS (USO DE LA CUENTA),F9,TRANSACCIONAL,ADMINISTRACIÓN DE GASTOS E INGRESOS,GI,3,3,8,0.08,V2 — destino de recursos
DESTINO DE LOS RECURSOS (USO DE LA CUENTA),F9,TRANSACCIONAL,NOMINA O DEBITO,ND,1,1,8,0.08,V2 — destino de recursos
DESTINO DE LOS RECURSOS (USO DE LA CUENTA),F9,TRANSACCIONAL,OTRO,OT,5,5,8,0.08,V2 — destino de recursos
DESTINO DE LOS RECURSOS (USO DE LA CUENTA),F9,TRANSACCIONAL,PAGO AGROFIRME,PA,1,1,8,0.08,V2 — destino de recursos
DESTINO DE LOS RECURSOS (USO DE LA CUENTA),F9,TRANSACCIONAL,PAGO ING,PI,1,1,8,0.08,V2 — destino de recursos
DESTINO DE LOS RECURSOS (USO DE LA CUENTA),F9,TRANSACCIONAL,PAGO MICROCREDITOS,PM,1,1,8,0.08,V2 — destino de recursos
DESTINO DE LOS RECURSOS (USO DE LA CUENTA),F9,TRANSACCIONAL,PAGO NAVISTAR,PN,1,1,8,0.08,V2 — destino de recursos
DESTINO DE LOS RECURSOS (USO DE LA CUENTA),F9,TRANSACCIONAL,PAGO A PROVEEDORES,PP,1,1,8,0.08,V2 — destino de recursos
TIPOLOGÍA DEL FIDEICOMISO,FF1,FIDUCIARIO ESTRUCTURAL,FIDEICOMISO DE ADMINISTRACIÓN,9001,2,2,18,0.18,SÍ — vehículo
TIPOLOGÍA DEL FIDEICOMISO,FF1,FIDUCIARIO ESTRUCTURAL,FIDEICOMISO DE GARANTÍA,9002,2,2,18,0.18,SÍ — vehículo
TIPOLOGÍA DEL FIDEICOMISO,FF1,FIDUCIARIO ESTRUCTURAL,FIDEICOMISO DE INVERSIÓN,9003,3,3,18,0.18,SÍ — vehículo
TIPOLOGÍA DEL FIDEICOMISO,FF1,FIDUCIARIO ESTRUCTURAL,FIDEICOMISO FUENTE DE PAGO,9004,3,3,18,0.18,SÍ — vehículo
TIPOLOGÍA DEL FIDEICOMISO,FF1,FIDUCIARIO ESTRUCTURAL,FIDEICOMISO TESTAMENTARIO,9005,2,2,18,0.18,SÍ — vehículo
TIPOLOGÍA DEL FIDEICOMISO,FF1,FIDUCIARIO ESTRUCTURAL,FIDEICOMISO TRASLATIVO DE DOMINIO,9006,5,5,18,0.18,SÍ — vehículo
TIPOLOGÍA DEL FIDEICOMISO,FF1,FIDUCIARIO ESTRUCTURAL,FIDEICOMISO PÚBLICO / GUBERNAMENTAL,9007,4,4,18,0.18,SÍ — vehículo
TIPOLOGÍA DEL FIDEICOMISO,FF1,FIDUCIARIO ESTRUCTURAL,FIDEICOMISO ZONA RESTRINGIDA,9008,4,4,18,0.18,SÍ — vehículo
PATRIMONIO EN ESPECIE,FF2,FIDUCIARIO ESTRUCTURAL,EFECTIVO / VALORES BURSÁTILES,9011,1,1,12,0.12,SÍ — vehículo
PATRIMONIO EN ESPECIE,FF2,FIDUCIARIO ESTRUCTURAL,INMUEBLES,9012,3,3,12,0.12,SÍ — vehículo
PATRIMONIO EN ESPECIE,FF2,FIDUCIARIO ESTRUCTURAL,ACCIONES / PARTES SOCIALES,9013,4,4,12,0.12,SÍ — vehículo
PATRIMONIO EN ESPECIE,FF2,FIDUCIARIO ESTRUCTURAL,DERECHOS DE COBRO / OTROS BIENES,9014,4,4,12,0.12,SÍ — vehículo
PATRIMONIO EN ESPECIE,FF2,FIDUCIARIO ESTRUCTURAL,MIXTO (EFECTIVO + ESPECIE),9015,3,3,12,0.12,SÍ — vehículo
VALOR DEL PATRIMONIO,FF3,FIDUCIARIO ESTRUCTURAL,HASTA 5 MDP,9021,1,1,12,0.12,SÍ — vehículo
VALOR DEL PATRIMONIO,FF3,FIDUCIARIO ESTRUCTURAL,DE 5 A 20 MDP,9022,2,2,12,0.12,SÍ — vehículo
VALOR DEL PATRIMONIO,FF3,FIDUCIARIO ESTRUCTURAL,DE 20 A 100 MDP,9023,3,3,12,0.12,SÍ — vehículo
VALOR DEL PATRIMONIO,FF3,FIDUCIARIO ESTRUCTURAL,DE 100 A 500 MDP,9024,4,4,12,0.12,SÍ — vehículo
VALOR DEL PATRIMONIO,FF3,FIDUCIARIO ESTRUCTURAL,MÁS DE 500 MDP,9025,5,5,12,0.12,SÍ — vehículo
ANTIGÜEDAD DEL FIDEICOMISO,FF4,FIDUCIARIO ESTRUCTURAL,MENOS DE 1 AÑO,9031,5,5,8,0.08,SÍ — vehículo
ANTIGÜEDAD DEL FIDEICOMISO,FF4,FIDUCIARIO ESTRUCTURAL,1 A 3 AÑOS,9032,4,4,8,0.08,SÍ — vehículo
ANTIGÜEDAD DEL FIDEICOMISO,FF4,FIDUCIARIO ESTRUCTURAL,3 A 10 AÑOS,9033,2,2,8,0.08,SÍ — vehículo
ANTIGÜEDAD DEL FIDEICOMISO,FF4,FIDUCIARIO ESTRUCTURAL,MÁS DE 10 AÑOS,9034,1,1,8,0.08,SÍ — vehículo
NÚMERO DE PARTES,FF5,FIDUCIARIO ESTRUCTURAL,2 A 3 PARTES,9041,1,1,10,0.1,SÍ — vehículo
NÚMERO DE PARTES,FF5,FIDUCIARIO ESTRUCTURAL,4 A 6 PARTES,9042,2,2,10,0.1,SÍ — vehículo
NÚMERO DE PARTES,FF5,FIDUCIARIO ESTRUCTURAL,7 A 10 PARTES,9043,3,3,10,0.1,SÍ — vehículo
NÚMERO DE PARTES,FF5,FIDUCIARIO ESTRUCTURAL,MÁS DE 10 PARTES O ESTRUCTURA EN CASCADA,9044,5,5,10,0.1,SÍ — vehículo
ACTIVIDAD VULNERABLE LFPIORPI,FF6,FIDUCIARIO ESTRUCTURAL,SIN ACTIVIDAD VULNERABLE (TIPO A),9051,1,1,15,0.15,SÍ — vehículo
ACTIVIDAD VULNERABLE LFPIORPI,FF6,FIDUCIARIO ESTRUCTURAL,AV POTENCIAL / EN DICTAMEN (TIPO C),9052,3,3,15,0.15,SÍ — vehículo
ACTIVIDAD VULNERABLE LFPIORPI,FF6,FIDUCIARIO ESTRUCTURAL,AV CONFIRMADA ART. 17 (TIPO B),9053,5,5,15,0.15,SÍ — vehículo
PROCEDENCIA DE LOS RECURSOS (FID),FF7,FIDUCIARIO ESTRUCTURAL,RECURSOS BANCARIZADOS CON SOPORTE,9061,1,1,10,0.1,SÍ — vehículo
PROCEDENCIA DE LOS RECURSOS (FID),FF7,FIDUCIARIO ESTRUCTURAL,VENTA DE ACTIVOS DOCUMENTADA,9062,2,2,10,0.1,SÍ — vehículo
PROCEDENCIA DE LOS RECURSOS (FID),FF7,FIDUCIARIO ESTRUCTURAL,APORTACIÓN EN ESPECIE SIN AVALÚO RECIENTE,9063,4,4,10,0.1,SÍ — vehículo
PROCEDENCIA DE LOS RECURSOS (FID),FF7,FIDUCIARIO ESTRUCTURAL,ORIGEN NO VERIFICABLE / EXTRANJERO SIN SOPORTE,9064,5,5,10,0.1,SÍ — vehículo
OPERACIONES USD / TRANSFRONTERIZAS (FID),FF8,FIDUCIARIO ESTRUCTURAL,SIN OPERACIONES USD NI EXTRANJERO,9071,1,1,8,0.08,SÍ — vehículo
OPERACIONES USD / TRANSFRONTERIZAS (FID),FF8,FIDUCIARIO ESTRUCTURAL,USD OCASIONAL / PARTE EXTRANJERA,9072,3,3,8,0.08,SÍ — vehículo
OPERACIONES USD / TRANSFRONTERIZAS (FID),FF8,FIDUCIARIO ESTRUCTURAL,FLUJOS RECURRENTES USD O JURISDICCIÓN DE RIESGO,9073,5,5,8,0.08,SÍ — vehículo
DESVIACIÓN DEL FIN (V2),FF9,FIDUCIARIO ESTRUCTURAL,SIN DESVIACIÓN DETECTADA / NO EVALUABLE (V1),9081,1,1,7,0.07,SÍ — vehículo (V2)
DESVIACIÓN DEL FIN (V2),FF9,FIDUCIARIO ESTRUCTURAL,OPERACIONES ATÍPICAS VS FIN DEL CONTRATO,9082,4,4,7,0.07,SÍ — vehículo (V2)
DESVIACIÓN DEL FIN (V2),FF9,FIDUCIARIO ESTRUCTURAL,OPERACIONES FUERA DEL OBJETO,9083,5,5,7,0.07,SÍ — vehículo (V2)
ROL EN EL FIDEICOMISO,FIR,FIDUCIARIO INTEGRANTE,FIDEICOMITENTE,9091,4,4,12,0.12,SÍ — integrante (rol)
ROL EN EL FIDEICOMISO,FIR,FIDUCIARIO INTEGRANTE,FIDEICOMITENTE-FIDEICOMISARIO (DOBLE ROL),9092,5,5,12,0.12,SÍ — integrante (rol)
ROL EN EL FIDEICOMISO,FIR,FIDUCIARIO INTEGRANTE,MIEMBRO DEL COMITÉ TÉCNICO,9093,4,4,12,0.12,SÍ — integrante (rol)
ROL EN EL FIDEICOMISO,FIR,FIDUCIARIO INTEGRANTE,FIDEICOMISARIO,9094,3,3,12,0.12,SÍ — integrante (rol)
ROL EN EL FIDEICOMISO,FIR,FIDUCIARIO INTEGRANTE,APODERADO / DELEGADO,9095,3,3,12,0.12,SÍ — integrante (rol)
ROL EN EL FIDEICOMISO,FIR,FIDUCIARIO INTEGRANTE,TERCERO / GARANTE / DEPOSITARIO,9096,2,2,12,0.12,SÍ — integrante (rol)
TIPO DE PERSONA (OPERATIVO V1),FI1,OPERATIVO V1,PF NACIONAL,9101,1,1,15,0.15,SÍ — integrante (catálogo operativo app)
TIPO DE PERSONA (OPERATIVO V1),FI1,OPERATIVO V1,PF CON ACTIVIDAD EMPRESARIAL,9102,2,2,15,0.15,SÍ — integrante (catálogo operativo app)
TIPO DE PERSONA (OPERATIVO V1),FI1,OPERATIVO V1,PM NACIONAL,9103,3,3,15,0.15,SÍ — integrante (catálogo operativo app)
TIPO DE PERSONA (OPERATIVO V1),FI1,OPERATIVO V1,MANDATO,9104,4,4,15,0.15,SÍ — integrante (catálogo operativo app)
TIPO DE PERSONA (OPERATIVO V1),FI1,OPERATIVO V1,PM EXTRANJERA,9105,5,5,15,0.15,SÍ — integrante (catálogo operativo app)
TIPO DE PERSONA (OPERATIVO V1),FI1,OPERATIVO V1,FIDEICOMISO / VEHÍCULO,9106,5,5,15,0.15,SÍ — integrante (catálogo operativo app)
ACTIVIDAD ECONÓMICA (OPERATIVO V1),FI2,OPERATIVO V1,SIN ACTIVIDAD DE RIESGO / ASALARIADO,9111,1,1,23,0.23,SÍ — integrante (catálogo operativo app)
ACTIVIDAD ECONÓMICA (OPERATIVO V1),FI2,OPERATIVO V1,SERVICIOS PROFESIONALES,9112,2,2,23,0.23,SÍ — integrante (catálogo operativo app)
ACTIVIDAD ECONÓMICA (OPERATIVO V1),FI2,OPERATIVO V1,COMERCIO GENERAL,9113,2,2,23,0.23,SÍ — integrante (catálogo operativo app)
ACTIVIDAD ECONÓMICA (OPERATIVO V1),FI2,OPERATIVO V1,INSTITUCIÓN DE CRÉDITO (BANCO),9114,2,2,23,0.23,SÍ — integrante (catálogo operativo app)
ACTIVIDAD ECONÓMICA (OPERATIVO V1),FI2,OPERATIVO V1,SECTOR FINANCIERO REGULADO,9115,3,3,23,0.23,SÍ — integrante (catálogo operativo app)
ACTIVIDAD ECONÓMICA (OPERATIVO V1),FI2,OPERATIVO V1,NO CAPTURADA,9116,3,3,23,0.23,SÍ — integrante (catálogo operativo app)
ACTIVIDAD ECONÓMICA (OPERATIVO V1),FI2,OPERATIVO V1,INMOBILIARIO / CONSTRUCCIÓN,9117,4,4,23,0.23,SÍ — integrante (catálogo operativo app)
ACTIVIDAD ECONÓMICA (OPERATIVO V1),FI2,OPERATIVO V1,ENTIDAD AUXILIAR DEL CRÉDITO (SOFOM/SOFIPO/ARRENDADORA/ASEGURADORA),9118,4,4,23,0.23,SÍ — integrante (catálogo operativo app)
ACTIVIDAD ECONÓMICA (OPERATIVO V1),FI2,OPERATIVO V1,COMERCIO EXTERIOR,9119,4,4,23,0.23,SÍ — integrante (catálogo operativo app)
ACTIVIDAD ECONÓMICA (OPERATIVO V1),FI2,OPERATIVO V1,EFECTIVO INTENSIVO,9120,5,5,23,0.23,SÍ — integrante (catálogo operativo app)
PAÍS (OPERATIVO V1),FI3-FI5,OPERATIVO V1,MÉXICO,9121,1,1,11,0.11,SÍ — integrante (catálogo operativo app)
PAÍS (OPERATIVO V1),FI3-FI5,OPERATIVO V1,NORTEAMÉRICA / EUROPA (BAJO RIESGO),9122,2,2,11,0.11,SÍ — integrante (catálogo operativo app)
PAÍS (OPERATIVO V1),FI3-FI5,OPERATIVO V1,OTRO PAÍS,9123,3,3,11,0.11,SÍ — integrante (catálogo operativo app)
PAÍS (OPERATIVO V1),FI3-FI5,OPERATIVO V1,RÉGIMEN FISCAL PREFERENTE,9124,4,4,11,0.11,SÍ — integrante (catálogo operativo app)
PAÍS (OPERATIVO V1),FI3-FI5,OPERATIVO V1,LISTA GAFI GRIS,9125,5,5,11,0.11,SÍ — integrante (catálogo operativo app)
PAÍS (OPERATIVO V1),FI3-FI5,OPERATIVO V1,LISTA GAFI NEGRA / SANCIONADO,9126,5,5,11,0.11,SÍ — integrante (catálogo operativo app)
ESTADO DEL DOMICILIO (OPERATIVO V1),FI6,OPERATIVO V1,BAJA INCIDENCIA DELICTIVA,9131,1,1,12,0.12,SÍ — integrante (catálogo operativo app)
ESTADO DEL DOMICILIO (OPERATIVO V1),FI6,OPERATIVO V1,INCIDENCIA MEDIA,9132,2,2,12,0.12,SÍ — integrante (catálogo operativo app)
ESTADO DEL DOMICILIO (OPERATIVO V1),FI6,OPERATIVO V1,DOMICILIO EN EL EXTRANJERO,9133,3,3,12,0.12,SÍ — integrante (catálogo operativo app)
ESTADO DEL DOMICILIO (OPERATIVO V1),FI6,OPERATIVO V1,ALTA INCIDENCIA DELICTIVA,9134,4,4,12,0.12,SÍ — integrante (catálogo operativo app)
ESTADO DEL DOMICILIO (OPERATIVO V1),FI6,OPERATIVO V1,FRONTERA / PUERTO,9135,4,4,12,0.12,SÍ — integrante (catálogo operativo app)
EDAD / CONSTITUCIÓN (OPERATIVO V1),FI7,OPERATIVO V1,MÁS DE 10 AÑOS,9141,1,1,7,0.07,SÍ — integrante (catálogo operativo app)
EDAD / CONSTITUCIÓN (OPERATIVO V1),FI7,OPERATIVO V1,3 A 10 AÑOS,9142,2,2,7,0.07,SÍ — integrante (catálogo operativo app)
EDAD / CONSTITUCIÓN (OPERATIVO V1),FI7,OPERATIVO V1,1 A 3 AÑOS,9143,4,4,7,0.07,SÍ — integrante (catálogo operativo app)
EDAD / CONSTITUCIÓN (OPERATIVO V1),FI7,OPERATIVO V1,MENOS DE 1 AÑO,9144,5,5,7,0.07,SÍ — integrante (catálogo operativo app)
